value,tab,tab_label,cat01,cat01_label,cat02,cat02_label,time,time_label,unit
3443,620,企業数、売上高,100,計,100,企業数,2015100000,2015年度,社
3433,620,企業数、売上高,100,計,100,企業数,2014100000,2014年度,社
3382,620,企業数、売上高,100,計,100,企業数,2013100000,2013年度,社
3437,620,企業数、売上高,100,計,100,企業数,2012100000,2012年度,社
3075,620,企業数、売上高,100,計,100,企業数,2011100000,2011年度,社
2926,620,企業数、売上高,100,計,100,企業数,2010100000,2010年度,社
3443,620,企業数、売上高,100,計,110,回答企業数,2015100000,2015年度,社
3433,620,企業数、売上高,100,計,110,回答企業数,2014100000,2014年度,社
3380,620,企業数、売上高,100,計,110,回答企業数,2013100000,2013年度,社
3436,620,企業数、売上高,100,計,110,回答企業数,2012100000,2012年度,社
3064,620,企業数、売上高,100,計,110,回答企業数,2011100000,2011年度,社
3127,620,企業数、売上高,100,計,120,国内のみ,2015100000,2015年度,社
3147,620,企業数、売上高,100,計,120,国内のみ,2014100000,2014年度,社
3113,620,企業数、売上高,100,計,120,国内のみ,2013100000,2013年度,社
3177,620,企業数、売上高,100,計,120,国内のみ,2012100000,2012年度,社
2836,620,企業数、売上高,100,計,120,国内のみ,2011100000,2011年度,社
316,620,企業数、売上高,100,計,130,国内及び海外,2015100000,2015年度,社
284,620,企業数、売上高,100,計,130,国内及び海外,2014100000,2014年度,社
264,620,企業数、売上高,100,計,130,国内及び海外,2013100000,2013年度,社
250,620,企業数、売上高,100,計,130,国内及び海外,2012100000,2012年度,社
222,620,企業数、売上高,100,計,130,国内及び海外,2011100000,2011年度,社
-,620,企業数、売上高,100,計,140,海外のみ,2015100000,2015年度,社
2,620,企業数、売上高,100,計,140,海外のみ,2014100000,2014年度,社
3,620,企業数、売上高,100,計,140,海外のみ,2013100000,2013年度,社
9,620,企業数、売上高,100,計,140,海外のみ,2012100000,2012年度,社
6,620,企業数、売上高,100,計,140,海外のみ,2011100000,2011年度,社
14899111,620,企業数、売上高,100,計,150,売上高合計,2015100000,2015年度,百万円
14380319,620,企業数、売上高,100,計,150,売上高合計,2014100000,2014年度,百万円
13998464,620,企業数、売上高,100,計,150,売上高合計,2013100000,2013年度,百万円
13622118,620,企業数、売上高,100,計,150,売上高合計,2012100000,2012年度,百万円
12128748,620,企業数、売上高,100,計,150,売上高合計,2011100000,2011年度,百万円
10060097,620,企業数、売上高,100,計,150,売上高合計,2010100000,2010年度,百万円
648812,620,企業数、売上高,100,計,160,売上高_うち、海外,2015100000,2015年度,百万円
606031,620,企業数、売上高,100,計,160,売上高_うち、海外,2014100000,2014年度,百万円
506915,620,企業数、売上高,100,計,160,売上高_うち、海外,2013100000,2013年度,百万円
352926,620,企業数、売上高,100,計,160,売上高_うち、海外,2012100000,2012年度,百万円
89353,620,企業数、売上高,100,計,160,売上高_うち、海外,2011100000,2011年度,百万円
263399,620,企業数、売上高,100,計,160,売上高_うち、海外,2010100000,2010年度,百万円
6924943,620,企業数、売上高,100,計,170,受託開発ソフトウェア業,2015100000,2015年度,百万円
6688187,620,企業数、売上高,100,計,170,受託開発ソフトウェア業,2014100000,2014年度,百万円
6318911,620,企業数、売上高,100,計,170,受託開発ソフトウェア業,2013100000,2013年度,百万円
6120315,620,企業数、売上高,100,計,170,受託開発ソフトウェア業,2012100000,2012年度,百万円
5781104,620,企業数、売上高,100,計,170,受託開発ソフトウェア業,2011100000,2011年度,百万円
4315617,620,企業数、売上高,100,計,170,受託開発ソフトウェア業,2010100000,2010年度,百万円
308737,620,企業数、売上高,100,計,180,受託開発ソフトウェア業_うち、海外,2015100000,2015年度,百万円
286454,620,企業数、売上高,100,計,180,受託開発ソフトウェア業_うち、海外,2014100000,2014年度,百万円
247549,620,企業数、売上高,100,計,180,受託開発ソフトウェア業_うち、海外,2013100000,2013年度,百万円
239250,620,企業数、売上高,100,計,180,受託開発ソフトウェア業_うち、海外,2012100000,2012年度,百万円
22986,620,企業数、売上高,100,計,180,受託開発ソフトウェア業_うち、海外,2011100000,2011年度,百万円
114474,620,企業数、売上高,100,計,180,受託開発ソフトウェア業_うち、海外,2010100000,2010年度,百万円
223139,620,企業数、売上高,100,計,190,組込みソフトウェア業,2015100000,2015年度,百万円
248357,620,企業数、売上高,100,計,190,組込みソフトウェア業,2014100000,2014年度,百万円
263640,620,企業数、売上高,100,計,190,組込みソフトウェア業,2013100000,2013年度,百万円
315392,620,企業数、売上高,100,計,190,組込みソフトウェア業,2012100000,2012年度,百万円
266975,620,企業数、売上高,100,計,190,組込みソフトウェア業,2011100000,2011年度,百万円
293337,620,企業数、売上高,100,計,190,組込みソフトウェア業,2010100000,2010年度,百万円
2580,620,企業数、売上高,100,計,200,組込みソフトウェア業_うち、海外,2015100000,2015年度,百万円
2283,620,企業数、売上高,100,計,200,組込みソフトウェア業_うち、海外,2014100000,2014年度,百万円
1930,620,企業数、売上高,100,計,200,組込みソフトウェア業_うち、海外,2013100000,2013年度,百万円
2175,620,企業数、売上高,100,計,200,組込みソフトウェア業_うち、海外,2012100000,2012年度,百万円
3203,620,企業数、売上高,100,計,200,組込みソフトウェア業_うち、海外,2011100000,2011年度,百万円
6812,620,企業数、売上高,100,計,200,組込みソフトウェア業_うち、海外,2010100000,2010年度,百万円
758330,620,企業数、売上高,100,計,210,パッケージソフトウェア業,2015100000,2015年度,百万円
748206,620,企業数、売上高,100,計,210,パッケージソフトウェア業,2014100000,2014年度,百万円
726551,620,企業数、売上高,100,計,210,パッケージソフトウェア業,2013100000,2013年度,百万円
671324,620,企業数、売上高,100,計,210,パッケージソフトウェア業,2012100000,2012年度,百万円
642864,620,企業数、売上高,100,計,210,パッケージソフトウェア業,2011100000,2011年度,百万円
646105,620,企業数、売上高,100,計,210,パッケージソフトウェア業,2010100000,2010年度,百万円
7052,620,企業数、売上高,100,計,220,パッケージソフトウェア業_うち、海外,2015100000,2015年度,百万円
6812,620,企業数、売上高,100,計,220,パッケージソフトウェア業_うち、海外,2014100000,2014年度,百万円
2139,620,企業数、売上高,100,計,220,パッケージソフトウェア業_うち、海外,2013100000,2013年度,百万円
3156,620,企業数、売上高,100,計,220,パッケージソフトウェア業_うち、海外,2012100000,2012年度,百万円
2113,620,企業数、売上高,100,計,220,パッケージソフトウェア業_うち、海外,2011100000,2011年度,百万円
10867,620,企業数、売上高,100,計,220,パッケージソフトウェア業_うち、海外,2010100000,2010年度,百万円
647982,620,企業数、売上高,100,計,230,ゲームソフトウェア業,2015100000,2015年度,百万円
554443,620,企業数、売上高,100,計,230,ゲームソフトウェア業,2014100000,2014年度,百万円
471053,620,企業数、売上高,100,計,230,ゲームソフトウェア業,2013100000,2013年度,百万円
283922,620,企業数、売上高,100,計,230,ゲームソフトウェア業,2012100000,2012年度,百万円
146902,620,企業数、売上高,100,計,230,ゲームソフトウェア業,2011100000,2011年度,百万円
122984,620,企業数、売上高,100,計,230,ゲームソフトウェア業,2010100000,2010年度,百万円
167039,620,企業数、売上高,100,計,240,ゲームソフトウェア業_うち、海外,2015100000,2015年度,百万円
153506,620,企業数、売上高,100,計,240,ゲームソフトウェア業_うち、海外,2014100000,2014年度,百万円
107031,620,企業数、売上高,100,計,240,ゲームソフトウェア業_うち、海外,2013100000,2013年度,百万円
54261,620,企業数、売上高,100,計,240,ゲームソフトウェア業_うち、海外,2012100000,2012年度,百万円
10576,620,企業数、売上高,100,計,240,ゲームソフトウェア業_うち、海外,2011100000,2011年度,百万円
11525,620,企業数、売上高,100,計,240,ゲームソフトウェア業_うち、海外,2010100000,2010年度,百万円
3128160,620,企業数、売上高,100,計,250,情報処理サービス業,2015100000,2015年度,百万円
3050621,620,企業数、売上高,100,計,250,情報処理サービス業,2014100000,2014年度,百万円
3060246,620,企業数、売上高,100,計,250,情報処理サービス業,2013100000,2013年度,百万円
3041793,620,企業数、売上高,100,計,250,情報処理サービス業,2012100000,2012年度,百万円
2892990,620,企業数、売上高,100,計,250,情報処理サービス業,2011100000,2011年度,百万円
2436618,620,企業数、売上高,100,計,250,情報処理サービス業,2010100000,2010年度,百万円
149465,620,企業数、売上高,100,計,260,情報処理サービス業_うち、海外,2015100000,2015年度,百万円
145003,620,企業数、売上高,100,計,260,情報処理サービス業_うち、海外,2014100000,2014年度,百万円
136204,620,企業数、売上高,100,計,260,情報処理サービス業_うち、海外,2013100000,2013年度,百万円
33555,620,企業数、売上高,100,計,260,情報処理サービス業_うち、海外,2012100000,2012年度,百万円
29547,620,企業数、売上高,100,計,260,情報処理サービス業_うち、海外,2011100000,2011年度,百万円
75776,620,企業数、売上高,100,計,260,情報処理サービス業_うち、海外,2010100000,2010年度,百万円
202244,620,企業数、売上高,100,計,270,情報提供サービス業,2015100000,2015年度,百万円
241588,620,企業数、売上高,100,計,270,情報提供サービス業,2014100000,2014年度,百万円
247033,620,企業数、売上高,100,計,270,情報提供サービス業,2013100000,2013年度,百万円
296035,620,企業数、売上高,100,計,270,情報提供サービス業,2012100000,2012年度,百万円
275673,620,企業数、売上高,100,計,270,情報提供サービス業,2011100000,2011年度,百万円
479627,620,企業数、売上高,100,計,270,情報提供サービス業,2010100000,2010年度,百万円
1449,620,企業数、売上高,100,計,280,情報提供サービス業_うち、海外,2015100000,2015年度,百万円
1204,620,企業数、売上高,100,計,280,情報提供サービス業_うち、海外,2014100000,2014年度,百万円
1208,620,企業数、売上高,100,計,280,情報提供サービス業_うち、海外,2013100000,2013年度,百万円
4161,620,企業数、売上高,100,計,280,情報提供サービス業_うち、海外,2012100000,2012年度,百万円
4626,620,企業数、売上高,100,計,280,情報提供サービス業_うち、海外,2011100000,2011年度,百万円
11147,620,企業数、売上高,100,計,280,情報提供サービス業_うち、海外,2010100000,2010年度,百万円
137488,620,企業数、売上高,100,計,290,市場調査・世論調査・社会調査業,2015100000,2015年度,百万円
95870,620,企業数、売上高,100,計,290,市場調査・世論調査・社会調査業,2014100000,2014年度,百万円
3861,620,企業数、売上高,100,計,300,市場調査・世論調査・社会調査業_うち、海外,2015100000,2015年度,百万円
2291,620,企業数、売上高,100,計,300,市場調査・世論調査・社会調査業_うち、海外,2014100000,2014年度,百万円
2876825,620,企業数、売上高,100,計,310,その他の情報サービス業,2015100000,2015年度,百万円
2753047,620,企業数、売上高,100,計,310,その他の情報サービス業,2014100000,2014年度,百万円
2911030,620,企業数、売上高,100,計,310,その他の情報サービス業,2013100000,2013年度,百万円
2893337,620,企業数、売上高,100,計,310,その他の情報サービス業,2012100000,2012年度,百万円
2122240,620,企業数、売上高,100,計,310,その他の情報サービス業,2011100000,2011年度,百万円
1765809,620,企業数、売上高,100,計,310,その他の情報サービス業,2010100000,2010年度,百万円
8629,620,企業数、売上高,100,計,320,その他の情報サービス業_うち、海外,2015100000,2015年度,百万円
8478,620,企業数、売上高,100,計,320,その他の情報サービス業_うち、海外,2014100000,2014年度,百万円
10854,620,企業数、売上高,100,計,320,その他の情報サービス業_うち、海外,2013100000,2013年度,百万円
16368,620,企業数、売上高,100,計,320,その他の情報サービス業_うち、海外,2012100000,2012年度,百万円
16302,620,企業数、売上高,100,計,320,その他の情報サービス業_うち、海外,2011100000,2011年度,百万円
32070,620,企業数、売上高,100,計,320,その他の情報サービス業_うち、海外,2010100000,2010年度,百万円
1100,620,企業数、売上高,120,49人以下,100,企業数,2015100000,2015年度,社
1120,620,企業数、売上高,120,49人以下,100,企業数,2014100000,2014年度,社
1171,620,企業数、売上高,120,49人以下,100,企業数,2013100000,2013年度,社
1160,620,企業数、売上高,120,49人以下,100,企業数,2012100000,2012年度,社
1006,620,企業数、売上高,120,49人以下,100,企業数,2011100000,2011年度,社
1041,620,企業数、売上高,120,49人以下,100,企業数,2010100000,2010年度,社
1100,620,企業数、売上高,120,49人以下,110,回答企業数,2015100000,2015年度,社
1120,620,企業数、売上高,120,49人以下,110,回答企業数,2014100000,2014年度,社
1170,620,企業数、売上高,120,49人以下,110,回答企業数,2013100000,2013年度,社
1160,620,企業数、売上高,120,49人以下,110,回答企業数,2012100000,2012年度,社
1001,620,企業数、売上高,120,49人以下,110,回答企業数,2011100000,2011年度,社
1035,620,企業数、売上高,120,49人以下,120,国内のみ,2015100000,2015年度,社
1054,620,企業数、売上高,120,49人以下,120,国内のみ,2014100000,2014年度,社
1097,620,企業数、売上高,120,49人以下,120,国内のみ,2013100000,2013年度,社
1095,620,企業数、売上高,120,49人以下,120,国内のみ,2012100000,2012年度,社
946,620,企業数、売上高,120,49人以下,120,国内のみ,2011100000,2011年度,社
65,620,企業数、売上高,120,49人以下,130,国内及び海外,2015100000,2015年度,社
64,620,企業数、売上高,120,49人以下,130,国内及び海外,2014100000,2014年度,社
71,620,企業数、売上高,120,49人以下,130,国内及び海外,2013100000,2013年度,社
61,620,企業数、売上高,120,49人以下,130,国内及び海外,2012100000,2012年度,社
54,620,企業数、売上高,120,49人以下,130,国内及び海外,2011100000,2011年度,社
-,620,企業数、売上高,120,49人以下,140,海外のみ,2015100000,2015年度,社
2,620,企業数、売上高,120,49人以下,140,海外のみ,2014100000,2014年度,社
2,620,企業数、売上高,120,49人以下,140,海外のみ,2013100000,2013年度,社
4,620,企業数、売上高,120,49人以下,140,海外のみ,2012100000,2012年度,社
1,620,企業数、売上高,120,49人以下,140,海外のみ,2011100000,2011年度,社
387450,620,企業数、売上高,120,49人以下,150,売上高合計,2015100000,2015年度,百万円
383554,620,企業数、売上高,120,49人以下,150,売上高合計,2014100000,2014年度,百万円
412443,620,企業数、売上高,120,49人以下,150,売上高合計,2013100000,2013年度,百万円
393515,620,企業数、売上高,120,49人以下,150,売上高合計,2012100000,2012年度,百万円
348404,620,企業数、売上高,120,49人以下,150,売上高合計,2011100000,2011年度,百万円
358363,620,企業数、売上高,120,49人以下,150,売上高合計,2010100000,2010年度,百万円
1808,620,企業数、売上高,120,49人以下,160,売上高_うち、海外,2015100000,2015年度,百万円
3586,620,企業数、売上高,120,49人以下,160,売上高_うち、海外,2014100000,2014年度,百万円
3849,620,企業数、売上高,120,49人以下,160,売上高_うち、海外,2013100000,2013年度,百万円
6333,620,企業数、売上高,120,49人以下,160,売上高_うち、海外,2012100000,2012年度,百万円
4889,620,企業数、売上高,120,49人以下,160,売上高_うち、海外,2011100000,2011年度,百万円
11325,620,企業数、売上高,120,49人以下,160,売上高_うち、海外,2010100000,2010年度,百万円
167375,620,企業数、売上高,120,49人以下,170,受託開発ソフトウェア業,2015100000,2015年度,百万円
155273,620,企業数、売上高,120,49人以下,170,受託開発ソフトウェア業,2014100000,2014年度,百万円
158893,620,企業数、売上高,120,49人以下,170,受託開発ソフトウェア業,2013100000,2013年度,百万円
143376,620,企業数、売上高,120,49人以下,170,受託開発ソフトウェア業,2012100000,2012年度,百万円
126205,620,企業数、売上高,120,49人以下,170,受託開発ソフトウェア業,2011100000,2011年度,百万円
125338,620,企業数、売上高,120,49人以下,170,受託開発ソフトウェア業,2010100000,2010年度,百万円
278,620,企業数、売上高,120,49人以下,180,受託開発ソフトウェア業_うち、海外,2015100000,2015年度,百万円
1467,620,企業数、売上高,120,49人以下,180,受託開発ソフトウェア業_うち、海外,2014100000,2014年度,百万円
933,620,企業数、売上高,120,49人以下,180,受託開発ソフトウェア業_うち、海外,2013100000,2013年度,百万円
1159,620,企業数、売上高,120,49人以下,180,受託開発ソフトウェア業_うち、海外,2012100000,2012年度,百万円
552,620,企業数、売上高,120,49人以下,180,受託開発ソフトウェア業_うち、海外,2011100000,2011年度,百万円
5746,620,企業数、売上高,120,49人以下,180,受託開発ソフトウェア業_うち、海外,2010100000,2010年度,百万円
8179,620,企業数、売上高,120,49人以下,190,組込みソフトウェア業,2015100000,2015年度,百万円
7997,620,企業数、売上高,120,49人以下,190,組込みソフトウェア業,2014100000,2014年度,百万円
12322,620,企業数、売上高,120,49人以下,190,組込みソフトウェア業,2013100000,2013年度,百万円
9999,620,企業数、売上高,120,49人以下,190,組込みソフトウェア業,2012100000,2012年度,百万円
10296,620,企業数、売上高,120,49人以下,190,組込みソフトウェア業,2011100000,2011年度,百万円
6970,620,企業数、売上高,120,49人以下,190,組込みソフトウェア業,2010100000,2010年度,百万円
5,620,企業数、売上高,120,49人以下,200,組込みソフトウェア業_うち、海外,2015100000,2015年度,百万円
191,620,企業数、売上高,120,49人以下,200,組込みソフトウェア業_うち、海外,2014100000,2014年度,百万円
31,620,企業数、売上高,120,49人以下,200,組込みソフトウェア業_うち、海外,2013100000,2013年度,百万円
115,620,企業数、売上高,120,49人以下,200,組込みソフトウェア業_うち、海外,2012100000,2012年度,百万円
611,620,企業数、売上高,120,49人以下,200,組込みソフトウェア業_うち、海外,2011100000,2011年度,百万円
127,620,企業数、売上高,120,49人以下,200,組込みソフトウェア業_うち、海外,2010100000,2010年度,百万円
36528,620,企業数、売上高,120,49人以下,210,パッケージソフトウェア業,2015100000,2015年度,百万円
40176,620,企業数、売上高,120,49人以下,210,パッケージソフトウェア業,2014100000,2014年度,百万円
37378,620,企業数、売上高,120,49人以下,210,パッケージソフトウェア業,2013100000,2013年度,百万円
39958,620,企業数、売上高,120,49人以下,210,パッケージソフトウェア業,2012100000,2012年度,百万円
35868,620,企業数、売上高,120,49人以下,210,パッケージソフトウェア業,2011100000,2011年度,百万円
46493,620,企業数、売上高,120,49人以下,210,パッケージソフトウェア業,2010100000,2010年度,百万円
567,620,企業数、売上高,120,49人以下,220,パッケージソフトウェア業_うち、海外,2015100000,2015年度,百万円
450,620,企業数、売上高,120,49人以下,220,パッケージソフトウェア業_うち、海外,2014100000,2014年度,百万円
384,620,企業数、売上高,120,49人以下,220,パッケージソフトウェア業_うち、海外,2013100000,2013年度,百万円
991,620,企業数、売上高,120,49人以下,220,パッケージソフトウェア業_うち、海外,2012100000,2012年度,百万円
703,620,企業数、売上高,120,49人以下,220,パッケージソフトウェア業_うち、海外,2011100000,2011年度,百万円
1640,620,企業数、売上高,120,49人以下,220,パッケージソフトウェア業_うち、海外,2010100000,2010年度,百万円
8390,620,企業数、売上高,120,49人以下,230,ゲームソフトウェア業,2015100000,2015年度,百万円
9100,620,企業数、売上高,120,49人以下,230,ゲームソフトウェア業,2014100000,2014年度,百万円
8045,620,企業数、売上高,120,49人以下,230,ゲームソフトウェア業,2013100000,2013年度,百万円
10084,620,企業数、売上高,120,49人以下,230,ゲームソフトウェア業,2012100000,2012年度,百万円
13090,620,企業数、売上高,120,49人以下,230,ゲームソフトウェア業,2011100000,2011年度,百万円
7903,620,企業数、売上高,120,49人以下,230,ゲームソフトウェア業,2010100000,2010年度,百万円
337,620,企業数、売上高,120,49人以下,240,ゲームソフトウェア業_うち、海外,2015100000,2015年度,百万円
517,620,企業数、売上高,120,49人以下,240,ゲームソフトウェア業_うち、海外,2014100000,2014年度,百万円
290,620,企業数、売上高,120,49人以下,240,ゲームソフトウェア業_うち、海外,2013100000,2013年度,百万円
1239,620,企業数、売上高,120,49人以下,240,ゲームソフトウェア業_うち、海外,2012100000,2012年度,百万円
1251,620,企業数、売上高,120,49人以下,240,ゲームソフトウェア業_うち、海外,2011100000,2011年度,百万円
208,620,企業数、売上高,120,49人以下,240,ゲームソフトウェア業_うち、海外,2010100000,2010年度,百万円
92165,620,企業数、売上高,120,49人以下,250,情報処理サービス業,2015100000,2015年度,百万円
86917,620,企業数、売上高,120,49人以下,250,情報処理サービス業,2014100000,2014年度,百万円
113944,620,企業数、売上高,120,49人以下,250,情報処理サービス業,2013100000,2013年度,百万円
108152,620,企業数、売上高,120,49人以下,250,情報処理サービス業,2012100000,2012年度,百万円
92980,620,企業数、売上高,120,49人以下,250,情報処理サービス業,2011100000,2011年度,百万円
86180,620,企業数、売上高,120,49人以下,250,情報処理サービス業,2010100000,2010年度,百万円
120,620,企業数、売上高,120,49人以下,260,情報処理サービス業_うち、海外,2015100000,2015年度,百万円
553,620,企業数、売上高,120,49人以下,260,情報処理サービス業_うち、海外,2014100000,2014年度,百万円
1722,620,企業数、売上高,120,49人以下,260,情報処理サービス業_うち、海外,2013100000,2013年度,百万円
2443,620,企業数、売上高,120,49人以下,260,情報処理サービス業_うち、海外,2012100000,2012年度,百万円
1345,620,企業数、売上高,120,49人以下,260,情報処理サービス業_うち、海外,2011100000,2011年度,百万円
1838,620,企業数、売上高,120,49人以下,260,情報処理サービス業_うち、海外,2010100000,2010年度,百万円
14240,620,企業数、売上高,120,49人以下,270,情報提供サービス業,2015100000,2015年度,百万円
25142,620,企業数、売上高,120,49人以下,270,情報提供サービス業,2014100000,2014年度,百万円
23781,620,企業数、売上高,120,49人以下,270,情報提供サービス業,2013100000,2013年度,百万円
22914,620,企業数、売上高,120,49人以下,270,情報提供サービス業,2012100000,2012年度,百万円
23896,620,企業数、売上高,120,49人以下,270,情報提供サービス業,2011100000,2011年度,百万円
32600,620,企業数、売上高,120,49人以下,270,情報提供サービス業,2010100000,2010年度,百万円
121,620,企業数、売上高,120,49人以下,280,情報提供サービス業_うち、海外,2015100000,2015年度,百万円
144,620,企業数、売上高,120,49人以下,280,情報提供サービス業_うち、海外,2014100000,2014年度,百万円
200,620,企業数、売上高,120,49人以下,280,情報提供サービス業_うち、海外,2013100000,2013年度,百万円
158,620,企業数、売上高,120,49人以下,280,情報提供サービス業_うち、海外,2012100000,2012年度,百万円
184,620,企業数、売上高,120,49人以下,280,情報提供サービス業_うち、海外,2011100000,2011年度,百万円
610,620,企業数、売上高,120,49人以下,280,情報提供サービス業_うち、海外,2010100000,2010年度,百万円
7001,620,企業数、売上高,120,49人以下,290,市場調査・世論調査・社会調査業,2015100000,2015年度,百万円
5634,620,企業数、売上高,120,49人以下,290,市場調査・世論調査・社会調査業,2014100000,2014年度,百万円
130,620,企業数、売上高,120,49人以下,300,市場調査・世論調査・社会調査業_うち、海外,2015100000,2015年度,百万円
88,620,企業数、売上高,120,49人以下,300,市場調査・世論調査・社会調査業_うち、海外,2014100000,2014年度,百万円
53572,620,企業数、売上高,120,49人以下,310,その他の情報サービス業,2015100000,2015年度,百万円
53315,620,企業数、売上高,120,49人以下,310,その他の情報サービス業,2014100000,2014年度,百万円
58080,620,企業数、売上高,120,49人以下,310,その他の情報サービス業,2013100000,2013年度,百万円
59032,620,企業数、売上高,120,49人以下,310,その他の情報サービス業,2012100000,2012年度,百万円
46069,620,企業数、売上高,120,49人以下,310,その他の情報サービス業,2011100000,2011年度,百万円
52879,620,企業数、売上高,120,49人以下,310,その他の情報サービス業,2010100000,2010年度,百万円
250,620,企業数、売上高,120,49人以下,320,その他の情報サービス業_うち、海外,2015100000,2015年度,百万円
176,620,企業数、売上高,120,49人以下,320,その他の情報サービス業_うち、海外,2014100000,2014年度,百万円
289,620,企業数、売上高,120,49人以下,320,その他の情報サービス業_うち、海外,2013100000,2013年度,百万円
228,620,企業数、売上高,120,49人以下,320,その他の情報サービス業_うち、海外,2012100000,2012年度,百万円
243,620,企業数、売上高,120,49人以下,320,その他の情報サービス業_うち、海外,2011100000,2011年度,百万円
1133,620,企業数、売上高,120,49人以下,320,その他の情報サービス業_うち、海外,2010100000,2010年度,百万円
812,620,企業数、売上高,200,50人～99人,100,企業数,2015100000,2015年度,社
820,620,企業数、売上高,200,50人～99人,100,企業数,2014100000,2014年度,社
785,620,企業数、売上高,200,50人～99人,100,企業数,2013100000,2013年度,社
816,620,企業数、売上高,200,50人～99人,100,企業数,2012100000,2012年度,社
721,620,企業数、売上高,200,50人～99人,100,企業数,2011100000,2011年度,社
714,620,企業数、売上高,200,50人～99人,100,企業数,2010100000,2010年度,社
812,620,企業数、売上高,200,50人～99人,110,回答企業数,2015100000,2015年度,社
820,620,企業数、売上高,200,50人～99人,110,回答企業数,2014100000,2014年度,社
785,620,企業数、売上高,200,50人～99人,110,回答企業数,2013100000,2013年度,社
816,620,企業数、売上高,200,50人～99人,110,回答企業数,2012100000,2012年度,社
717,620,企業数、売上高,200,50人～99人,110,回答企業数,2011100000,2011年度,社
750,620,企業数、売上高,200,50人～99人,120,国内のみ,2015100000,2015年度,社
763,620,企業数、売上高,200,50人～99人,120,国内のみ,2014100000,2014年度,社
737,620,企業数、売上高,200,50人～99人,120,国内のみ,2013100000,2013年度,社
757,620,企業数、売上高,200,50人～99人,120,国内のみ,2012100000,2012年度,社
672,620,企業数、売上高,200,50人～99人,120,国内のみ,2011100000,2011年度,社
62,620,企業数、売上高,200,50人～99人,130,国内及び海外,2015100000,2015年度,社
57,620,企業数、売上高,200,50人～99人,130,国内及び海外,2014100000,2014年度,社
47,620,企業数、売上高,200,50人～99人,130,国内及び海外,2013100000,2013年度,社
57,620,企業数、売上高,200,50人～99人,130,国内及び海外,2012100000,2012年度,社
44,620,企業数、売上高,200,50人～99人,130,国内及び海外,2011100000,2011年度,社
-,620,企業数、売上高,200,50人～99人,140,海外のみ,2015100000,2015年度,社
-,620,企業数、売上高,200,50人～99人,140,海外のみ,2014100000,2014年度,社
1,620,企業数、売上高,200,50人～99人,140,海外のみ,2013100000,2013年度,社
2,620,企業数、売上高,200,50人～99人,140,海外のみ,2012100000,2012年度,社
1,620,企業数、売上高,200,50人～99人,140,海外のみ,2011100000,2011年度,社
718637,620,企業数、売上高,200,50人～99人,150,売上高合計,2015100000,2015年度,百万円
745829,620,企業数、売上高,200,50人～99人,150,売上高合計,2014100000,2014年度,百万円
740448,620,企業数、売上高,200,50人～99人,150,売上高合計,2013100000,2013年度,百万円
739508,620,企業数、売上高,200,50人～99人,150,売上高合計,2012100000,2012年度,百万円
607350,620,企業数、売上高,200,50人～99人,150,売上高合計,2011100000,2011年度,百万円
655035,620,企業数、売上高,200,50人～99人,150,売上高合計,2010100000,2010年度,百万円
5943,620,企業数、売上高,200,50人～99人,160,売上高_うち、海外,2015100000,2015年度,百万円
4459,620,企業数、売上高,200,50人～99人,160,売上高_うち、海外,2014100000,2014年度,百万円
3708,620,企業数、売上高,200,50人～99人,160,売上高_うち、海外,2013100000,2013年度,百万円
13689,620,企業数、売上高,200,50人～99人,160,売上高_うち、海外,2012100000,2012年度,百万円
6712,620,企業数、売上高,200,50人～99人,160,売上高_うち、海外,2011100000,2011年度,百万円
19065,620,企業数、売上高,200,50人～99人,160,売上高_うち、海外,2010100000,2010年度,百万円
328886,620,企業数、売上高,200,50人～99人,170,受託開発ソフトウェア業,2015100000,2015年度,百万円
334102,620,企業数、売上高,200,50人～99人,170,受託開発ソフトウェア業,2014100000,2014年度,百万円
287609,620,企業数、売上高,200,50人～99人,170,受託開発ソフトウェア業,2013100000,2013年度,百万円
310147,620,企業数、売上高,200,50人～99人,170,受託開発ソフトウェア業,2012100000,2012年度,百万円
266694,620,企業数、売上高,200,50人～99人,170,受託開発ソフトウェア業,2011100000,2011年度,百万円
292303,620,企業数、売上高,200,50人～99人,170,受託開発ソフトウェア業,2010100000,2010年度,百万円
656,620,企業数、売上高,200,50人～99人,180,受託開発ソフトウェア業_うち、海外,2015100000,2015年度,百万円
841,620,企業数、売上高,200,50人～99人,180,受託開発ソフトウェア業_うち、海外,2014100000,2014年度,百万円
143,620,企業数、売上高,200,50人～99人,180,受託開発ソフトウェア業_うち、海外,2013100000,2013年度,百万円
2511,620,企業数、売上高,200,50人～99人,180,受託開発ソフトウェア業_うち、海外,2012100000,2012年度,百万円
1326,620,企業数、売上高,200,50人～99人,180,受託開発ソフトウェア業_うち、海外,2011100000,2011年度,百万円
9026,620,企業数、売上高,200,50人～99人,180,受託開発ソフトウェア業_うち、海外,2010100000,2010年度,百万円
21440,620,企業数、売上高,200,50人～99人,190,組込みソフトウェア業,2015100000,2015年度,百万円
28316,620,企業数、売上高,200,50人～99人,190,組込みソフトウェア業,2014100000,2014年度,百万円
29633,620,企業数、売上高,200,50人～99人,190,組込みソフトウェア業,2013100000,2013年度,百万円
29944,620,企業数、売上高,200,50人～99人,190,組込みソフトウェア業,2012100000,2012年度,百万円
25451,620,企業数、売上高,200,50人～99人,190,組込みソフトウェア業,2011100000,2011年度,百万円
19598,620,企業数、売上高,200,50人～99人,190,組込みソフトウェア業,2010100000,2010年度,百万円
1394,620,企業数、売上高,200,50人～99人,200,組込みソフトウェア業_うち、海外,2015100000,2015年度,百万円
661,620,企業数、売上高,200,50人～99人,200,組込みソフトウェア業_うち、海外,2014100000,2014年度,百万円
963,620,企業数、売上高,200,50人～99人,200,組込みソフトウェア業_うち、海外,2013100000,2013年度,百万円
1404,620,企業数、売上高,200,50人～99人,200,組込みソフトウェア業_うち、海外,2012100000,2012年度,百万円
1046,620,企業数、売上高,200,50人～99人,200,組込みソフトウェア業_うち、海外,2011100000,2011年度,百万円
945,620,企業数、売上高,200,50人～99人,200,組込みソフトウェア業_うち、海外,2010100000,2010年度,百万円
62532,620,企業数、売上高,200,50人～99人,210,パッケージソフトウェア業,2015100000,2015年度,百万円
61902,620,企業数、売上高,200,50人～99人,210,パッケージソフトウェア業,2014100000,2014年度,百万円
63041,620,企業数、売上高,200,50人～99人,210,パッケージソフトウェア業,2013100000,2013年度,百万円
57901,620,企業数、売上高,200,50人～99人,210,パッケージソフトウェア業,2012100000,2012年度,百万円
49697,620,企業数、売上高,200,50人～99人,210,パッケージソフトウェア業,2011100000,2011年度,百万円
53298,620,企業数、売上高,200,50人～99人,210,パッケージソフトウェア業,2010100000,2010年度,百万円
846,620,企業数、売上高,200,50人～99人,220,パッケージソフトウェア業_うち、海外,2015100000,2015年度,百万円
1077,620,企業数、売上高,200,50人～99人,220,パッケージソフトウェア業_うち、海外,2014100000,2014年度,百万円
348,620,企業数、売上高,200,50人～99人,220,パッケージソフトウェア業_うち、海外,2013100000,2013年度,百万円
689,620,企業数、売上高,200,50人～99人,220,パッケージソフトウェア業_うち、海外,2012100000,2012年度,百万円
442,620,企業数、売上高,200,50人～99人,220,パッケージソフトウェア業_うち、海外,2011100000,2011年度,百万円
2269,620,企業数、売上高,200,50人～99人,220,パッケージソフトウェア業_うち、海外,2010100000,2010年度,百万円
12971,620,企業数、売上高,200,50人～99人,230,ゲームソフトウェア業,2015100000,2015年度,百万円
30732,620,企業数、売上高,200,50人～99人,230,ゲームソフトウェア業,2014100000,2014年度,百万円
32730,620,企業数、売上高,200,50人～99人,230,ゲームソフトウェア業,2013100000,2013年度,百万円
29751,620,企業数、売上高,200,50人～99人,230,ゲームソフトウェア業,2012100000,2012年度,百万円
13361,620,企業数、売上高,200,50人～99人,230,ゲームソフトウェア業,2011100000,2011年度,百万円
11502,620,企業数、売上高,200,50人～99人,230,ゲームソフトウェア業,2010100000,2010年度,百万円
850,620,企業数、売上高,200,50人～99人,240,ゲームソフトウェア業_うち、海外,2015100000,2015年度,百万円
286,620,企業数、売上高,200,50人～99人,240,ゲームソフトウェア業_うち、海外,2014100000,2014年度,百万円
235,620,企業数、売上高,200,50人～99人,240,ゲームソフトウェア業_うち、海外,2013100000,2013年度,百万円
5006,620,企業数、売上高,200,50人～99人,240,ゲームソフトウェア業_うち、海外,2012100000,2012年度,百万円
82,620,企業数、売上高,200,50人～99人,240,ゲームソフトウェア業_うち、海外,2011100000,2011年度,百万円
461,620,企業数、売上高,200,50人～99人,240,ゲームソフトウェア業_うち、海外,2010100000,2010年度,百万円
115930,620,企業数、売上高,200,50人～99人,250,情報処理サービス業,2015100000,2015年度,百万円
110856,620,企業数、売上高,200,50人～99人,250,情報処理サービス業,2014100000,2014年度,百万円
140994,620,企業数、売上高,200,50人～99人,250,情報処理サービス業,2013100000,2013年度,百万円
127554,620,企業数、売上高,200,50人～99人,250,情報処理サービス業,2012100000,2012年度,百万円
107131,620,企業数、売上高,200,50人～99人,250,情報処理サービス業,2011100000,2011年度,百万円
109741,620,企業数、売上高,200,50人～99人,250,情報処理サービス業,2010100000,2010年度,百万円
103,620,企業数、売上高,200,50人～99人,260,情報処理サービス業_うち、海外,2015100000,2015年度,百万円
1201,620,企業数、売上高,200,50人～99人,260,情報処理サービス業_うち、海外,2014100000,2014年度,百万円
387,620,企業数、売上高,200,50人～99人,260,情報処理サービス業_うち、海外,2013100000,2013年度,百万円
126,620,企業数、売上高,200,50人～99人,260,情報処理サービス業_うち、海外,2012100000,2012年度,百万円
416,620,企業数、売上高,200,50人～99人,260,情報処理サービス業_うち、海外,2011100000,2011年度,百万円
2936,620,企業数、売上高,200,50人～99人,260,情報処理サービス業_うち、海外,2010100000,2010年度,百万円
24251,620,企業数、売上高,200,50人～99人,270,情報提供サービス業,2015100000,2015年度,百万円
35199,620,企業数、売上高,200,50人～99人,270,情報提供サービス業,2014100000,2014年度,百万円
17373,620,企業数、売上高,200,50人～99人,270,情報提供サービス業,2013100000,2013年度,百万円
30978,620,企業数、売上高,200,50人～99人,270,情報提供サービス業,2012100000,2012年度,百万円
30219,620,企業数、売上高,200,50人～99人,270,情報提供サービス業,2011100000,2011年度,百万円
36444,620,企業数、売上高,200,50人～99人,270,情報提供サービス業,2010100000,2010年度,百万円
344,620,企業数、売上高,200,50人～99人,280,情報提供サービス業_うち、海外,2015100000,2015年度,百万円
59,620,企業数、売上高,200,50人～99人,280,情報提供サービス業_うち、海外,2014100000,2014年度,百万円
-,620,企業数、売上高,200,50人～99人,280,情報提供サービス業_うち、海外,2013100000,2013年度,百万円
10,620,企業数、売上高,200,50人～99人,280,情報提供サービス業_うち、海外,2012100000,2012年度,百万円
420,620,企業数、売上高,200,50人～99人,280,情報提供サービス業_うち、海外,2011100000,2011年度,百万円
124,620,企業数、売上高,200,50人～99人,280,情報提供サービス業_うち、海外,2010100000,2010年度,百万円
16942,620,企業数、売上高,200,50人～99人,290,市場調査・世論調査・社会調査業,2015100000,2015年度,百万円
12668,620,企業数、売上高,200,50人～99人,290,市場調査・世論調査・社会調査業,2014100000,2014年度,百万円
987,620,企業数、売上高,200,50人～99人,300,市場調査・世論調査・社会調査業_うち、海外,2015100000,2015年度,百万円
227,620,企業数、売上高,200,50人～99人,300,市場調査・世論調査・社会調査業_うち、海外,2014100000,2014年度,百万円
135685,620,企業数、売上高,200,50人～99人,310,その他の情報サービス業,2015100000,2015年度,百万円
132054,620,企業数、売上高,200,50人～99人,310,その他の情報サービス業,2014100000,2014年度,百万円
169068,620,企業数、売上高,200,50人～99人,310,その他の情報サービス業,2013100000,2013年度,百万円
153233,620,企業数、売上高,200,50人～99人,310,その他の情報サービス業,2012100000,2012年度,百万円
114797,620,企業数、売上高,200,50人～99人,310,その他の情報サービス業,2011100000,2011年度,百万円
132149,620,企業数、売上高,200,50人～99人,310,その他の情報サービス業,2010100000,2010年度,百万円
763,620,企業数、売上高,200,50人～99人,320,その他の情報サービス業_うち、海外,2015100000,2015年度,百万円
107,620,企業数、売上高,200,50人～99人,320,その他の情報サービス業_うち、海外,2014100000,2014年度,百万円
1632,620,企業数、売上高,200,50人～99人,320,その他の情報サービス業_うち、海外,2013100000,2013年度,百万円
3943,620,企業数、売上高,200,50人～99人,320,その他の情報サービス業_うち、海外,2012100000,2012年度,百万円
2980,620,企業数、売上高,200,50人～99人,320,その他の情報サービス業_うち、海外,2011100000,2011年度,百万円
3287,620,企業数、売上高,200,50人～99人,320,その他の情報サービス業_うち、海外,2010100000,2010年度,百万円
653,620,企業数、売上高,210,100人～199人,100,企業数,2015100000,2015年度,社
609,620,企業数、売上高,210,100人～199人,100,企業数,2014100000,2014年度,社
605,620,企業数、売上高,210,100人～199人,100,企業数,2013100000,2013年度,社
610,620,企業数、売上高,210,100人～199人,100,企業数,2012100000,2012年度,社
549,620,企業数、売上高,210,100人～199人,100,企業数,2011100000,2011年度,社
516,620,企業数、売上高,210,100人～199人,100,企業数,2010100000,2010年度,社
653,620,企業数、売上高,210,100人～199人,110,回答企業数,2015100000,2015年度,社
609,620,企業数、売上高,210,100人～199人,110,回答企業数,2014100000,2014年度,社
605,620,企業数、売上高,210,100人～199人,110,回答企業数,2013100000,2013年度,社
610,620,企業数、売上高,210,100人～199人,110,回答企業数,2012100000,2012年度,社
548,620,企業数、売上高,210,100人～199人,110,回答企業数,2011100000,2011年度,社
585,620,企業数、売上高,210,100人～199人,120,国内のみ,2015100000,2015年度,社
553,620,企業数、売上高,210,100人～199人,120,国内のみ,2014100000,2014年度,社
553,620,企業数、売上高,210,100人～199人,120,国内のみ,2013100000,2013年度,社
561,620,企業数、売上高,210,100人～199人,120,国内のみ,2012100000,2012年度,社
506,620,企業数、売上高,210,100人～199人,120,国内のみ,2011100000,2011年度,社
68,620,企業数、売上高,210,100人～199人,130,国内及び海外,2015100000,2015年度,社
56,620,企業数、売上高,210,100人～199人,130,国内及び海外,2014100000,2014年度,社
52,620,企業数、売上高,210,100人～199人,130,国内及び海外,2013100000,2013年度,社
46,620,企業数、売上高,210,100人～199人,130,国内及び海外,2012100000,2012年度,社
40,620,企業数、売上高,210,100人～199人,130,国内及び海外,2011100000,2011年度,社
-,620,企業数、売上高,210,100人～199人,140,海外のみ,2015100000,2015年度,社
-,620,企業数、売上高,210,100人～199人,140,海外のみ,2014100000,2014年度,社
-,620,企業数、売上高,210,100人～199人,140,海外のみ,2013100000,2013年度,社
3,620,企業数、売上高,210,100人～199人,140,海外のみ,2012100000,2012年度,社
2,620,企業数、売上高,210,100人～199人,140,海外のみ,2011100000,2011年度,社
1248635,620,企業数、売上高,210,100人～199人,150,売上高合計,2015100000,2015年度,百万円
1205756,620,企業数、売上高,210,100人～199人,150,売上高合計,2014100000,2014年度,百万円
1112978,620,企業数、売上高,210,100人～199人,150,売上高合計,2013100000,2013年度,百万円
1104779,620,企業数、売上高,210,100人～199人,150,売上高合計,2012100000,2012年度,百万円
941513,620,企業数、売上高,210,100人～199人,150,売上高合計,2011100000,2011年度,百万円
952384,620,企業数、売上高,210,100人～199人,150,売上高合計,2010100000,2010年度,百万円
13437,620,企業数、売上高,210,100人～199人,160,売上高_うち、海外,2015100000,2015年度,百万円
10824,620,企業数、売上高,210,100人～199人,160,売上高_うち、海外,2014100000,2014年度,百万円
6894,620,企業数、売上高,210,100人～199人,160,売上高_うち、海外,2013100000,2013年度,百万円
14127,620,企業数、売上高,210,100人～199人,160,売上高_うち、海外,2012100000,2012年度,百万円
13552,620,企業数、売上高,210,100人～199人,160,売上高_うち、海外,2011100000,2011年度,百万円
45484,620,企業数、売上高,210,100人～199人,160,売上高_うち、海外,2010100000,2010年度,百万円
564267,620,企業数、売上高,210,100人～199人,170,受託開発ソフトウェア業,2015100000,2015年度,百万円
556004,620,企業数、売上高,210,100人～199人,170,受託開発ソフトウェア業,2014100000,2014年度,百万円
566978,620,企業数、売上高,210,100人～199人,170,受託開発ソフトウェア業,2013100000,2013年度,百万円
503681,620,企業数、売上高,210,100人～199人,170,受託開発ソフトウェア業,2012100000,2012年度,百万円
432560,620,企業数、売上高,210,100人～199人,170,受託開発ソフトウェア業,2011100000,2011年度,百万円
424051,620,企業数、売上高,210,100人～199人,170,受託開発ソフトウェア業,2010100000,2010年度,百万円
1508,620,企業数、売上高,210,100人～199人,180,受託開発ソフトウェア業_うち、海外,2015100000,2015年度,百万円
972,620,企業数、売上高,210,100人～199人,180,受託開発ソフトウェア業_うち、海外,2014100000,2014年度,百万円
447,620,企業数、売上高,210,100人～199人,180,受託開発ソフトウェア業_うち、海外,2013100000,2013年度,百万円
4320,620,企業数、売上高,210,100人～199人,180,受託開発ソフトウェア業_うち、海外,2012100000,2012年度,百万円
2148,620,企業数、売上高,210,100人～199人,180,受託開発ソフトウェア業_うち、海外,2011100000,2011年度,百万円
15911,620,企業数、売上高,210,100人～199人,180,受託開発ソフトウェア業_うち、海外,2010100000,2010年度,百万円
33035,620,企業数、売上高,210,100人～199人,190,組込みソフトウェア業,2015100000,2015年度,百万円
34298,620,企業数、売上高,210,100人～199人,190,組込みソフトウェア業,2014100000,2014年度,百万円
37944,620,企業数、売上高,210,100人～199人,190,組込みソフトウェア業,2013100000,2013年度,百万円
31574,620,企業数、売上高,210,100人～199人,190,組込みソフトウェア業,2012100000,2012年度,百万円
21926,620,企業数、売上高,210,100人～199人,190,組込みソフトウェア業,2011100000,2011年度,百万円
29523,620,企業数、売上高,210,100人～199人,190,組込みソフトウェア業,2010100000,2010年度,百万円
363,620,企業数、売上高,210,100人～199人,200,組込みソフトウェア業_うち、海外,2015100000,2015年度,百万円
196,620,企業数、売上高,210,100人～199人,200,組込みソフトウェア業_うち、海外,2014100000,2014年度,百万円
248,620,企業数、売上高,210,100人～199人,200,組込みソフトウェア業_うち、海外,2013100000,2013年度,百万円
197,620,企業数、売上高,210,100人～199人,200,組込みソフトウェア業_うち、海外,2012100000,2012年度,百万円
28,620,企業数、売上高,210,100人～199人,200,組込みソフトウェア業_うち、海外,2011100000,2011年度,百万円
3968,620,企業数、売上高,210,100人～199人,200,組込みソフトウェア業_うち、海外,2010100000,2010年度,百万円
95136,620,企業数、売上高,210,100人～199人,210,パッケージソフトウェア業,2015100000,2015年度,百万円
83876,620,企業数、売上高,210,100人～199人,210,パッケージソフトウェア業,2014100000,2014年度,百万円
73081,620,企業数、売上高,210,100人～199人,210,パッケージソフトウェア業,2013100000,2013年度,百万円
91767,620,企業数、売上高,210,100人～199人,210,パッケージソフトウェア業,2012100000,2012年度,百万円
77951,620,企業数、売上高,210,100人～199人,210,パッケージソフトウェア業,2011100000,2011年度,百万円
78232,620,企業数、売上高,210,100人～199人,210,パッケージソフトウェア業,2010100000,2010年度,百万円
670,620,企業数、売上高,210,100人～199人,220,パッケージソフトウェア業_うち、海外,2015100000,2015年度,百万円
470,620,企業数、売上高,210,100人～199人,220,パッケージソフトウェア業_うち、海外,2014100000,2014年度,百万円
806,620,企業数、売上高,210,100人～199人,220,パッケージソフトウェア業_うち、海外,2013100000,2013年度,百万円
742,620,企業数、売上高,210,100人～199人,220,パッケージソフトウェア業_うち、海外,2012100000,2012年度,百万円
454,620,企業数、売上高,210,100人～199人,220,パッケージソフトウェア業_うち、海外,2011100000,2011年度,百万円
4981,620,企業数、売上高,210,100人～199人,220,パッケージソフトウェア業_うち、海外,2010100000,2010年度,百万円
27439,620,企業数、売上高,210,100人～199人,230,ゲームソフトウェア業,2015100000,2015年度,百万円
10733,620,企業数、売上高,210,100人～199人,230,ゲームソフトウェア業,2014100000,2014年度,百万円
23672,620,企業数、売上高,210,100人～199人,230,ゲームソフトウェア業,2013100000,2013年度,百万円
13443,620,企業数、売上高,210,100人～199人,230,ゲームソフトウェア業,2012100000,2012年度,百万円
12409,620,企業数、売上高,210,100人～199人,230,ゲームソフトウェア業,2011100000,2011年度,百万円
16014,620,企業数、売上高,210,100人～199人,230,ゲームソフトウェア業,2010100000,2010年度,百万円
925,620,企業数、売上高,210,100人～199人,240,ゲームソフトウェア業_うち、海外,2015100000,2015年度,百万円
89,620,企業数、売上高,210,100人～199人,240,ゲームソフトウェア業_うち、海外,2014100000,2014年度,百万円
137,620,企業数、売上高,210,100人～199人,240,ゲームソフトウェア業_うち、海外,2013100000,2013年度,百万円
251,620,企業数、売上高,210,100人～199人,240,ゲームソフトウェア業_うち、海外,2012100000,2012年度,百万円
736,620,企業数、売上高,210,100人～199人,240,ゲームソフトウェア業_うち、海外,2011100000,2011年度,百万円
779,620,企業数、売上高,210,100人～199人,240,ゲームソフトウェア業_うち、海外,2010100000,2010年度,百万円
199360,620,企業数、売上高,210,100人～199人,250,情報処理サービス業,2015100000,2015年度,百万円
203235,620,企業数、売上高,210,100人～199人,250,情報処理サービス業,2014100000,2014年度,百万円
192938,620,企業数、売上高,210,100人～199人,250,情報処理サービス業,2013100000,2013年度,百万円
201561,620,企業数、売上高,210,100人～199人,250,情報処理サービス業,2012100000,2012年度,百万円
179759,620,企業数、売上高,210,100人～199人,250,情報処理サービス業,2011100000,2011年度,百万円
175201,620,企業数、売上高,210,100人～199人,250,情報処理サービス業,2010100000,2010年度,百万円
7232,620,企業数、売上高,210,100人～199人,260,情報処理サービス業_うち、海外,2015100000,2015年度,百万円
7008,620,企業数、売上高,210,100人～199人,260,情報処理サービス業_うち、海外,2014100000,2014年度,百万円
4537,620,企業数、売上高,210,100人～199人,260,情報処理サービス業_うち、海外,2013100000,2013年度,百万円
4569,620,企業数、売上高,210,100人～199人,260,情報処理サービス業_うち、海外,2012100000,2012年度,百万円
3366,620,企業数、売上高,210,100人～199人,260,情報処理サービス業_うち、海外,2011100000,2011年度,百万円
11985,620,企業数、売上高,210,100人～199人,260,情報処理サービス業_うち、海外,2010100000,2010年度,百万円
26475,620,企業数、売上高,210,100人～199人,270,情報提供サービス業,2015100000,2015年度,百万円
25071,620,企業数、売上高,210,100人～199人,270,情報提供サービス業,2014100000,2014年度,百万円
35072,620,企業数、売上高,210,100人～199人,270,情報提供サービス業,2013100000,2013年度,百万円
72743,620,企業数、売上高,210,100人～199人,270,情報提供サービス業,2012100000,2012年度,百万円
59721,620,企業数、売上高,210,100人～199人,270,情報提供サービス業,2011100000,2011年度,百万円
58950,620,企業数、売上高,210,100人～199人,270,情報提供サービス業,2010100000,2010年度,百万円
51,620,企業数、売上高,210,100人～199人,280,情報提供サービス業_うち、海外,2015100000,2015年度,百万円
4,620,企業数、売上高,210,100人～199人,280,情報提供サービス業_うち、海外,2014100000,2014年度,百万円
79,620,企業数、売上高,210,100人～199人,280,情報提供サービス業_うち、海外,2013100000,2013年度,百万円
3057,620,企業数、売上高,210,100人～199人,280,情報提供サービス業_うち、海外,2012100000,2012年度,百万円
2981,620,企業数、売上高,210,100人～199人,280,情報提供サービス業_うち、海外,2011100000,2011年度,百万円
1820,620,企業数、売上高,210,100人～199人,280,情報提供サービス業_うち、海外,2010100000,2010年度,百万円
20156,620,企業数、売上高,210,100人～199人,290,市場調査・世論調査・社会調査業,2015100000,2015年度,百万円
22389,620,企業数、売上高,210,100人～199人,290,市場調査・世論調査・社会調査業,2014100000,2014年度,百万円
1639,620,企業数、売上高,210,100人～199人,300,市場調査・世論調査・社会調査業_うち、海外,2015100000,2015年度,百万円
1530,620,企業数、売上高,210,100人～199人,300,市場調査・世論調査・社会調査業_うち、海外,2014100000,2014年度,百万円
282767,620,企業数、売上高,210,100人～199人,310,その他の情報サービス業,2015100000,2015年度,百万円
270150,620,企業数、売上高,210,100人～199人,310,その他の情報サービス業,2014100000,2014年度,百万円
183293,620,企業数、売上高,210,100人～199人,310,その他の情報サービス業,2013100000,2013年度,百万円
190010,620,企業数、売上高,210,100人～199人,310,その他の情報サービス業,2012100000,2012年度,百万円
157187,620,企業数、売上高,210,100人～199人,310,その他の情報サービス業,2011100000,2011年度,百万円
170413,620,企業数、売上高,210,100人～199人,310,その他の情報サービス業,2010100000,2010年度,百万円
1049,620,企業数、売上高,210,100人～199人,320,その他の情報サービス業_うち、海外,2015100000,2015年度,百万円
555,620,企業数、売上高,210,100人～199人,320,その他の情報サービス業_うち、海外,2014100000,2014年度,百万円
640,620,企業数、売上高,210,100人～199人,320,その他の情報サービス業_うち、海外,2013100000,2013年度,百万円
991,620,企業数、売上高,210,100人～199人,320,その他の情報サービス業_うち、海外,2012100000,2012年度,百万円
3839,620,企業数、売上高,210,100人～199人,320,その他の情報サービス業_うち、海外,2011100000,2011年度,百万円
5993,620,企業数、売上高,210,100人～199人,320,その他の情報サービス業_うち、海外,2010100000,2010年度,百万円
285,620,企業数、売上高,230,200人～299人,100,企業数,2015100000,2015年度,社
291,620,企業数、売上高,230,200人～299人,100,企業数,2014100000,2014年度,社
285,620,企業数、売上高,230,200人～299人,100,企業数,2013100000,2013年度,社
287,620,企業数、売上高,230,200人～299人,100,企業数,2012100000,2012年度,社
278,620,企業数、売上高,230,200人～299人,100,企業数,2011100000,2011年度,社
229,620,企業数、売上高,230,200人～299人,100,企業数,2010100000,2010年度,社
285,620,企業数、売上高,230,200人～299人,110,回答企業数,2015100000,2015年度,社
291,620,企業数、売上高,230,200人～299人,110,回答企業数,2014100000,2014年度,社
285,620,企業数、売上高,230,200人～299人,110,回答企業数,2013100000,2013年度,社
286,620,企業数、売上高,230,200人～299人,110,回答企業数,2012100000,2012年度,社
277,620,企業数、売上高,230,200人～299人,110,回答企業数,2011100000,2011年度,社
255,620,企業数、売上高,230,200人～299人,120,国内のみ,2015100000,2015年度,社
262,620,企業数、売上高,230,200人～299人,120,国内のみ,2014100000,2014年度,社
259,620,企業数、売上高,230,200人～299人,120,国内のみ,2013100000,2013年度,社
264,620,企業数、売上高,230,200人～299人,120,国内のみ,2012100000,2012年度,社
250,620,企業数、売上高,230,200人～299人,120,国内のみ,2011100000,2011年度,社
30,620,企業数、売上高,230,200人～299人,130,国内及び海外,2015100000,2015年度,社
29,620,企業数、売上高,230,200人～299人,130,国内及び海外,2014100000,2014年度,社
26,620,企業数、売上高,230,200人～299人,130,国内及び海外,2013100000,2013年度,社
22,620,企業数、売上高,230,200人～299人,130,国内及び海外,2012100000,2012年度,社
26,620,企業数、売上高,230,200人～299人,130,国内及び海外,2011100000,2011年度,社
-,620,企業数、売上高,230,200人～299人,140,海外のみ,2015100000,2015年度,社
-,620,企業数、売上高,230,200人～299人,140,海外のみ,2014100000,2014年度,社
-,620,企業数、売上高,230,200人～299人,140,海外のみ,2013100000,2013年度,社
-,620,企業数、売上高,230,200人～299人,140,海外のみ,2012100000,2012年度,社
1,620,企業数、売上高,230,200人～299人,140,海外のみ,2011100000,2011年度,社
957647,620,企業数、売上高,230,200人～299人,150,売上高合計,2015100000,2015年度,百万円
963929,620,企業数、売上高,230,200人～299人,150,売上高合計,2014100000,2014年度,百万円
859735,620,企業数、売上高,230,200人～299人,150,売上高合計,2013100000,2013年度,百万円
841291,620,企業数、売上高,230,200人～299人,150,売上高合計,2012100000,2012年度,百万円
733197,620,企業数、売上高,230,200人～299人,150,売上高合計,2011100000,2011年度,百万円
704306,620,企業数、売上高,230,200人～299人,150,売上高合計,2010100000,2010年度,百万円
3584,620,企業数、売上高,230,200人～299人,160,売上高_うち、海外,2015100000,2015年度,百万円
2515,620,企業数、売上高,230,200人～299人,160,売上高_うち、海外,2014100000,2014年度,百万円
4666,620,企業数、売上高,230,200人～299人,160,売上高_うち、海外,2013100000,2013年度,百万円
5422,620,企業数、売上高,230,200人～299人,160,売上高_うち、海外,2012100000,2012年度,百万円
8835,620,企業数、売上高,230,200人～299人,160,売上高_うち、海外,2011100000,2011年度,百万円
40218,620,企業数、売上高,230,200人～299人,160,売上高_うち、海外,2010100000,2010年度,百万円
489084,620,企業数、売上高,230,200人～299人,170,受託開発ソフトウェア業,2015100000,2015年度,百万円
490605,620,企業数、売上高,230,200人～299人,170,受託開発ソフトウェア業,2014100000,2014年度,百万円
400226,620,企業数、売上高,230,200人～299人,170,受託開発ソフトウェア業,2013100000,2013年度,百万円
400344,620,企業数、売上高,230,200人～299人,170,受託開発ソフトウェア業,2012100000,2012年度,百万円
388324,620,企業数、売上高,230,200人～299人,170,受託開発ソフトウェア業,2011100000,2011年度,百万円
367171,620,企業数、売上高,230,200人～299人,170,受託開発ソフトウェア業,2010100000,2010年度,百万円
1104,620,企業数、売上高,230,200人～299人,180,受託開発ソフトウェア業_うち、海外,2015100000,2015年度,百万円
827,620,企業数、売上高,230,200人～299人,180,受託開発ソフトウェア業_うち、海外,2014100000,2014年度,百万円
623,620,企業数、売上高,230,200人～299人,180,受託開発ソフトウェア業_うち、海外,2013100000,2013年度,百万円
1654,620,企業数、売上高,230,200人～299人,180,受託開発ソフトウェア業_うち、海外,2012100000,2012年度,百万円
5381,620,企業数、売上高,230,200人～299人,180,受託開発ソフトウェア業_うち、海外,2011100000,2011年度,百万円
21562,620,企業数、売上高,230,200人～299人,180,受託開発ソフトウェア業_うち、海外,2010100000,2010年度,百万円
18444,620,企業数、売上高,230,200人～299人,190,組込みソフトウェア業,2015100000,2015年度,百万円
27198,620,企業数、売上高,230,200人～299人,190,組込みソフトウェア業,2014100000,2014年度,百万円
33247,620,企業数、売上高,230,200人～299人,190,組込みソフトウェア業,2013100000,2013年度,百万円
35030,620,企業数、売上高,230,200人～299人,190,組込みソフトウェア業,2012100000,2012年度,百万円
23132,620,企業数、売上高,230,200人～299人,190,組込みソフトウェア業,2011100000,2011年度,百万円
25126,620,企業数、売上高,230,200人～299人,190,組込みソフトウェア業,2010100000,2010年度,百万円
100,620,企業数、売上高,230,200人～299人,200,組込みソフトウェア業_うち、海外,2015100000,2015年度,百万円
111,620,企業数、売上高,230,200人～299人,200,組込みソフトウェア業_うち、海外,2014100000,2014年度,百万円
145,620,企業数、売上高,230,200人～299人,200,組込みソフトウェア業_うち、海外,2013100000,2013年度,百万円
40,620,企業数、売上高,230,200人～299人,200,組込みソフトウェア業_うち、海外,2012100000,2012年度,百万円
41,620,企業数、売上高,230,200人～299人,200,組込みソフトウェア業_うち、海外,2011100000,2011年度,百万円
729,620,企業数、売上高,230,200人～299人,200,組込みソフトウェア業_うち、海外,2010100000,2010年度,百万円
67033,620,企業数、売上高,230,200人～299人,210,パッケージソフトウェア業,2015100000,2015年度,百万円
70667,620,企業数、売上高,230,200人～299人,210,パッケージソフトウェア業,2014100000,2014年度,百万円
63696,620,企業数、売上高,230,200人～299人,210,パッケージソフトウェア業,2013100000,2013年度,百万円
40473,620,企業数、売上高,230,200人～299人,210,パッケージソフトウェア業,2012100000,2012年度,百万円
32282,620,企業数、売上高,230,200人～299人,210,パッケージソフトウェア業,2011100000,2011年度,百万円
35896,620,企業数、売上高,230,200人～299人,210,パッケージソフトウェア業,2010100000,2010年度,百万円
421,620,企業数、売上高,230,200人～299人,220,パッケージソフトウェア業_うち、海外,2015100000,2015年度,百万円
294,620,企業数、売上高,230,200人～299人,220,パッケージソフトウェア業_うち、海外,2014100000,2014年度,百万円
319,620,企業数、売上高,230,200人～299人,220,パッケージソフトウェア業_うち、海外,2013100000,2013年度,百万円
291,620,企業数、売上高,230,200人～299人,220,パッケージソフトウェア業_うち、海外,2012100000,2012年度,百万円
53,620,企業数、売上高,230,200人～299人,220,パッケージソフトウェア業_うち、海外,2011100000,2011年度,百万円
33,620,企業数、売上高,230,200人～299人,220,パッケージソフトウェア業_うち、海外,2010100000,2010年度,百万円
26239,620,企業数、売上高,230,200人～299人,230,ゲームソフトウェア業,2015100000,2015年度,百万円
11060,620,企業数、売上高,230,200人～299人,230,ゲームソフトウェア業,2014100000,2014年度,百万円
9947,620,企業数、売上高,230,200人～299人,230,ゲームソフトウェア業,2013100000,2013年度,百万円
12955,620,企業数、売上高,230,200人～299人,230,ゲームソフトウェア業,2012100000,2012年度,百万円
21167,620,企業数、売上高,230,200人～299人,230,ゲームソフトウェア業,2011100000,2011年度,百万円
26755,620,企業数、売上高,230,200人～299人,230,ゲームソフトウェア業,2010100000,2010年度,百万円
1023,620,企業数、売上高,230,200人～299人,240,ゲームソフトウェア業_うち、海外,2015100000,2015年度,百万円
144,620,企業数、売上高,230,200人～299人,240,ゲームソフトウェア業_うち、海外,2014100000,2014年度,百万円
313,620,企業数、売上高,230,200人～299人,240,ゲームソフトウェア業_うち、海外,2013100000,2013年度,百万円
315,620,企業数、売上高,230,200人～299人,240,ゲームソフトウェア業_うち、海外,2012100000,2012年度,百万円
1609,620,企業数、売上高,230,200人～299人,240,ゲームソフトウェア業_うち、海外,2011100000,2011年度,百万円
1785,620,企業数、売上高,230,200人～299人,240,ゲームソフトウェア業_うち、海外,2010100000,2010年度,百万円
202157,620,企業数、売上高,230,200人～299人,250,情報処理サービス業,2015100000,2015年度,百万円
158331,620,企業数、売上高,230,200人～299人,250,情報処理サービス業,2014100000,2014年度,百万円
169319,620,企業数、売上高,230,200人～299人,250,情報処理サービス業,2013100000,2013年度,百万円
164569,620,企業数、売上高,230,200人～299人,250,情報処理サービス業,2012100000,2012年度,百万円
156810,620,企業数、売上高,230,200人～299人,250,情報処理サービス業,2011100000,2011年度,百万円
137406,620,企業数、売上高,230,200人～299人,250,情報処理サービス業,2010100000,2010年度,百万円
152,620,企業数、売上高,230,200人～299人,260,情報処理サービス業_うち、海外,2015100000,2015年度,百万円
217,620,企業数、売上高,230,200人～299人,260,情報処理サービス業_うち、海外,2014100000,2014年度,百万円
2866,620,企業数、売上高,230,200人～299人,260,情報処理サービス業_うち、海外,2013100000,2013年度,百万円
2796,620,企業数、売上高,230,200人～299人,260,情報処理サービス業_うち、海外,2012100000,2012年度,百万円
1077,620,企業数、売上高,230,200人～299人,260,情報処理サービス業_うち、海外,2011100000,2011年度,百万円
11512,620,企業数、売上高,230,200人～299人,260,情報処理サービス業_うち、海外,2010100000,2010年度,百万円
12654,620,企業数、売上高,230,200人～299人,270,情報提供サービス業,2015100000,2015年度,百万円
30228,620,企業数、売上高,230,200人～299人,270,情報提供サービス業,2014100000,2014年度,百万円
17601,620,企業数、売上高,230,200人～299人,270,情報提供サービス業,2013100000,2013年度,百万円
28636,620,企業数、売上高,230,200人～299人,270,情報提供サービス業,2012100000,2012年度,百万円
15653,620,企業数、売上高,230,200人～299人,270,情報提供サービス業,2011100000,2011年度,百万円
10738,620,企業数、売上高,230,200人～299人,270,情報提供サービス業,2010100000,2010年度,百万円
-,620,企業数、売上高,230,200人～299人,280,情報提供サービス業_うち、海外,2015100000,2015年度,百万円
72,620,企業数、売上高,230,200人～299人,280,情報提供サービス業_うち、海外,2014100000,2014年度,百万円
45,620,企業数、売上高,230,200人～299人,280,情報提供サービス業_うち、海外,2013100000,2013年度,百万円
35,620,企業数、売上高,230,200人～299人,280,情報提供サービス業_うち、海外,2012100000,2012年度,百万円
78,620,企業数、売上高,230,200人～299人,280,情報提供サービス業_うち、海外,2011100000,2011年度,百万円
3985,620,企業数、売上高,230,200人～299人,280,情報提供サービス業_うち、海外,2010100000,2010年度,百万円
10667,620,企業数、売上高,230,200人～299人,290,市場調査・世論調査・社会調査業,2015100000,2015年度,百万円
12567,620,企業数、売上高,230,200人～299人,290,市場調査・世論調査・社会調査業,2014100000,2014年度,百万円
86,620,企業数、売上高,230,200人～299人,300,市場調査・世論調査・社会調査業_うち、海外,2015100000,2015年度,百万円
203,620,企業数、売上高,230,200人～299人,300,市場調査・世論調査・社会調査業_うち、海外,2014100000,2014年度,百万円
131369,620,企業数、売上高,230,200人～299人,310,その他の情報サービス業,2015100000,2015年度,百万円
163273,620,企業数、売上高,230,200人～299人,310,その他の情報サービス業,2014100000,2014年度,百万円
165699,620,企業数、売上高,230,200人～299人,310,その他の情報サービス業,2013100000,2013年度,百万円
159284,620,企業数、売上高,230,200人～299人,310,その他の情報サービス業,2012100000,2012年度,百万円
95829,620,企業数、売上高,230,200人～299人,310,その他の情報サービス業,2011100000,2011年度,百万円
101214,620,企業数、売上高,230,200人～299人,310,その他の情報サービス業,2010100000,2010年度,百万円
698,620,企業数、売上高,230,200人～299人,320,その他の情報サービス業_うち、海外,2015100000,2015年度,百万円
647,620,企業数、売上高,230,200人～299人,320,その他の情報サービス業_うち、海外,2014100000,2014年度,百万円
355,620,企業数、売上高,230,200人～299人,320,その他の情報サービス業_うち、海外,2013100000,2013年度,百万円
291,620,企業数、売上高,230,200人～299人,320,その他の情報サービス業_うち、海外,2012100000,2012年度,百万円
596,620,企業数、売上高,230,200人～299人,320,その他の情報サービス業_うち、海外,2011100000,2011年度,百万円
551,620,企業数、売上高,230,200人～299人,320,その他の情報サービス業_うち、海外,2010100000,2010年度,百万円
236,620,企業数、売上高,240,300人～499人,100,企業数,2015100000,2015年度,社
235,620,企業数、売上高,240,300人～499人,100,企業数,2014100000,2014年度,社
201,620,企業数、売上高,240,300人～499人,100,企業数,2013100000,2013年度,社
216,620,企業数、売上高,240,300人～499人,100,企業数,2012100000,2012年度,社
201,620,企業数、売上高,240,300人～499人,100,企業数,2011100000,2011年度,社
161,620,企業数、売上高,240,300人～499人,100,企業数,2010100000,2010年度,社
236,620,企業数、売上高,240,300人～499人,110,回答企業数,2015100000,2015年度,社
235,620,企業数、売上高,240,300人～499人,110,回答企業数,2014100000,2014年度,社
201,620,企業数、売上高,240,300人～499人,110,回答企業数,2013100000,2013年度,社
216,620,企業数、売上高,240,300人～499人,110,回答企業数,2012100000,2012年度,社
201,620,企業数、売上高,240,300人～499人,110,回答企業数,2011100000,2011年度,社
208,620,企業数、売上高,240,300人～499人,120,国内のみ,2015100000,2015年度,社
208,620,企業数、売上高,240,300人～499人,120,国内のみ,2014100000,2014年度,社
179,620,企業数、売上高,240,300人～499人,120,国内のみ,2013100000,2013年度,社
198,620,企業数、売上高,240,300人～499人,120,国内のみ,2012100000,2012年度,社
179,620,企業数、売上高,240,300人～499人,120,国内のみ,2011100000,2011年度,社
28,620,企業数、売上高,240,300人～499人,130,国内及び海外,2015100000,2015年度,社
27,620,企業数、売上高,240,300人～499人,130,国内及び海外,2014100000,2014年度,社
22,620,企業数、売上高,240,300人～499人,130,国内及び海外,2013100000,2013年度,社
18,620,企業数、売上高,240,300人～499人,130,国内及び海外,2012100000,2012年度,社
21,620,企業数、売上高,240,300人～499人,130,国内及び海外,2011100000,2011年度,社
-,620,企業数、売上高,240,300人～499人,140,海外のみ,2015100000,2015年度,社
-,620,企業数、売上高,240,300人～499人,140,海外のみ,2014100000,2014年度,社
-,620,企業数、売上高,240,300人～499人,140,海外のみ,2013100000,2013年度,社
-,620,企業数、売上高,240,300人～499人,140,海外のみ,2012100000,2012年度,社
1,620,企業数、売上高,240,300人～499人,140,海外のみ,2011100000,2011年度,社
1153113,620,企業数、売上高,240,300人～499人,150,売上高合計,2015100000,2015年度,百万円
1186183,620,企業数、売上高,240,300人～499人,150,売上高合計,2014100000,2014年度,百万円
997860,620,企業数、売上高,240,300人～499人,150,売上高合計,2013100000,2013年度,百万円
981303,620,企業数、売上高,240,300人～499人,150,売上高合計,2012100000,2012年度,百万円
877529,620,企業数、売上高,240,300人～499人,150,売上高合計,2011100000,2011年度,百万円
771892,620,企業数、売上高,240,300人～499人,150,売上高合計,2010100000,2010年度,百万円
2957,620,企業数、売上高,240,300人～499人,160,売上高_うち、海外,2015100000,2015年度,百万円
6224,620,企業数、売上高,240,300人～499人,160,売上高_うち、海外,2014100000,2014年度,百万円
1627,620,企業数、売上高,240,300人～499人,160,売上高_うち、海外,2013100000,2013年度,百万円
1491,620,企業数、売上高,240,300人～499人,160,売上高_うち、海外,2012100000,2012年度,百万円
8759,620,企業数、売上高,240,300人～499人,160,売上高_うち、海外,2011100000,2011年度,百万円
9984,620,企業数、売上高,240,300人～499人,160,売上高_うち、海外,2010100000,2010年度,百万円
557514,620,企業数、売上高,240,300人～499人,170,受託開発ソフトウェア業,2015100000,2015年度,百万円
546534,620,企業数、売上高,240,300人～499人,170,受託開発ソフトウェア業,2014100000,2014年度,百万円
486113,620,企業数、売上高,240,300人～499人,170,受託開発ソフトウェア業,2013100000,2013年度,百万円
501689,620,企業数、売上高,240,300人～499人,170,受託開発ソフトウェア業,2012100000,2012年度,百万円
472807,620,企業数、売上高,240,300人～499人,170,受託開発ソフトウェア業,2011100000,2011年度,百万円
393495,620,企業数、売上高,240,300人～499人,170,受託開発ソフトウェア業,2010100000,2010年度,百万円
1555,620,企業数、売上高,240,300人～499人,180,受託開発ソフトウェア業_うち、海外,2015100000,2015年度,百万円
1639,620,企業数、売上高,240,300人～499人,180,受託開発ソフトウェア業_うち、海外,2014100000,2014年度,百万円
1068,620,企業数、売上高,240,300人～499人,180,受託開発ソフトウェア業_うち、海外,2013100000,2013年度,百万円
791,620,企業数、売上高,240,300人～499人,180,受託開発ソフトウェア業_うち、海外,2012100000,2012年度,百万円
1345,620,企業数、売上高,240,300人～499人,180,受託開発ソフトウェア業_うち、海外,2011100000,2011年度,百万円
4310,620,企業数、売上高,240,300人～499人,180,受託開発ソフトウェア業_うち、海外,2010100000,2010年度,百万円
29859,620,企業数、売上高,240,300人～499人,190,組込みソフトウェア業,2015100000,2015年度,百万円
33408,620,企業数、売上高,240,300人～499人,190,組込みソフトウェア業,2014100000,2014年度,百万円
24186,620,企業数、売上高,240,300人～499人,190,組込みソフトウェア業,2013100000,2013年度,百万円
27651,620,企業数、売上高,240,300人～499人,190,組込みソフトウェア業,2012100000,2012年度,百万円
22275,620,企業数、売上高,240,300人～499人,190,組込みソフトウェア業,2011100000,2011年度,百万円
36097,620,企業数、売上高,240,300人～499人,190,組込みソフトウェア業,2010100000,2010年度,百万円
306,620,企業数、売上高,240,300人～499人,200,組込みソフトウェア業_うち、海外,2015100000,2015年度,百万円
284,620,企業数、売上高,240,300人～499人,200,組込みソフトウェア業_うち、海外,2014100000,2014年度,百万円
85,620,企業数、売上高,240,300人～499人,200,組込みソフトウェア業_うち、海外,2013100000,2013年度,百万円
194,620,企業数、売上高,240,300人～499人,200,組込みソフトウェア業_うち、海外,2012100000,2012年度,百万円
98,620,企業数、売上高,240,300人～499人,200,組込みソフトウェア業_うち、海外,2011100000,2011年度,百万円
134,620,企業数、売上高,240,300人～499人,200,組込みソフトウェア業_うち、海外,2010100000,2010年度,百万円
87498,620,企業数、売上高,240,300人～499人,210,パッケージソフトウェア業,2015100000,2015年度,百万円
104150,620,企業数、売上高,240,300人～499人,210,パッケージソフトウェア業,2014100000,2014年度,百万円
79971,620,企業数、売上高,240,300人～499人,210,パッケージソフトウェア業,2013100000,2013年度,百万円
81925,620,企業数、売上高,240,300人～499人,210,パッケージソフトウェア業,2012100000,2012年度,百万円
61982,620,企業数、売上高,240,300人～499人,210,パッケージソフトウェア業,2011100000,2011年度,百万円
58556,620,企業数、売上高,240,300人～499人,210,パッケージソフトウェア業,2010100000,2010年度,百万円
281,620,企業数、売上高,240,300人～499人,220,パッケージソフトウェア業_うち、海外,2015100000,2015年度,百万円
250,620,企業数、売上高,240,300人～499人,220,パッケージソフトウェア業_うち、海外,2014100000,2014年度,百万円
269,620,企業数、売上高,240,300人～499人,220,パッケージソフトウェア業_うち、海外,2013100000,2013年度,百万円
271,620,企業数、売上高,240,300人～499人,220,パッケージソフトウェア業_うち、海外,2012100000,2012年度,百万円
213,620,企業数、売上高,240,300人～499人,220,パッケージソフトウェア業_うち、海外,2011100000,2011年度,百万円
318,620,企業数、売上高,240,300人～499人,220,パッケージソフトウェア業_うち、海外,2010100000,2010年度,百万円
11312,620,企業数、売上高,240,300人～499人,230,ゲームソフトウェア業,2015100000,2015年度,百万円
39745,620,企業数、売上高,240,300人～499人,230,ゲームソフトウェア業,2014100000,2014年度,百万円
19644,620,企業数、売上高,240,300人～499人,230,ゲームソフトウェア業,2013100000,2013年度,百万円
-,620,企業数、売上高,240,300人～499人,230,ゲームソフトウェア業,2012100000,2012年度,百万円
60,620,企業数、売上高,240,300人～499人,230,ゲームソフトウェア業,2011100000,2011年度,百万円
-,620,企業数、売上高,240,300人～499人,230,ゲームソフトウェア業,2010100000,2010年度,百万円
100,620,企業数、売上高,240,300人～499人,240,ゲームソフトウェア業_うち、海外,2015100000,2015年度,百万円
3749,620,企業数、売上高,240,300人～499人,240,ゲームソフトウェア業_うち、海外,2014100000,2014年度,百万円
-,620,企業数、売上高,240,300人～499人,240,ゲームソフトウェア業_うち、海外,2013100000,2013年度,百万円
-,620,企業数、売上高,240,300人～499人,240,ゲームソフトウェア業_うち、海外,2012100000,2012年度,百万円
-,620,企業数、売上高,240,300人～499人,240,ゲームソフトウェア業_うち、海外,2011100000,2011年度,百万円
-,620,企業数、売上高,240,300人～499人,240,ゲームソフトウェア業_うち、海外,2010100000,2010年度,百万円
215207,620,企業数、売上高,240,300人～499人,250,情報処理サービス業,2015100000,2015年度,百万円
244205,620,企業数、売上高,240,300人～499人,250,情報処理サービス業,2014100000,2014年度,百万円
204569,620,企業数、売上高,240,300人～499人,250,情報処理サービス業,2013100000,2013年度,百万円
216463,620,企業数、売上高,240,300人～499人,250,情報処理サービス業,2012100000,2012年度,百万円
205610,620,企業数、売上高,240,300人～499人,250,情報処理サービス業,2011100000,2011年度,百万円
177339,620,企業数、売上高,240,300人～499人,250,情報処理サービス業,2010100000,2010年度,百万円
401,620,企業数、売上高,240,300人～499人,260,情報処理サービス業_うち、海外,2015100000,2015年度,百万円
42,620,企業数、売上高,240,300人～499人,260,情報処理サービス業_うち、海外,2014100000,2014年度,百万円
16,620,企業数、売上高,240,300人～499人,260,情報処理サービス業_うち、海外,2013100000,2013年度,百万円
25,620,企業数、売上高,240,300人～499人,260,情報処理サービス業_うち、海外,2012100000,2012年度,百万円
1464,620,企業数、売上高,240,300人～499人,260,情報処理サービス業_うち、海外,2011100000,2011年度,百万円
900,620,企業数、売上高,240,300人～499人,260,情報処理サービス業_うち、海外,2010100000,2010年度,百万円
5829,620,企業数、売上高,240,300人～499人,270,情報提供サービス業,2015100000,2015年度,百万円
9304,620,企業数、売上高,240,300人～499人,270,情報提供サービス業,2014100000,2014年度,百万円
8019,620,企業数、売上高,240,300人～499人,270,情報提供サービス業,2013100000,2013年度,百万円
13061,620,企業数、売上高,240,300人～499人,270,情報提供サービス業,2012100000,2012年度,百万円
7633,620,企業数、売上高,240,300人～499人,270,情報提供サービス業,2011100000,2011年度,百万円
14418,620,企業数、売上高,240,300人～499人,270,情報提供サービス業,2010100000,2010年度,百万円
1,620,企業数、売上高,240,300人～499人,280,情報提供サービス業_うち、海外,2015100000,2015年度,百万円
-,620,企業数、売上高,240,300人～499人,280,情報提供サービス業_うち、海外,2014100000,2014年度,百万円
-,620,企業数、売上高,240,300人～499人,280,情報提供サービス業_うち、海外,2013100000,2013年度,百万円
-,620,企業数、売上高,240,300人～499人,280,情報提供サービス業_うち、海外,2012100000,2012年度,百万円
6,620,企業数、売上高,240,300人～499人,280,情報提供サービス業_うち、海外,2011100000,2011年度,百万円
-,620,企業数、売上高,240,300人～499人,280,情報提供サービス業_うち、海外,2010100000,2010年度,百万円
11239,620,企業数、売上高,240,300人～499人,290,市場調査・世論調査・社会調査業,2015100000,2015年度,百万円
2676,620,企業数、売上高,240,300人～499人,290,市場調査・世論調査・社会調査業,2014100000,2014年度,百万円
59,620,企業数、売上高,240,300人～499人,300,市場調査・世論調査・社会調査業_うち、海外,2015100000,2015年度,百万円
-,620,企業数、売上高,240,300人～499人,300,市場調査・世論調査・社会調査業_うち、海外,2014100000,2014年度,百万円
234655,620,企業数、売上高,240,300人～499人,310,その他の情報サービス業,2015100000,2015年度,百万円
206161,620,企業数、売上高,240,300人～499人,310,その他の情報サービス業,2014100000,2014年度,百万円
175358,620,企業数、売上高,240,300人～499人,310,その他の情報サービス業,2013100000,2013年度,百万円
140514,620,企業数、売上高,240,300人～499人,310,その他の情報サービス業,2012100000,2012年度,百万円
107162,620,企業数、売上高,240,300人～499人,310,その他の情報サービス業,2011100000,2011年度,百万円
91987,620,企業数、売上高,240,300人～499人,310,その他の情報サービス業,2010100000,2010年度,百万円
254,620,企業数、売上高,240,300人～499人,320,その他の情報サービス業_うち、海外,2015100000,2015年度,百万円
260,620,企業数、売上高,240,300人～499人,320,その他の情報サービス業_うち、海外,2014100000,2014年度,百万円
189,620,企業数、売上高,240,300人～499人,320,その他の情報サービス業_うち、海外,2013100000,2013年度,百万円
210,620,企業数、売上高,240,300人～499人,320,その他の情報サービス業_うち、海外,2012100000,2012年度,百万円
5633,620,企業数、売上高,240,300人～499人,320,その他の情報サービス業_うち、海外,2011100000,2011年度,百万円
4217,620,企業数、売上高,240,300人～499人,320,その他の情報サービス業_うち、海外,2010100000,2010年度,百万円
203,620,企業数、売上高,260,500人～999人,100,企業数,2015100000,2015年度,社
202,620,企業数、売上高,260,500人～999人,100,企業数,2014100000,2014年度,社
193,620,企業数、売上高,260,500人～999人,100,企業数,2013100000,2013年度,社
202,620,企業数、売上高,260,500人～999人,100,企業数,2012100000,2012年度,社
185,620,企業数、売上高,260,500人～999人,100,企業数,2011100000,2011年度,社
157,620,企業数、売上高,260,500人～999人,100,企業数,2010100000,2010年度,社
203,620,企業数、売上高,260,500人～999人,110,回答企業数,2015100000,2015年度,社
202,620,企業数、売上高,260,500人～999人,110,回答企業数,2014100000,2014年度,社
192,620,企業数、売上高,260,500人～999人,110,回答企業数,2013100000,2013年度,社
202,620,企業数、売上高,260,500人～999人,110,回答企業数,2012100000,2012年度,社
185,620,企業数、売上高,260,500人～999人,110,回答企業数,2011100000,2011年度,社
175,620,企業数、売上高,260,500人～999人,120,国内のみ,2015100000,2015年度,社
180,620,企業数、売上高,260,500人～999人,120,国内のみ,2014100000,2014年度,社
174,620,企業数、売上高,260,500人～999人,120,国内のみ,2013100000,2013年度,社
185,620,企業数、売上高,260,500人～999人,120,国内のみ,2012100000,2012年度,社
171,620,企業数、売上高,260,500人～999人,120,国内のみ,2011100000,2011年度,社
28,620,企業数、売上高,260,500人～999人,130,国内及び海外,2015100000,2015年度,社
22,620,企業数、売上高,260,500人～999人,130,国内及び海外,2014100000,2014年度,社
18,620,企業数、売上高,260,500人～999人,130,国内及び海外,2013100000,2013年度,社
17,620,企業数、売上高,260,500人～999人,130,国内及び海外,2012100000,2012年度,社
14,620,企業数、売上高,260,500人～999人,130,国内及び海外,2011100000,2011年度,社
-,620,企業数、売上高,260,500人～999人,140,海外のみ,2015100000,2015年度,社
-,620,企業数、売上高,260,500人～999人,140,海外のみ,2014100000,2014年度,社
-,620,企業数、売上高,260,500人～999人,140,海外のみ,2013100000,2013年度,社
-,620,企業数、売上高,260,500人～999人,140,海外のみ,2012100000,2012年度,社
-,620,企業数、売上高,260,500人～999人,140,海外のみ,2011100000,2011年度,社
2322303,620,企業数、売上高,260,500人～999人,150,売上高合計,2015100000,2015年度,百万円
2074082,620,企業数、売上高,260,500人～999人,150,売上高合計,2014100000,2014年度,百万円
2037526,620,企業数、売上高,260,500人～999人,150,売上高合計,2013100000,2013年度,百万円
2016072,620,企業数、売上高,260,500人～999人,150,売上高合計,2012100000,2012年度,百万円
1717379,620,企業数、売上高,260,500人～999人,150,売上高合計,2011100000,2011年度,百万円
1686643,620,企業数、売上高,260,500人～999人,150,売上高合計,2010100000,2010年度,百万円
13566,620,企業数、売上高,260,500人～999人,160,売上高_うち、海外,2015100000,2015年度,百万円
7863,620,企業数、売上高,260,500人～999人,160,売上高_うち、海外,2014100000,2014年度,百万円
3016,620,企業数、売上高,260,500人～999人,160,売上高_うち、海外,2013100000,2013年度,百万円
35255,620,企業数、売上高,260,500人～999人,160,売上高_うち、海外,2012100000,2012年度,百万円
25114,620,企業数、売上高,260,500人～999人,160,売上高_うち、海外,2011100000,2011年度,百万円
123416,620,企業数、売上高,260,500人～999人,160,売上高_うち、海外,2010100000,2010年度,百万円
1186365,620,企業数、売上高,260,500人～999人,170,受託開発ソフトウェア業,2015100000,2015年度,百万円
1086325,620,企業数、売上高,260,500人～999人,170,受託開発ソフトウェア業,2014100000,2014年度,百万円
1026768,620,企業数、売上高,260,500人～999人,170,受託開発ソフトウェア業,2013100000,2013年度,百万円
968800,620,企業数、売上高,260,500人～999人,170,受託開発ソフトウェア業,2012100000,2012年度,百万円
846352,620,企業数、売上高,260,500人～999人,170,受託開発ソフトウェア業,2011100000,2011年度,百万円
840504,620,企業数、売上高,260,500人～999人,170,受託開発ソフトウェア業,2010100000,2010年度,百万円
4709,620,企業数、売上高,260,500人～999人,180,受託開発ソフトウェア業_うち、海外,2015100000,2015年度,百万円
2147,620,企業数、売上高,260,500人～999人,180,受託開発ソフトウェア業_うち、海外,2014100000,2014年度,百万円
1412,620,企業数、売上高,260,500人～999人,180,受託開発ソフトウェア業_うち、海外,2013100000,2013年度,百万円
10319,620,企業数、売上高,260,500人～999人,180,受託開発ソフトウェア業_うち、海外,2012100000,2012年度,百万円
588,620,企業数、売上高,260,500人～999人,180,受託開発ソフトウェア業_うち、海外,2011100000,2011年度,百万円
53259,620,企業数、売上高,260,500人～999人,180,受託開発ソフトウェア業_うち、海外,2010100000,2010年度,百万円
45832,620,企業数、売上高,260,500人～999人,190,組込みソフトウェア業,2015100000,2015年度,百万円
38460,620,企業数、売上高,260,500人～999人,190,組込みソフトウェア業,2014100000,2014年度,百万円
49248,620,企業数、売上高,260,500人～999人,190,組込みソフトウェア業,2013100000,2013年度,百万円
54046,620,企業数、売上高,260,500人～999人,190,組込みソフトウェア業,2012100000,2012年度,百万円
55408,620,企業数、売上高,260,500人～999人,190,組込みソフトウェア業,2011100000,2011年度,百万円
45645,620,企業数、売上高,260,500人～999人,190,組込みソフトウェア業,2010100000,2010年度,百万円
16,620,企業数、売上高,260,500人～999人,200,組込みソフトウェア業_うち、海外,2015100000,2015年度,百万円
46,620,企業数、売上高,260,500人～999人,200,組込みソフトウェア業_うち、海外,2014100000,2014年度,百万円
15,620,企業数、売上高,260,500人～999人,200,組込みソフトウェア業_うち、海外,2013100000,2013年度,百万円
19,620,企業数、売上高,260,500人～999人,200,組込みソフトウェア業_うち、海外,2012100000,2012年度,百万円
-,620,企業数、売上高,260,500人～999人,200,組込みソフトウェア業_うち、海外,2011100000,2011年度,百万円
688,620,企業数、売上高,260,500人～999人,200,組込みソフトウェア業_うち、海外,2010100000,2010年度,百万円
117195,620,企業数、売上高,260,500人～999人,210,パッケージソフトウェア業,2015100000,2015年度,百万円
102007,620,企業数、売上高,260,500人～999人,210,パッケージソフトウェア業,2014100000,2014年度,百万円
83971,620,企業数、売上高,260,500人～999人,210,パッケージソフトウェア業,2013100000,2013年度,百万円
90486,620,企業数、売上高,260,500人～999人,210,パッケージソフトウェア業,2012100000,2012年度,百万円
80398,620,企業数、売上高,260,500人～999人,210,パッケージソフトウェア業,2011100000,2011年度,百万円
73404,620,企業数、売上高,260,500人～999人,210,パッケージソフトウェア業,2010100000,2010年度,百万円
4252,620,企業数、売上高,260,500人～999人,220,パッケージソフトウェア業_うち、海外,2015100000,2015年度,百万円
4269,620,企業数、売上高,260,500人～999人,220,パッケージソフトウェア業_うち、海外,2014100000,2014年度,百万円
11,620,企業数、売上高,260,500人～999人,220,パッケージソフトウェア業_うち、海外,2013100000,2013年度,百万円
3,620,企業数、売上高,260,500人～999人,220,パッケージソフトウェア業_うち、海外,2012100000,2012年度,百万円
3,620,企業数、売上高,260,500人～999人,220,パッケージソフトウェア業_うち、海外,2011100000,2011年度,百万円
1604,620,企業数、売上高,260,500人～999人,220,パッケージソフトウェア業_うち、海外,2010100000,2010年度,百万円
164881,620,企業数、売上高,260,500人～999人,230,ゲームソフトウェア業,2015100000,2015年度,百万円
110394,620,企業数、売上高,260,500人～999人,230,ゲームソフトウェア業,2014100000,2014年度,百万円
105947,620,企業数、売上高,260,500人～999人,230,ゲームソフトウェア業,2013100000,2013年度,百万円
11012,620,企業数、売上高,260,500人～999人,230,ゲームソフトウェア業,2012100000,2012年度,百万円
16265,620,企業数、売上高,260,500人～999人,230,ゲームソフトウェア業,2011100000,2011年度,百万円
5539,620,企業数、売上高,260,500人～999人,230,ゲームソフトウェア業,2010100000,2010年度,百万円
2697,620,企業数、売上高,260,500人～999人,240,ゲームソフトウェア業_うち、海外,2015100000,2015年度,百万円
198,620,企業数、売上高,260,500人～999人,240,ゲームソフトウェア業_うち、海外,2014100000,2014年度,百万円
48,620,企業数、売上高,260,500人～999人,240,ゲームソフトウェア業_うち、海外,2013100000,2013年度,百万円
463,620,企業数、売上高,260,500人～999人,240,ゲームソフトウェア業_うち、海外,2012100000,2012年度,百万円
2208,620,企業数、売上高,260,500人～999人,240,ゲームソフトウェア業_うち、海外,2011100000,2011年度,百万円
554,620,企業数、売上高,260,500人～999人,240,ゲームソフトウェア業_うち、海外,2010100000,2010年度,百万円
347428,620,企業数、売上高,260,500人～999人,250,情報処理サービス業,2015100000,2015年度,百万円
376899,620,企業数、売上高,260,500人～999人,250,情報処理サービス業,2014100000,2014年度,百万円
360519,620,企業数、売上高,260,500人～999人,250,情報処理サービス業,2013100000,2013年度,百万円
383027,620,企業数、売上高,260,500人～999人,250,情報処理サービス業,2012100000,2012年度,百万円
396857,620,企業数、売上高,260,500人～999人,250,情報処理サービス業,2011100000,2011年度,百万円
389656,620,企業数、売上高,260,500人～999人,250,情報処理サービス業,2010100000,2010年度,百万円
1116,620,企業数、売上高,260,500人～999人,260,情報処理サービス業_うち、海外,2015100000,2015年度,百万円
968,620,企業数、売上高,260,500人～999人,260,情報処理サービス業_うち、海外,2014100000,2014年度,百万円
383,620,企業数、売上高,260,500人～999人,260,情報処理サービス業_うち、海外,2013100000,2013年度,百万円
23596,620,企業数、売上高,260,500人～999人,260,情報処理サービス業_うち、海外,2012100000,2012年度,百万円
21861,620,企業数、売上高,260,500人～999人,260,情報処理サービス業_うち、海外,2011100000,2011年度,百万円
46604,620,企業数、売上高,260,500人～999人,260,情報処理サービス業_うち、海外,2010100000,2010年度,百万円
25402,620,企業数、売上高,260,500人～999人,270,情報提供サービス業,2015100000,2015年度,百万円
22485,620,企業数、売上高,260,500人～999人,270,情報提供サービス業,2014100000,2014年度,百万円
51859,620,企業数、売上高,260,500人～999人,270,情報提供サービス業,2013100000,2013年度,百万円
46538,620,企業数、売上高,260,500人～999人,270,情報提供サービス業,2012100000,2012年度,百万円
42293,620,企業数、売上高,260,500人～999人,270,情報提供サービス業,2011100000,2011年度,百万円
101044,620,企業数、売上高,260,500人～999人,270,情報提供サービス業,2010100000,2010年度,百万円
1,620,企業数、売上高,260,500人～999人,280,情報提供サービス業_うち、海外,2015100000,2015年度,百万円
1,620,企業数、売上高,260,500人～999人,280,情報提供サービス業_うち、海外,2014100000,2014年度,百万円
-,620,企業数、売上高,260,500人～999人,280,情報提供サービス業_うち、海外,2013100000,2013年度,百万円
-,620,企業数、売上高,260,500人～999人,280,情報提供サービス業_うち、海外,2012100000,2012年度,百万円
-,620,企業数、売上高,260,500人～999人,280,情報提供サービス業_うち、海外,2011100000,2011年度,百万円
4609,620,企業数、売上高,260,500人～999人,280,情報提供サービス業_うち、海外,2010100000,2010年度,百万円
39620,620,企業数、売上高,260,500人～999人,290,市場調査・世論調査・社会調査業,2015100000,2015年度,百万円
19938,620,企業数、売上高,260,500人～999人,290,市場調査・世論調査・社会調査業,2014100000,2014年度,百万円
-,620,企業数、売上高,260,500人～999人,300,市場調査・世論調査・社会調査業_うち、海外,2015100000,2015年度,百万円
-,620,企業数、売上高,260,500人～999人,300,市場調査・世論調査・社会調査業_うち、海外,2014100000,2014年度,百万円
395580,620,企業数、売上高,260,500人～999人,310,その他の情報サービス業,2015100000,2015年度,百万円
317574,620,企業数、売上高,260,500人～999人,310,その他の情報サービス業,2014100000,2014年度,百万円
359214,620,企業数、売上高,260,500人～999人,310,その他の情報サービス業,2013100000,2013年度,百万円
462163,620,企業数、売上高,260,500人～999人,310,その他の情報サービス業,2012100000,2012年度,百万円
279806,620,企業数、売上高,260,500人～999人,310,その他の情報サービス業,2011100000,2011年度,百万円
230851,620,企業数、売上高,260,500人～999人,310,その他の情報サービス業,2010100000,2010年度,百万円
775,620,企業数、売上高,260,500人～999人,320,その他の情報サービス業_うち、海外,2015100000,2015年度,百万円
234,620,企業数、売上高,260,500人～999人,320,その他の情報サービス業_うち、海外,2014100000,2014年度,百万円
1147,620,企業数、売上高,260,500人～999人,320,その他の情報サービス業_うち、海外,2013100000,2013年度,百万円
855,620,企業数、売上高,260,500人～999人,320,その他の情報サービス業_うち、海外,2012100000,2012年度,百万円
454,620,企業数、売上高,260,500人～999人,320,その他の情報サービス業_うち、海外,2011100000,2011年度,百万円
16258,620,企業数、売上高,260,500人～999人,320,その他の情報サービス業_うち、海外,2010100000,2010年度,百万円
154,620,企業数、売上高,310,"1,000人以上",100,企業数,2015100000,2015年度,社
156,620,企業数、売上高,310,"1,000人以上",100,企業数,2014100000,2014年度,社
142,620,企業数、売上高,310,"1,000人以上",100,企業数,2013100000,2013年度,社
146,620,企業数、売上高,310,"1,000人以上",100,企業数,2012100000,2012年度,社
135,620,企業数、売上高,310,"1,000人以上",100,企業数,2011100000,2011年度,社
108,620,企業数、売上高,310,"1,000人以上",100,企業数,2010100000,2010年度,社
154,620,企業数、売上高,310,"1,000人以上",110,回答企業数,2015100000,2015年度,社
156,620,企業数、売上高,310,"1,000人以上",110,回答企業数,2014100000,2014年度,社
142,620,企業数、売上高,310,"1,000人以上",110,回答企業数,2013100000,2013年度,社
146,620,企業数、売上高,310,"1,000人以上",110,回答企業数,2012100000,2012年度,社
135,620,企業数、売上高,310,"1,000人以上",110,回答企業数,2011100000,2011年度,社
119,620,企業数、売上高,310,"1,000人以上",120,国内のみ,2015100000,2015年度,社
127,620,企業数、売上高,310,"1,000人以上",120,国内のみ,2014100000,2014年度,社
114,620,企業数、売上高,310,"1,000人以上",120,国内のみ,2013100000,2013年度,社
117,620,企業数、売上高,310,"1,000人以上",120,国内のみ,2012100000,2012年度,社
112,620,企業数、売上高,310,"1,000人以上",120,国内のみ,2011100000,2011年度,社
35,620,企業数、売上高,310,"1,000人以上",130,国内及び海外,2015100000,2015年度,社
29,620,企業数、売上高,310,"1,000人以上",130,国内及び海外,2014100000,2014年度,社
28,620,企業数、売上高,310,"1,000人以上",130,国内及び海外,2013100000,2013年度,社
29,620,企業数、売上高,310,"1,000人以上",130,国内及び海外,2012100000,2012年度,社
23,620,企業数、売上高,310,"1,000人以上",130,国内及び海外,2011100000,2011年度,社
-,620,企業数、売上高,310,"1,000人以上",140,海外のみ,2015100000,2015年度,社
-,620,企業数、売上高,310,"1,000人以上",140,海外のみ,2014100000,2014年度,社
-,620,企業数、売上高,310,"1,000人以上",140,海外のみ,2013100000,2013年度,社
-,620,企業数、売上高,310,"1,000人以上",140,海外のみ,2012100000,2012年度,社
-,620,企業数、売上高,310,"1,000人以上",140,海外のみ,2011100000,2011年度,社
8111326,620,企業数、売上高,310,"1,000人以上",150,売上高合計,2015100000,2015年度,百万円
7820986,620,企業数、売上高,310,"1,000人以上",150,売上高合計,2014100000,2014年度,百万円
7837474,620,企業数、売上高,310,"1,000人以上",150,売上高合計,2013100000,2013年度,百万円
7545650,620,企業数、売上高,310,"1,000人以上",150,売上高合計,2012100000,2012年度,百万円
6903376,620,企業数、売上高,310,"1,000人以上",150,売上高合計,2011100000,2011年度,百万円
4931474,620,企業数、売上高,310,"1,000人以上",150,売上高合計,2010100000,2010年度,百万円
607516,620,企業数、売上高,310,"1,000人以上",160,売上高_うち、海外,2015100000,2015年度,百万円
570562,620,企業数、売上高,310,"1,000人以上",160,売上高_うち、海外,2014100000,2014年度,百万円
483154,620,企業数、売上高,310,"1,000人以上",160,売上高_うち、海外,2013100000,2013年度,百万円
276608,620,企業数、売上高,310,"1,000人以上",160,売上高_うち、海外,2012100000,2012年度,百万円
21494,620,企業数、売上高,310,"1,000人以上",160,売上高_うち、海外,2011100000,2011年度,百万円
13907,620,企業数、売上高,310,"1,000人以上",160,売上高_うち、海外,2010100000,2010年度,百万円
3631452,620,企業数、売上高,310,"1,000人以上",170,受託開発ソフトウェア業,2015100000,2015年度,百万円
3519344,620,企業数、売上高,310,"1,000人以上",170,受託開発ソフトウェア業,2014100000,2014年度,百万円
3392324,620,企業数、売上高,310,"1,000人以上",170,受託開発ソフトウェア業,2013100000,2013年度,百万円
3292278,620,企業数、売上高,310,"1,000人以上",170,受託開発ソフトウェア業,2012100000,2012年度,百万円
3248162,620,企業数、売上高,310,"1,000人以上",170,受託開発ソフトウェア業,2011100000,2011年度,百万円
1872755,620,企業数、売上高,310,"1,000人以上",170,受託開発ソフトウェア業,2010100000,2010年度,百万円
298927,620,企業数、売上高,310,"1,000人以上",180,受託開発ソフトウェア業_うち、海外,2015100000,2015年度,百万円
278561,620,企業数、売上高,310,"1,000人以上",180,受託開発ソフトウェア業_うち、海外,2014100000,2014年度,百万円
242923,620,企業数、売上高,310,"1,000人以上",180,受託開発ソフトウェア業_うち、海外,2013100000,2013年度,百万円
218496,620,企業数、売上高,310,"1,000人以上",180,受託開発ソフトウェア業_うち、海外,2012100000,2012年度,百万円
11646,620,企業数、売上高,310,"1,000人以上",180,受託開発ソフトウェア業_うち、海外,2011100000,2011年度,百万円
4660,620,企業数、売上高,310,"1,000人以上",180,受託開発ソフトウェア業_うち、海外,2010100000,2010年度,百万円
66350,620,企業数、売上高,310,"1,000人以上",190,組込みソフトウェア業,2015100000,2015年度,百万円
78680,620,企業数、売上高,310,"1,000人以上",190,組込みソフトウェア業,2014100000,2014年度,百万円
77060,620,企業数、売上高,310,"1,000人以上",190,組込みソフトウェア業,2013100000,2013年度,百万円
127148,620,企業数、売上高,310,"1,000人以上",190,組込みソフトウェア業,2012100000,2012年度,百万円
108487,620,企業数、売上高,310,"1,000人以上",190,組込みソフトウェア業,2011100000,2011年度,百万円
130378,620,企業数、売上高,310,"1,000人以上",190,組込みソフトウェア業,2010100000,2010年度,百万円
396,620,企業数、売上高,310,"1,000人以上",200,組込みソフトウェア業_うち、海外,2015100000,2015年度,百万円
794,620,企業数、売上高,310,"1,000人以上",200,組込みソフトウェア業_うち、海外,2014100000,2014年度,百万円
443,620,企業数、売上高,310,"1,000人以上",200,組込みソフトウェア業_うち、海外,2013100000,2013年度,百万円
205,620,企業数、売上高,310,"1,000人以上",200,組込みソフトウェア業_うち、海外,2012100000,2012年度,百万円
1379,620,企業数、売上高,310,"1,000人以上",200,組込みソフトウェア業_うち、海外,2011100000,2011年度,百万円
221,620,企業数、売上高,310,"1,000人以上",200,組込みソフトウェア業_うち、海外,2010100000,2010年度,百万円
292408,620,企業数、売上高,310,"1,000人以上",210,パッケージソフトウェア業,2015100000,2015年度,百万円
285428,620,企業数、売上高,310,"1,000人以上",210,パッケージソフトウェア業,2014100000,2014年度,百万円
325413,620,企業数、売上高,310,"1,000人以上",210,パッケージソフトウェア業,2013100000,2013年度,百万円
268814,620,企業数、売上高,310,"1,000人以上",210,パッケージソフトウェア業,2012100000,2012年度,百万円
304686,620,企業数、売上高,310,"1,000人以上",210,パッケージソフトウェア業,2011100000,2011年度,百万円
300226,620,企業数、売上高,310,"1,000人以上",210,パッケージソフトウェア業,2010100000,2010年度,百万円
13,620,企業数、売上高,310,"1,000人以上",220,パッケージソフトウェア業_うち、海外,2015100000,2015年度,百万円
3,620,企業数、売上高,310,"1,000人以上",220,パッケージソフトウェア業_うち、海外,2014100000,2014年度,百万円
2,620,企業数、売上高,310,"1,000人以上",220,パッケージソフトウェア業_うち、海外,2013100000,2013年度,百万円
169,620,企業数、売上高,310,"1,000人以上",220,パッケージソフトウェア業_うち、海外,2012100000,2012年度,百万円
247,620,企業数、売上高,310,"1,000人以上",220,パッケージソフトウェア業_うち、海外,2011100000,2011年度,百万円
22,620,企業数、売上高,310,"1,000人以上",220,パッケージソフトウェア業_うち、海外,2010100000,2010年度,百万円
396750,620,企業数、売上高,310,"1,000人以上",230,ゲームソフトウェア業,2015100000,2015年度,百万円
342679,620,企業数、売上高,310,"1,000人以上",230,ゲームソフトウェア業,2014100000,2014年度,百万円
271068,620,企業数、売上高,310,"1,000人以上",230,ゲームソフトウェア業,2013100000,2013年度,百万円
206677,620,企業数、売上高,310,"1,000人以上",230,ゲームソフトウェア業,2012100000,2012年度,百万円
70550,620,企業数、売上高,310,"1,000人以上",230,ゲームソフトウェア業,2011100000,2011年度,百万円
55271,620,企業数、売上高,310,"1,000人以上",230,ゲームソフトウェア業,2010100000,2010年度,百万円
161107,620,企業数、売上高,310,"1,000人以上",240,ゲームソフトウェア業_うち、海外,2015100000,2015年度,百万円
148524,620,企業数、売上高,310,"1,000人以上",240,ゲームソフトウェア業_うち、海外,2014100000,2014年度,百万円
106009,620,企業数、売上高,310,"1,000人以上",240,ゲームソフトウェア業_うち、海外,2013100000,2013年度,百万円
46987,620,企業数、売上高,310,"1,000人以上",240,ゲームソフトウェア業_うち、海外,2012100000,2012年度,百万円
4690,620,企業数、売上高,310,"1,000人以上",240,ゲームソフトウェア業_うち、海外,2011100000,2011年度,百万円
7738,620,企業数、売上高,310,"1,000人以上",240,ゲームソフトウェア業_うち、海外,2010100000,2010年度,百万円
1955913,620,企業数、売上高,310,"1,000人以上",250,情報処理サービス業,2015100000,2015年度,百万円
1870178,620,企業数、売上高,310,"1,000人以上",250,情報処理サービス業,2014100000,2014年度,百万円
1877963,620,企業数、売上高,310,"1,000人以上",250,情報処理サービス業,2013100000,2013年度,百万円
1840467,620,企業数、売上高,310,"1,000人以上",250,情報処理サービス業,2012100000,2012年度,百万円
1753843,620,企業数、売上高,310,"1,000人以上",250,情報処理サービス業,2011100000,2011年度,百万円
1361095,620,企業数、売上高,310,"1,000人以上",250,情報処理サービス業,2010100000,2010年度,百万円
140341,620,企業数、売上高,310,"1,000人以上",260,情報処理サービス業_うち、海外,2015100000,2015年度,百万円
135015,620,企業数、売上高,310,"1,000人以上",260,情報処理サービス業_うち、海外,2014100000,2014年度,百万円
126293,620,企業数、売上高,310,"1,000人以上",260,情報処理サービス業_うち、海外,2013100000,2013年度,百万円
-,620,企業数、売上高,310,"1,000人以上",260,情報処理サービス業_うち、海外,2012100000,2012年度,百万円
18,620,企業数、売上高,310,"1,000人以上",260,情報処理サービス業_うち、海外,2011100000,2011年度,百万円
-,620,企業数、売上高,310,"1,000人以上",260,情報処理サービス業_うち、海外,2010100000,2010年度,百万円
93393,620,企業数、売上高,310,"1,000人以上",270,情報提供サービス業,2015100000,2015年度,百万円
94159,620,企業数、売上高,310,"1,000人以上",270,情報提供サービス業,2014100000,2014年度,百万円
93328,620,企業数、売上高,310,"1,000人以上",270,情報提供サービス業,2013100000,2013年度,百万円
81165,620,企業数、売上高,310,"1,000人以上",270,情報提供サービス業,2012100000,2012年度,百万円
96258,620,企業数、売上高,310,"1,000人以上",270,情報提供サービス業,2011100000,2011年度,百万円
225433,620,企業数、売上高,310,"1,000人以上",270,情報提供サービス業,2010100000,2010年度,百万円
931,620,企業数、売上高,310,"1,000人以上",280,情報提供サービス業_うち、海外,2015100000,2015年度,百万円
923,620,企業数、売上高,310,"1,000人以上",280,情報提供サービス業_うち、海外,2014100000,2014年度,百万円
884,620,企業数、売上高,310,"1,000人以上",280,情報提供サービス業_うち、海外,2013100000,2013年度,百万円
901,620,企業数、売上高,310,"1,000人以上",280,情報提供サービス業_うち、海外,2012100000,2012年度,百万円
957,620,企業数、売上高,310,"1,000人以上",280,情報提供サービス業_うち、海外,2011100000,2011年度,百万円
-,620,企業数、売上高,310,"1,000人以上",280,情報提供サービス業_うち、海外,2010100000,2010年度,百万円
31863,620,企業数、売上高,310,"1,000人以上",290,市場調査・世論調査・社会調査業,2015100000,2015年度,百万円
19998,620,企業数、売上高,310,"1,000人以上",290,市場調査・世論調査・社会調査業,2014100000,2014年度,百万円
961,620,企業数、売上高,310,"1,000人以上",300,市場調査・世論調査・社会調査業_うち、海外,2015100000,2015年度,百万円
243,620,企業数、売上高,310,"1,000人以上",300,市場調査・世論調査・社会調査業_うち、海外,2014100000,2014年度,百万円
1643197,620,企業数、売上高,310,"1,000人以上",310,その他の情報サービス業,2015100000,2015年度,百万円
1610520,620,企業数、売上高,310,"1,000人以上",310,その他の情報サービス業,2014100000,2014年度,百万円
1800318,620,企業数、売上高,310,"1,000人以上",310,その他の情報サービス業,2013100000,2013年度,百万円
1729101,620,企業数、売上高,310,"1,000人以上",310,その他の情報サービス業,2012100000,2012年度,百万円
1321390,620,企業数、売上高,310,"1,000人以上",310,その他の情報サービス業,2011100000,2011年度,百万円
986316,620,企業数、売上高,310,"1,000人以上",310,その他の情報サービス業,2010100000,2010年度,百万円
4840,620,企業数、売上高,310,"1,000人以上",320,その他の情報サービス業_うち、海外,2015100000,2015年度,百万円
6499,620,企業数、売上高,310,"1,000人以上",320,その他の情報サービス業_うち、海外,2014100000,2014年度,百万円
6600,620,企業数、売上高,310,"1,000人以上",320,その他の情報サービス業_うち、海外,2013100000,2013年度,百万円
9850,620,企業数、売上高,310,"1,000人以上",320,その他の情報サービス業_うち、海外,2012100000,2012年度,百万円
2557,620,企業数、売上高,310,"1,000人以上",320,その他の情報サービス業_うち、海外,2011100000,2011年度,百万円
633,620,企業数、売上高,310,"1,000人以上",320,その他の情報サービス業_うち、海外,2010100000,2010年度,百万円
