value,cat01,cat01_label,time,time_label
1138221,1000000,合計 (人),0020000000,平成20年
1087075,1000000,合計 (人),0021000000,平成21年
1076789,1000000,合計 (人),0022000000,平成22年
1076734,1000000,合計 (人),0023000000,平成23年
1051162,1000000,合計 (人),0024000000,平成24年
1076916,1000000,合計 (人),0024000101,平成24年1月
1072896,1000000,合計 (人),0024000202,平成24年2月
1074356,1000000,合計 (人),0024000303,平成24年3月
1079855,1000000,合計 (人),0024000404,平成24年4月
1080476,1000000,合計 (人),0024000505,平成24年5月
1078288,1000000,合計 (人),0024000606,平成24年6月
1075550,1000000,合計 (人),0024000707,平成24年7月
1072072,1000000,合計 (人),0024000808,平成24年8月
1067096,1000000,合計 (人),0024000909,平成24年9月
1060858,1000000,合計 (人),0024001010,平成24年10月
1056903,1000000,合計 (人),0024001111,平成24年11月
1051162,1000000,合計 (人),0024001212,平成24年12月
291494,1010000,一般機械 (人),0020000000,平成20年
274479,1010000,一般機械 (人),0021000000,平成21年
273259,1010000,一般機械 (人),0022000000,平成22年
277797,1010000,一般機械 (人),0023000000,平成23年
273504,1010000,一般機械 (人),0024000000,平成24年
279514,1010000,一般機械 (人),0024000101,平成24年1月
279313,1010000,一般機械 (人),0024000202,平成24年2月
279659,1010000,一般機械 (人),0024000303,平成24年3月
281281,1010000,一般機械 (人),0024000404,平成24年4月
281781,1010000,一般機械 (人),0024000505,平成24年5月
280552,1010000,一般機械 (人),0024000606,平成24年6月
280013,1010000,一般機械 (人),0024000707,平成24年7月
278943,1010000,一般機械 (人),0024000808,平成24年8月
276079,1010000,一般機械 (人),0024000909,平成24年9月
274720,1010000,一般機械 (人),0024001010,平成24年10月
274352,1010000,一般機械 (人),0024001111,平成24年11月
273504,1010000,一般機械 (人),0024001212,平成24年12月
27370,1010100,一般機械 ボイラ及び原動機 (1) (人),0020000000,平成20年
27828,1010100,一般機械 ボイラ及び原動機 (1) (人),0021000000,平成21年
28481,1010100,一般機械 ボイラ及び原動機 (1) (人),0022000000,平成22年
29687,1010100,一般機械 ボイラ及び原動機 (1) (人),0023000000,平成23年
30537,1010100,一般機械 ボイラ及び原動機 (1) (人),0024000000,平成24年
30411,1010100,一般機械 ボイラ及び原動機 (1) (人),0024000101,平成24年1月
30269,1010100,一般機械 ボイラ及び原動機 (1) (人),0024000202,平成24年2月
30294,1010100,一般機械 ボイラ及び原動機 (1) (人),0024000303,平成24年3月
30658,1010100,一般機械 ボイラ及び原動機 (1) (人),0024000404,平成24年4月
30731,1010100,一般機械 ボイラ及び原動機 (1) (人),0024000505,平成24年5月
30857,1010100,一般機械 ボイラ及び原動機 (1) (人),0024000606,平成24年6月
30713,1010100,一般機械 ボイラ及び原動機 (1) (人),0024000707,平成24年7月
30907,1010100,一般機械 ボイラ及び原動機 (1) (人),0024000808,平成24年8月
30837,1010100,一般機械 ボイラ及び原動機 (1) (人),0024000909,平成24年9月
30469,1010100,一般機械 ボイラ及び原動機 (1) (人),0024001010,平成24年10月
30447,1010100,一般機械 ボイラ及び原動機 (1) (人),0024001111,平成24年11月
30537,1010100,一般機械 ボイラ及び原動機 (1) (人),0024001212,平成24年12月
13282,1010200,一般機械 土木建設機械、鉱山機械及び破砕機 (2) (人),0020000000,平成20年
12775,1010200,一般機械 土木建設機械、鉱山機械及び破砕機 (2) (人),0021000000,平成21年
13156,1010200,一般機械 土木建設機械、鉱山機械及び破砕機 (2) (人),0022000000,平成22年
13532,1010200,一般機械 土木建設機械、鉱山機械及び破砕機 (2) (人),0023000000,平成23年
11571,1010200,一般機械 土木建設機械、鉱山機械及び破砕機 (2) (人),0024000000,平成24年
13555,1010200,一般機械 土木建設機械、鉱山機械及び破砕機 (2) (人),0024000101,平成24年1月
13511,1010200,一般機械 土木建設機械、鉱山機械及び破砕機 (2) (人),0024000202,平成24年2月
13687,1010200,一般機械 土木建設機械、鉱山機械及び破砕機 (2) (人),0024000303,平成24年3月
13793,1010200,一般機械 土木建設機械、鉱山機械及び破砕機 (2) (人),0024000404,平成24年4月
13949,1010200,一般機械 土木建設機械、鉱山機械及び破砕機 (2) (人),0024000505,平成24年5月
13991,1010200,一般機械 土木建設機械、鉱山機械及び破砕機 (2) (人),0024000606,平成24年6月
13857,1010200,一般機械 土木建設機械、鉱山機械及び破砕機 (2) (人),0024000707,平成24年7月
13873,1010200,一般機械 土木建設機械、鉱山機械及び破砕機 (2) (人),0024000808,平成24年8月
11714,1010200,一般機械 土木建設機械、鉱山機械及び破砕機 (2) (人),0024000909,平成24年9月
11626,1010200,一般機械 土木建設機械、鉱山機械及び破砕機 (2) (人),0024001010,平成24年10月
11673,1010200,一般機械 土木建設機械、鉱山機械及び破砕機 (2) (人),0024001111,平成24年11月
11571,1010200,一般機械 土木建設機械、鉱山機械及び破砕機 (2) (人),0024001212,平成24年12月
7921,1010300,一般機械 化学機械及び貯蔵槽 (3) (人),0020000000,平成20年
9195,1010300,一般機械 化学機械及び貯蔵槽 (3) (人),0021000000,平成21年
8193,1010300,一般機械 化学機械及び貯蔵槽 (3) (人),0022000000,平成22年
7530,1010300,一般機械 化学機械及び貯蔵槽 (3) (人),0023000000,平成23年
7777,1010300,一般機械 化学機械及び貯蔵槽 (3) (人),0024000000,平成24年
8385,1010300,一般機械 化学機械及び貯蔵槽 (3) (人),0024000101,平成24年1月
7895,1010300,一般機械 化学機械及び貯蔵槽 (3) (人),0024000202,平成24年2月
8226,1010300,一般機械 化学機械及び貯蔵槽 (3) (人),0024000303,平成24年3月
7511,1010300,一般機械 化学機械及び貯蔵槽 (3) (人),0024000404,平成24年4月
8822,1010300,一般機械 化学機械及び貯蔵槽 (3) (人),0024000505,平成24年5月
8003,1010300,一般機械 化学機械及び貯蔵槽 (3) (人),0024000606,平成24年6月
7512,1010300,一般機械 化学機械及び貯蔵槽 (3) (人),0024000707,平成24年7月
8653,1010300,一般機械 化学機械及び貯蔵槽 (3) (人),0024000808,平成24年8月
8086,1010300,一般機械 化学機械及び貯蔵槽 (3) (人),0024000909,平成24年9月
7743,1010300,一般機械 化学機械及び貯蔵槽 (3) (人),0024001010,平成24年10月
7603,1010300,一般機械 化学機械及び貯蔵槽 (3) (人),0024001111,平成24年11月
7777,1010300,一般機械 化学機械及び貯蔵槽 (3) (人),0024001212,平成24年12月
11984,1010400,一般機械 製紙機械、プラスチック加工機械、印刷・製版・製本及び紙工機械 (4) (人),0020000000,平成20年
10445,1010400,一般機械 製紙機械、プラスチック加工機械、印刷・製版・製本及び紙工機械 (4) (人),0021000000,平成21年
9914,1010400,一般機械 製紙機械、プラスチック加工機械、印刷・製版・製本及び紙工機械 (4) (人),0022000000,平成22年
9827,1010400,一般機械 製紙機械、プラスチック加工機械、印刷・製版・製本及び紙工機械 (4) (人),0023000000,平成23年
9359,1010400,一般機械 製紙機械、プラスチック加工機械、印刷・製版・製本及び紙工機械 (4) (人),0024000000,平成24年
9691,1010400,一般機械 製紙機械、プラスチック加工機械、印刷・製版・製本及び紙工機械 (4) (人),0024000101,平成24年1月
9735,1010400,一般機械 製紙機械、プラスチック加工機械、印刷・製版・製本及び紙工機械 (4) (人),0024000202,平成24年2月
9788,1010400,一般機械 製紙機械、プラスチック加工機械、印刷・製版・製本及び紙工機械 (4) (人),0024000303,平成24年3月
9706,1010400,一般機械 製紙機械、プラスチック加工機械、印刷・製版・製本及び紙工機械 (4) (人),0024000404,平成24年4月
9683,1010400,一般機械 製紙機械、プラスチック加工機械、印刷・製版・製本及び紙工機械 (4) (人),0024000505,平成24年5月
9637,1010400,一般機械 製紙機械、プラスチック加工機械、印刷・製版・製本及び紙工機械 (4) (人),0024000606,平成24年6月
9724,1010400,一般機械 製紙機械、プラスチック加工機械、印刷・製版・製本及び紙工機械 (4) (人),0024000707,平成24年7月
9664,1010400,一般機械 製紙機械、プラスチック加工機械、印刷・製版・製本及び紙工機械 (4) (人),0024000808,平成24年8月
9451,1010400,一般機械 製紙機械、プラスチック加工機械、印刷・製版・製本及び紙工機械 (4) (人),0024000909,平成24年9月
9358,1010400,一般機械 製紙機械、プラスチック加工機械、印刷・製版・製本及び紙工機械 (4) (人),0024001010,平成24年10月
9375,1010400,一般機械 製紙機械、プラスチック加工機械、印刷・製版・製本及び紙工機械 (4) (人),0024001111,平成24年11月
9359,1010400,一般機械 製紙機械、プラスチック加工機械、印刷・製版・製本及び紙工機械 (4) (人),0024001212,平成24年12月
4910,1010410,一般機械 製紙機械、プラスチック加工機械 (4-1) (人),0020000000,平成20年
4002,1010410,一般機械 製紙機械、プラスチック加工機械 (4-1) (人),0021000000,平成21年
3934,1010410,一般機械 製紙機械、プラスチック加工機械 (4-1) (人),0022000000,平成22年
4503,1010410,一般機械 製紙機械、プラスチック加工機械 (4-1) (人),0023000000,平成23年
4452,1010410,一般機械 製紙機械、プラスチック加工機械 (4-1) (人),0024000000,平成24年
4352,1010410,一般機械 製紙機械、プラスチック加工機械 (4-1) (人),0024000101,平成24年1月
4470,1010410,一般機械 製紙機械、プラスチック加工機械 (4-1) (人),0024000202,平成24年2月
4520,1010410,一般機械 製紙機械、プラスチック加工機械 (4-1) (人),0024000303,平成24年3月
4487,1010410,一般機械 製紙機械、プラスチック加工機械 (4-1) (人),0024000404,平成24年4月
4427,1010410,一般機械 製紙機械、プラスチック加工機械 (4-1) (人),0024000505,平成24年5月
4489,1010410,一般機械 製紙機械、プラスチック加工機械 (4-1) (人),0024000606,平成24年6月
4458,1010410,一般機械 製紙機械、プラスチック加工機械 (4-1) (人),0024000707,平成24年7月
4685,1010410,一般機械 製紙機械、プラスチック加工機械 (4-1) (人),0024000808,平成24年8月
4478,1010410,一般機械 製紙機械、プラスチック加工機械 (4-1) (人),0024000909,平成24年9月
4452,1010410,一般機械 製紙機械、プラスチック加工機械 (4-1) (人),0024001010,平成24年10月
4485,1010410,一般機械 製紙機械、プラスチック加工機械 (4-1) (人),0024001111,平成24年11月
4452,1010410,一般機械 製紙機械、プラスチック加工機械 (4-1) (人),0024001212,平成24年12月
7074,1010420,一般機械 印刷・製版・製本及び紙工機械 (4-2) (人),0020000000,平成20年
6443,1010420,一般機械 印刷・製版・製本及び紙工機械 (4-2) (人),0021000000,平成21年
5980,1010420,一般機械 印刷・製版・製本及び紙工機械 (4-2) (人),0022000000,平成22年
5324,1010420,一般機械 印刷・製版・製本及び紙工機械 (4-2) (人),0023000000,平成23年
4907,1010420,一般機械 印刷・製版・製本及び紙工機械 (4-2) (人),0024000000,平成24年
5339,1010420,一般機械 印刷・製版・製本及び紙工機械 (4-2) (人),0024000101,平成24年1月
5265,1010420,一般機械 印刷・製版・製本及び紙工機械 (4-2) (人),0024000202,平成24年2月
5268,1010420,一般機械 印刷・製版・製本及び紙工機械 (4-2) (人),0024000303,平成24年3月
5219,1010420,一般機械 印刷・製版・製本及び紙工機械 (4-2) (人),0024000404,平成24年4月
5256,1010420,一般機械 印刷・製版・製本及び紙工機械 (4-2) (人),0024000505,平成24年5月
5148,1010420,一般機械 印刷・製版・製本及び紙工機械 (4-2) (人),0024000606,平成24年6月
5266,1010420,一般機械 印刷・製版・製本及び紙工機械 (4-2) (人),0024000707,平成24年7月
4979,1010420,一般機械 印刷・製版・製本及び紙工機械 (4-2) (人),0024000808,平成24年8月
4973,1010420,一般機械 印刷・製版・製本及び紙工機械 (4-2) (人),0024000909,平成24年9月
4906,1010420,一般機械 印刷・製版・製本及び紙工機械 (4-2) (人),0024001010,平成24年10月
4890,1010420,一般機械 印刷・製版・製本及び紙工機械 (4-2) (人),0024001111,平成24年11月
4907,1010420,一般機械 印刷・製版・製本及び紙工機械 (4-2) (人),0024001212,平成24年12月
14882,1010600,一般機械 ポンプ、圧縮機及び送風機 (6) (人),0020000000,平成20年
13964,1010600,一般機械 ポンプ、圧縮機及び送風機 (6) (人),0021000000,平成21年
13864,1010600,一般機械 ポンプ、圧縮機及び送風機 (6) (人),0022000000,平成22年
14599,1010600,一般機械 ポンプ、圧縮機及び送風機 (6) (人),0023000000,平成23年
14324,1010600,一般機械 ポンプ、圧縮機及び送風機 (6) (人),0024000000,平成24年
13841,1010600,一般機械 ポンプ、圧縮機及び送風機 (6) (人),0024000101,平成24年1月
14531,1010600,一般機械 ポンプ、圧縮機及び送風機 (6) (人),0024000202,平成24年2月
14304,1010600,一般機械 ポンプ、圧縮機及び送風機 (6) (人),0024000303,平成24年3月
15447,1010600,一般機械 ポンプ、圧縮機及び送風機 (6) (人),0024000404,平成24年4月
14035,1010600,一般機械 ポンプ、圧縮機及び送風機 (6) (人),0024000505,平成24年5月
14345,1010600,一般機械 ポンプ、圧縮機及び送風機 (6) (人),0024000606,平成24年6月
15025,1010600,一般機械 ポンプ、圧縮機及び送風機 (6) (人),0024000707,平成24年7月
13984,1010600,一般機械 ポンプ、圧縮機及び送風機 (6) (人),0024000808,平成24年8月
14492,1010600,一般機械 ポンプ、圧縮機及び送風機 (6) (人),0024000909,平成24年9月
14648,1010600,一般機械 ポンプ、圧縮機及び送風機 (6) (人),0024001010,平成24年10月
14563,1010600,一般機械 ポンプ、圧縮機及び送風機 (6) (人),0024001111,平成24年11月
14324,1010600,一般機械 ポンプ、圧縮機及び送風機 (6) (人),0024001212,平成24年12月
13207,1010700,一般機械 油圧機器及び空気圧機器 (7) (人),0020000000,平成20年
11880,1010700,一般機械 油圧機器及び空気圧機器 (7) (人),0021000000,平成21年
12952,1010700,一般機械 油圧機器及び空気圧機器 (7) (人),0022000000,平成22年
13760,1010700,一般機械 油圧機器及び空気圧機器 (7) (人),0023000000,平成23年
13249,1010700,一般機械 油圧機器及び空気圧機器 (7) (人),0024000000,平成24年
13795,1010700,一般機械 油圧機器及び空気圧機器 (7) (人),0024000101,平成24年1月
13810,1010700,一般機械 油圧機器及び空気圧機器 (7) (人),0024000202,平成24年2月
13643,1010700,一般機械 油圧機器及び空気圧機器 (7) (人),0024000303,平成24年3月
13662,1010700,一般機械 油圧機器及び空気圧機器 (7) (人),0024000404,平成24年4月
13591,1010700,一般機械 油圧機器及び空気圧機器 (7) (人),0024000505,平成24年5月
13621,1010700,一般機械 油圧機器及び空気圧機器 (7) (人),0024000606,平成24年6月
13634,1010700,一般機械 油圧機器及び空気圧機器 (7) (人),0024000707,平成24年7月
13707,1010700,一般機械 油圧機器及び空気圧機器 (7) (人),0024000808,平成24年8月
13669,1010700,一般機械 油圧機器及び空気圧機器 (7) (人),0024000909,平成24年9月
13568,1010700,一般機械 油圧機器及び空気圧機器 (7) (人),0024001010,平成24年10月
13372,1010700,一般機械 油圧機器及び空気圧機器 (7) (人),0024001111,平成24年11月
13249,1010700,一般機械 油圧機器及び空気圧機器 (7) (人),0024001212,平成24年12月
22485,1010800,一般機械 運搬機械及び産業用ロボット (8) (人),0020000000,平成20年
19981,1010800,一般機械 運搬機械及び産業用ロボット (8) (人),0021000000,平成21年
20325,1010800,一般機械 運搬機械及び産業用ロボット (8) (人),0022000000,平成22年
20460,1010800,一般機械 運搬機械及び産業用ロボット (8) (人),0023000000,平成23年
19930,1010800,一般機械 運搬機械及び産業用ロボット (8) (人),0024000000,平成24年
20271,1010800,一般機械 運搬機械及び産業用ロボット (8) (人),0024000101,平成24年1月
20222,1010800,一般機械 運搬機械及び産業用ロボット (8) (人),0024000202,平成24年2月
20498,1010800,一般機械 運搬機械及び産業用ロボット (8) (人),0024000303,平成24年3月
20256,1010800,一般機械 運搬機械及び産業用ロボット (8) (人),0024000404,平成24年4月
20540,1010800,一般機械 運搬機械及び産業用ロボット (8) (人),0024000505,平成24年5月
20209,1010800,一般機械 運搬機械及び産業用ロボット (8) (人),0024000606,平成24年6月
20116,1010800,一般機械 運搬機械及び産業用ロボット (8) (人),0024000707,平成24年7月
20014,1010800,一般機械 運搬機械及び産業用ロボット (8) (人),0024000808,平成24年8月
20196,1010800,一般機械 運搬機械及び産業用ロボット (8) (人),0024000909,平成24年9月
20109,1010800,一般機械 運搬機械及び産業用ロボット (8) (人),0024001010,平成24年10月
19873,1010800,一般機械 運搬機械及び産業用ロボット (8) (人),0024001111,平成24年11月
19930,1010800,一般機械 運搬機械及び産業用ロボット (8) (人),0024001212,平成24年12月
13027,1010900,一般機械 動力伝導装置 (9) (人),0020000000,平成20年
12312,1010900,一般機械 動力伝導装置 (9) (人),0021000000,平成21年
12392,1010900,一般機械 動力伝導装置 (9) (人),0022000000,平成22年
12946,1010900,一般機械 動力伝導装置 (9) (人),0023000000,平成23年
13488,1010900,一般機械 動力伝導装置 (9) (人),0024000000,平成24年
13082,1010900,一般機械 動力伝導装置 (9) (人),0024000101,平成24年1月
13083,1010900,一般機械 動力伝導装置 (9) (人),0024000202,平成24年2月
12912,1010900,一般機械 動力伝導装置 (9) (人),0024000303,平成24年3月
13093,1010900,一般機械 動力伝導装置 (9) (人),0024000404,平成24年4月
13118,1010900,一般機械 動力伝導装置 (9) (人),0024000505,平成24年5月
13172,1010900,一般機械 動力伝導装置 (9) (人),0024000606,平成24年6月
13158,1010900,一般機械 動力伝導装置 (9) (人),0024000707,平成24年7月
13106,1010900,一般機械 動力伝導装置 (9) (人),0024000808,平成24年8月
13012,1010900,一般機械 動力伝導装置 (9) (人),0024000909,平成24年9月
13227,1010900,一般機械 動力伝導装置 (9) (人),0024001010,平成24年10月
13514,1010900,一般機械 動力伝導装置 (9) (人),0024001111,平成24年11月
13488,1010900,一般機械 動力伝導装置 (9) (人),0024001212,平成24年12月
10534,1011000,一般機械 農業用機械器具及び木材加工機械 (10) (人),0020000000,平成20年
10106,1011000,一般機械 農業用機械器具及び木材加工機械 (10) (人),0021000000,平成21年
10463,1011000,一般機械 農業用機械器具及び木材加工機械 (10) (人),0022000000,平成22年
10568,1011000,一般機械 農業用機械器具及び木材加工機械 (10) (人),0023000000,平成23年
10544,1011000,一般機械 農業用機械器具及び木材加工機械 (10) (人),0024000000,平成24年
10569,1011000,一般機械 農業用機械器具及び木材加工機械 (10) (人),0024000101,平成24年1月
10543,1011000,一般機械 農業用機械器具及び木材加工機械 (10) (人),0024000202,平成24年2月
10700,1011000,一般機械 農業用機械器具及び木材加工機械 (10) (人),0024000303,平成24年3月
10736,1011000,一般機械 農業用機械器具及び木材加工機械 (10) (人),0024000404,平成24年4月
10765,1011000,一般機械 農業用機械器具及び木材加工機械 (10) (人),0024000505,平成24年5月
10679,1011000,一般機械 農業用機械器具及び木材加工機械 (10) (人),0024000606,平成24年6月
10798,1011000,一般機械 農業用機械器具及び木材加工機械 (10) (人),0024000707,平成24年7月
10690,1011000,一般機械 農業用機械器具及び木材加工機械 (10) (人),0024000808,平成24年8月
10619,1011000,一般機械 農業用機械器具及び木材加工機械 (10) (人),0024000909,平成24年9月
10561,1011000,一般機械 農業用機械器具及び木材加工機械 (10) (人),0024001010,平成24年10月
10598,1011000,一般機械 農業用機械器具及び木材加工機械 (10) (人),0024001111,平成24年11月
10544,1011000,一般機械 農業用機械器具及び木材加工機械 (10) (人),0024001212,平成24年12月
8509,1011010,一般機械 農業用機械器具 (10-1) (人),0020000000,平成20年
8162,1011010,一般機械 農業用機械器具 (10-1) (人),0021000000,平成21年
8539,1011010,一般機械 農業用機械器具 (10-1) (人),0022000000,平成22年
8814,1011010,一般機械 農業用機械器具 (10-1) (人),0023000000,平成23年
8732,1011010,一般機械 農業用機械器具 (10-1) (人),0024000000,平成24年
8731,1011010,一般機械 農業用機械器具 (10-1) (人),0024000101,平成24年1月
8684,1011010,一般機械 農業用機械器具 (10-1) (人),0024000202,平成24年2月
8830,1011010,一般機械 農業用機械器具 (10-1) (人),0024000303,平成24年3月
8914,1011010,一般機械 農業用機械器具 (10-1) (人),0024000404,平成24年4月
8929,1011010,一般機械 農業用機械器具 (10-1) (人),0024000505,平成24年5月
8855,1011010,一般機械 農業用機械器具 (10-1) (人),0024000606,平成24年6月
8878,1011010,一般機械 農業用機械器具 (10-1) (人),0024000707,平成24年7月
8869,1011010,一般機械 農業用機械器具 (10-1) (人),0024000808,平成24年8月
8810,1011010,一般機械 農業用機械器具 (10-1) (人),0024000909,平成24年9月
8789,1011010,一般機械 農業用機械器具 (10-1) (人),0024001010,平成24年10月
8822,1011010,一般機械 農業用機械器具 (10-1) (人),0024001111,平成24年11月
8732,1011010,一般機械 農業用機械器具 (10-1) (人),0024001212,平成24年12月
2025,1011020,一般機械 木材加工機械 (10-2) (人),0020000000,平成20年
1944,1011020,一般機械 木材加工機械 (10-2) (人),0021000000,平成21年
1924,1011020,一般機械 木材加工機械 (10-2) (人),0022000000,平成22年
1754,1011020,一般機械 木材加工機械 (10-2) (人),0023000000,平成23年
1812,1011020,一般機械 木材加工機械 (10-2) (人),0024000000,平成24年
1838,1011020,一般機械 木材加工機械 (10-2) (人),0024000101,平成24年1月
1859,1011020,一般機械 木材加工機械 (10-2) (人),0024000202,平成24年2月
1870,1011020,一般機械 木材加工機械 (10-2) (人),0024000303,平成24年3月
1822,1011020,一般機械 木材加工機械 (10-2) (人),0024000404,平成24年4月
1836,1011020,一般機械 木材加工機械 (10-2) (人),0024000505,平成24年5月
1824,1011020,一般機械 木材加工機械 (10-2) (人),0024000606,平成24年6月
1920,1011020,一般機械 木材加工機械 (10-2) (人),0024000707,平成24年7月
1821,1011020,一般機械 木材加工機械 (10-2) (人),0024000808,平成24年8月
1809,1011020,一般機械 木材加工機械 (10-2) (人),0024000909,平成24年9月
1772,1011020,一般機械 木材加工機械 (10-2) (人),0024001010,平成24年10月
1776,1011020,一般機械 木材加工機械 (10-2) (人),0024001111,平成24年11月
1812,1011020,一般機械 木材加工機械 (10-2) (人),0024001212,平成24年12月
25362,1011100,一般機械 金属工作機械 (11) (人),0020000000,平成20年
23974,1011100,一般機械 金属工作機械 (11) (人),0021000000,平成21年
23404,1011100,一般機械 金属工作機械 (11) (人),0022000000,平成22年
24943,1011100,一般機械 金属工作機械 (11) (人),0023000000,平成23年
25333,1011100,一般機械 金属工作機械 (11) (人),0024000000,平成24年
25140,1011100,一般機械 金属工作機械 (11) (人),0024000101,平成24年1月
25149,1011100,一般機械 金属工作機械 (11) (人),0024000202,平成24年2月
25107,1011100,一般機械 金属工作機械 (11) (人),0024000303,平成24年3月
25818,1011100,一般機械 金属工作機械 (11) (人),0024000404,平成24年4月
25881,1011100,一般機械 金属工作機械 (11) (人),0024000505,平成24年5月
25883,1011100,一般機械 金属工作機械 (11) (人),0024000606,平成24年6月
25810,1011100,一般機械 金属工作機械 (11) (人),0024000707,平成24年7月
25676,1011100,一般機械 金属工作機械 (11) (人),0024000808,平成24年8月
25578,1011100,一般機械 金属工作機械 (11) (人),0024000909,平成24年9月
25514,1011100,一般機械 金属工作機械 (11) (人),0024001010,平成24年10月
25394,1011100,一般機械 金属工作機械 (11) (人),0024001111,平成24年11月
25333,1011100,一般機械 金属工作機械 (11) (人),0024001212,平成24年12月
8136,1011200,一般機械 金属加工機械及び鋳造装置 (12) (人),0020000000,平成20年
7428,1011200,一般機械 金属加工機械及び鋳造装置 (12) (人),0021000000,平成21年
6196,1011200,一般機械 金属加工機械及び鋳造装置 (12) (人),0022000000,平成22年
5850,1011200,一般機械 金属加工機械及び鋳造装置 (12) (人),0023000000,平成23年
5650,1011200,一般機械 金属加工機械及び鋳造装置 (12) (人),0024000000,平成24年
5575,1011200,一般機械 金属加工機械及び鋳造装置 (12) (人),0024000101,平成24年1月
5660,1011200,一般機械 金属加工機械及び鋳造装置 (12) (人),0024000202,平成24年2月
5671,1011200,一般機械 金属加工機械及び鋳造装置 (12) (人),0024000303,平成24年3月
5631,1011200,一般機械 金属加工機械及び鋳造装置 (12) (人),0024000404,平成24年4月
5603,1011200,一般機械 金属加工機械及び鋳造装置 (12) (人),0024000505,平成24年5月
5589,1011200,一般機械 金属加工機械及び鋳造装置 (12) (人),0024000606,平成24年6月
5798,1011200,一般機械 金属加工機械及び鋳造装置 (12) (人),0024000707,平成24年7月
5623,1011200,一般機械 金属加工機械及び鋳造装置 (12) (人),0024000808,平成24年8月
5809,1011200,一般機械 金属加工機械及び鋳造装置 (12) (人),0024000909,平成24年9月
5690,1011200,一般機械 金属加工機械及び鋳造装置 (12) (人),0024001010,平成24年10月
5881,1011200,一般機械 金属加工機械及び鋳造装置 (12) (人),0024001111,平成24年11月
5650,1011200,一般機械 金属加工機械及び鋳造装置 (12) (人),0024001212,平成24年12月
9143,1011400,一般機械 食料品加工機械、包装機械及び荷造機械 (14) (人),0020000000,平成20年
9005,1011400,一般機械 食料品加工機械、包装機械及び荷造機械 (14) (人),0021000000,平成21年
8938,1011400,一般機械 食料品加工機械、包装機械及び荷造機械 (14) (人),0022000000,平成22年
8838,1011400,一般機械 食料品加工機械、包装機械及び荷造機械 (14) (人),0023000000,平成23年
8746,1011400,一般機械 食料品加工機械、包装機械及び荷造機械 (14) (人),0024000000,平成24年
8865,1011400,一般機械 食料品加工機械、包装機械及び荷造機械 (14) (人),0024000101,平成24年1月
8836,1011400,一般機械 食料品加工機械、包装機械及び荷造機械 (14) (人),0024000202,平成24年2月
8873,1011400,一般機械 食料品加工機械、包装機械及び荷造機械 (14) (人),0024000303,平成24年3月
9042,1011400,一般機械 食料品加工機械、包装機械及び荷造機械 (14) (人),0024000404,平成24年4月
9082,1011400,一般機械 食料品加工機械、包装機械及び荷造機械 (14) (人),0024000505,平成24年5月
9138,1011400,一般機械 食料品加工機械、包装機械及び荷造機械 (14) (人),0024000606,平成24年6月
9144,1011400,一般機械 食料品加工機械、包装機械及び荷造機械 (14) (人),0024000707,平成24年7月
9136,1011400,一般機械 食料品加工機械、包装機械及び荷造機械 (14) (人),0024000808,平成24年8月
9089,1011400,一般機械 食料品加工機械、包装機械及び荷造機械 (14) (人),0024000909,平成24年9月
8775,1011400,一般機械 食料品加工機械、包装機械及び荷造機械 (14) (人),0024001010,平成24年10月
8746,1011400,一般機械 食料品加工機械、包装機械及び荷造機械 (14) (人),0024001111,平成24年11月
8746,1011400,一般機械 食料品加工機械、包装機械及び荷造機械 (14) (人),0024001212,平成24年12月
5463,1011600,一般機械 事務用機械 (16) (人),0020000000,平成20年
4692,1011600,一般機械 事務用機械 (16) (人),0021000000,平成21年
3682,1011600,一般機械 事務用機械 (16) (人),0022000000,平成22年
3387,1011600,一般機械 事務用機械 (16) (人),0023000000,平成23年
2947,1011600,一般機械 事務用機械 (16) (人),0024000000,平成24年
3571,1011600,一般機械 事務用機械 (16) (人),0024000101,平成24年1月
3049,1011600,一般機械 事務用機械 (16) (人),0024000202,平成24年2月
3034,1011600,一般機械 事務用機械 (16) (人),0024000303,平成24年3月
3020,1011600,一般機械 事務用機械 (16) (人),0024000404,平成24年4月
3005,1011600,一般機械 事務用機械 (16) (人),0024000505,平成24年5月
2977,1011600,一般機械 事務用機械 (16) (人),0024000606,平成24年6月
2982,1011600,一般機械 事務用機械 (16) (人),0024000707,平成24年7月
2972,1011600,一般機械 事務用機械 (16) (人),0024000808,平成24年8月
2940,1011600,一般機械 事務用機械 (16) (人),0024000909,平成24年9月
2941,1011600,一般機械 事務用機械 (16) (人),0024001010,平成24年10月
2940,1011600,一般機械 事務用機械 (16) (人),0024001111,平成24年11月
2947,1011600,一般機械 事務用機械 (16) (人),0024001212,平成24年12月
5153,1011700,一般機械 ミシン及び繊維機械 (17) (人),0020000000,平成20年
4787,1011700,一般機械 ミシン及び繊維機械 (17) (人),0021000000,平成21年
5104,1011700,一般機械 ミシン及び繊維機械 (17) (人),0022000000,平成22年
5015,1011700,一般機械 ミシン及び繊維機械 (17) (人),0023000000,平成23年
4743,1011700,一般機械 ミシン及び繊維機械 (17) (人),0024000000,平成24年
4954,1011700,一般機械 ミシン及び繊維機械 (17) (人),0024000101,平成24年1月
4938,1011700,一般機械 ミシン及び繊維機械 (17) (人),0024000202,平成24年2月
4861,1011700,一般機械 ミシン及び繊維機械 (17) (人),0024000303,平成24年3月
4907,1011700,一般機械 ミシン及び繊維機械 (17) (人),0024000404,平成24年4月
4891,1011700,一般機械 ミシン及び繊維機械 (17) (人),0024000505,平成24年5月
4836,1011700,一般機械 ミシン及び繊維機械 (17) (人),0024000606,平成24年6月
4798,1011700,一般機械 ミシン及び繊維機械 (17) (人),0024000707,平成24年7月
4835,1011700,一般機械 ミシン及び繊維機械 (17) (人),0024000808,平成24年8月
4832,1011700,一般機械 ミシン及び繊維機械 (17) (人),0024000909,平成24年9月
4810,1011700,一般機械 ミシン及び繊維機械 (17) (人),0024001010,平成24年10月
4783,1011700,一般機械 ミシン及び繊維機械 (17) (人),0024001111,平成24年11月
4743,1011700,一般機械 ミシン及び繊維機械 (17) (人),0024001212,平成24年12月
1680,1011710,一般機械 ミシン (17-1) (人),0020000000,平成20年
1535,1011710,一般機械 ミシン (17-1) (人),0021000000,平成21年
1581,1011710,一般機械 ミシン (17-1) (人),0022000000,平成22年
1522,1011710,一般機械 ミシン (17-1) (人),0023000000,平成23年
1491,1011710,一般機械 ミシン (17-1) (人),0024000000,平成24年
1518,1011710,一般機械 ミシン (17-1) (人),0024000101,平成24年1月
1502,1011710,一般機械 ミシン (17-1) (人),0024000202,平成24年2月
1501,1011710,一般機械 ミシン (17-1) (人),0024000303,平成24年3月
1486,1011710,一般機械 ミシン (17-1) (人),0024000404,平成24年4月
1476,1011710,一般機械 ミシン (17-1) (人),0024000505,平成24年5月
1472,1011710,一般機械 ミシン (17-1) (人),0024000606,平成24年6月
1451,1011710,一般機械 ミシン (17-1) (人),0024000707,平成24年7月
1503,1011710,一般機械 ミシン (17-1) (人),0024000808,平成24年8月
1500,1011710,一般機械 ミシン (17-1) (人),0024000909,平成24年9月
1497,1011710,一般機械 ミシン (17-1) (人),0024001010,平成24年10月
1494,1011710,一般機械 ミシン (17-1) (人),0024001111,平成24年11月
1491,1011710,一般機械 ミシン (17-1) (人),0024001212,平成24年12月
3473,1011720,一般機械 繊維機械 (17-2) (人),0020000000,平成20年
3252,1011720,一般機械 繊維機械 (17-2) (人),0021000000,平成21年
3523,1011720,一般機械 繊維機械 (17-2) (人),0022000000,平成22年
3493,1011720,一般機械 繊維機械 (17-2) (人),0023000000,平成23年
3252,1011720,一般機械 繊維機械 (17-2) (人),0024000000,平成24年
3436,1011720,一般機械 繊維機械 (17-2) (人),0024000101,平成24年1月
3436,1011720,一般機械 繊維機械 (17-2) (人),0024000202,平成24年2月
3360,1011720,一般機械 繊維機械 (17-2) (人),0024000303,平成24年3月
3421,1011720,一般機械 繊維機械 (17-2) (人),0024000404,平成24年4月
3415,1011720,一般機械 繊維機械 (17-2) (人),0024000505,平成24年5月
3364,1011720,一般機械 繊維機械 (17-2) (人),0024000606,平成24年6月
3347,1011720,一般機械 繊維機械 (17-2) (人),0024000707,平成24年7月
3332,1011720,一般機械 繊維機械 (17-2) (人),0024000808,平成24年8月
3332,1011720,一般機械 繊維機械 (17-2) (人),0024000909,平成24年9月
3313,1011720,一般機械 繊維機械 (17-2) (人),0024001010,平成24年10月
3289,1011720,一般機械 繊維機械 (17-2) (人),0024001111,平成24年11月
3252,1011720,一般機械 繊維機械 (17-2) (人),0024001212,平成24年12月
21365,1011800,一般機械 冷凍機及び冷凍機応用製品 (18) (人),0020000000,平成20年
20178,1011800,一般機械 冷凍機及び冷凍機応用製品 (18) (人),0021000000,平成21年
20637,1011800,一般機械 冷凍機及び冷凍機応用製品 (18) (人),0022000000,平成22年
20521,1011800,一般機械 冷凍機及び冷凍機応用製品 (18) (人),0023000000,平成23年
19782,1011800,一般機械 冷凍機及び冷凍機応用製品 (18) (人),0024000000,平成24年
20774,1011800,一般機械 冷凍機及び冷凍機応用製品 (18) (人),0024000101,平成24年1月
20926,1011800,一般機械 冷凍機及び冷凍機応用製品 (18) (人),0024000202,平成24年2月
20955,1011800,一般機械 冷凍機及び冷凍機応用製品 (18) (人),0024000303,平成24年3月
20780,1011800,一般機械 冷凍機及び冷凍機応用製品 (18) (人),0024000404,平成24年4月
20994,1011800,一般機械 冷凍機及び冷凍機応用製品 (18) (人),0024000505,平成24年5月
21033,1011800,一般機械 冷凍機及び冷凍機応用製品 (18) (人),0024000606,平成24年6月
20694,1011800,一般機械 冷凍機及び冷凍機応用製品 (18) (人),0024000707,平成24年7月
20079,1011800,一般機械 冷凍機及び冷凍機応用製品 (18) (人),0024000808,平成24年8月
19824,1011800,一般機械 冷凍機及び冷凍機応用製品 (18) (人),0024000909,平成24年9月
19745,1011800,一般機械 冷凍機及び冷凍機応用製品 (18) (人),0024001010,平成24年10月
19809,1011800,一般機械 冷凍機及び冷凍機応用製品 (18) (人),0024001111,平成24年11月
19782,1011800,一般機械 冷凍機及び冷凍機応用製品 (18) (人),0024001212,平成24年12月
2640,1011900,一般機械 業務用サービス機器 (19) (人),0020000000,平成20年
2368,1011900,一般機械 業務用サービス機器 (19) (人),0021000000,平成21年
2101,1011900,一般機械 業務用サービス機器 (19) (人),0022000000,平成22年
2172,1011900,一般機械 業務用サービス機器 (19) (人),0023000000,平成23年
1896,1011900,一般機械 業務用サービス機器 (19) (人),0024000000,平成24年
2097,1011900,一般機械 業務用サービス機器 (19) (人),0024000101,平成24年1月
2103,1011900,一般機械 業務用サービス機器 (19) (人),0024000202,平成24年2月
2107,1011900,一般機械 業務用サービス機器 (19) (人),0024000303,平成24年3月
1954,1011900,一般機械 業務用サービス機器 (19) (人),0024000404,平成24年4月
1986,1011900,一般機械 業務用サービス機器 (19) (人),0024000505,平成24年5月
1980,1011900,一般機械 業務用サービス機器 (19) (人),0024000606,平成24年6月
1981,1011900,一般機械 業務用サービス機器 (19) (人),0024000707,平成24年7月
1963,1011900,一般機械 業務用サービス機器 (19) (人),0024000808,平成24年8月
1962,1011900,一般機械 業務用サービス機器 (19) (人),0024000909,平成24年9月
1902,1011900,一般機械 業務用サービス機器 (19) (人),0024001010,平成24年10月
1902,1011900,一般機械 業務用サービス機器 (19) (人),0024001111,平成24年11月
1896,1011900,一般機械 業務用サービス機器 (19) (人),0024001212,平成24年12月
16686,1012000,一般機械 軸受 (20) (人),0020000000,平成20年
16092,1012000,一般機械 軸受 (20) (人),0021000000,平成21年
16933,1012000,一般機械 軸受 (20) (人),0022000000,平成22年
17699,1012000,一般機械 軸受 (20) (人),0023000000,平成23年
17470,1012000,一般機械 軸受 (20) (人),0024000000,平成24年
17601,1012000,一般機械 軸受 (20) (人),0024000101,平成24年1月
17559,1012000,一般機械 軸受 (20) (人),0024000202,平成24年2月
17490,1012000,一般機械 軸受 (20) (人),0024000303,平成24年3月
17792,1012000,一般機械 軸受 (20) (人),0024000404,平成24年4月
17745,1012000,一般機械 軸受 (20) (人),0024000505,平成24年5月
17693,1012000,一般機械 軸受 (20) (人),0024000606,平成24年6月
17713,1012000,一般機械 軸受 (20) (人),0024000707,平成24年7月
17618,1012000,一般機械 軸受 (20) (人),0024000808,平成24年8月
17567,1012000,一般機械 軸受 (20) (人),0024000909,平成24年9月
17594,1012000,一般機械 軸受 (20) (人),0024001010,平成24年10月
17562,1012000,一般機械 軸受 (20) (人),0024001111,平成24年11月
17470,1012000,一般機械 軸受 (20) (人),0024001212,平成24年12月
28350,1012300,一般機械 金型 (23) (人),0020000000,平成20年
26035,1012300,一般機械 金型 (23) (人),0021000000,平成21年
24951,1012300,一般機械 金型 (23) (人),0022000000,平成22年
24289,1012300,一般機械 金型 (23) (人),0023000000,平成23年
24796,1012300,一般機械 金型 (23) (人),0024000000,平成24年
25245,1012300,一般機械 金型 (23) (人),0024000101,平成24年1月
25205,1012300,一般機械 金型 (23) (人),0024000202,平成24年2月
25102,1012300,一般機械 金型 (23) (人),0024000303,平成24年3月
25245,1012300,一般機械 金型 (23) (人),0024000404,平成24年4月
25137,1012300,一般機械 金型 (23) (人),0024000505,平成24年5月
25084,1012300,一般機械 金型 (23) (人),0024000606,平成24年6月
24924,1012300,一般機械 金型 (23) (人),0024000707,平成24年7月
24858,1012300,一般機械 金型 (23) (人),0024000808,平成24年8月
24904,1012300,一般機械 金型 (23) (人),0024000909,平成24年9月
24915,1012300,一般機械 金型 (23) (人),0024001010,平成24年10月
24863,1012300,一般機械 金型 (23) (人),0024001111,平成24年11月
24796,1012300,一般機械 金型 (23) (人),0024001212,平成24年12月
15579,1012400,一般機械 機械工具 (24) (人),0020000000,平成20年
14253,1012400,一般機械 機械工具 (24) (人),0021000000,平成21年
14187,1012400,一般機械 機械工具 (24) (人),0022000000,平成22年
14797,1012400,一般機械 機械工具 (24) (人),0023000000,平成23年
14855,1012400,一般機械 機械工具 (24) (人),0024000000,平成24年
14791,1012400,一般機械 機械工具 (24) (人),0024000101,平成24年1月
14797,1012400,一般機械 機械工具 (24) (人),0024000202,平成24年2月
14813,1012400,一般機械 機械工具 (24) (人),0024000303,平成24年3月
14935,1012400,一般機械 機械工具 (24) (人),0024000404,平成24年4月
14922,1012400,一般機械 機械工具 (24) (人),0024000505,平成24年5月
14966,1012400,一般機械 機械工具 (24) (人),0024000606,平成24年6月
14965,1012400,一般機械 機械工具 (24) (人),0024000707,平成24年7月
14920,1012400,一般機械 機械工具 (24) (人),0024000808,平成24年8月
14987,1012400,一般機械 機械工具 (24) (人),0024000909,平成24年9月
14989,1012400,一般機械 機械工具 (24) (人),0024001010,平成24年10月
14914,1012400,一般機械 機械工具 (24) (人),0024001111,平成24年11月
14855,1012400,一般機械 機械工具 (24) (人),0024001212,平成24年12月
18925,1015700,一般機械 半導体製造装置及びフラットパネル・ディスプレイ製造装置 (57) (人),0020000000,平成20年
17181,1015700,一般機械 半導体製造装置及びフラットパネル・ディスプレイ製造装置 (57) (人),0021000000,平成21年
17386,1015700,一般機械 半導体製造装置及びフラットパネル・ディスプレイ製造装置 (57) (人),0022000000,平成22年
17377,1015700,一般機械 半導体製造装置及びフラットパネル・ディスプレイ製造装置 (57) (人),0023000000,平成23年
16507,1015700,一般機械 半導体製造装置及びフラットパネル・ディスプレイ製造装置 (57) (人),0024000000,平成24年
17301,1015700,一般機械 半導体製造装置及びフラットパネル・ディスプレイ製造装置 (57) (人),0024000101,平成24年1月
17492,1015700,一般機械 半導体製造装置及びフラットパネル・ディスプレイ製造装置 (57) (人),0024000202,平成24年2月
17594,1015700,一般機械 半導体製造装置及びフラットパネル・ディスプレイ製造装置 (57) (人),0024000303,平成24年3月
17295,1015700,一般機械 半導体製造装置及びフラットパネル・ディスプレイ製造装置 (57) (人),0024000404,平成24年4月
17301,1015700,一般機械 半導体製造装置及びフラットパネル・ディスプレイ製造装置 (57) (人),0024000505,平成24年5月
16859,1015700,一般機械 半導体製造装置及びフラットパネル・ディスプレイ製造装置 (57) (人),0024000606,平成24年6月
16667,1015700,一般機械 半導体製造装置及びフラットパネル・ディスプレイ製造装置 (57) (人),0024000707,平成24年7月
16665,1015700,一般機械 半導体製造装置及びフラットパネル・ディスプレイ製造装置 (57) (人),0024000808,平成24年8月
16511,1015700,一般機械 半導体製造装置及びフラットパネル・ディスプレイ製造装置 (57) (人),0024000909,平成24年9月
16536,1015700,一般機械 半導体製造装置及びフラットパネル・ディスプレイ製造装置 (57) (人),0024001010,平成24年10月
16540,1015700,一般機械 半導体製造装置及びフラットパネル・ディスプレイ製造装置 (57) (人),0024001111,平成24年11月
16507,1015700,一般機械 半導体製造装置及びフラットパネル・ディスプレイ製造装置 (57) (人),0024001212,平成24年12月
153974,1020000,電気機械 (人),0020000000,平成20年
149137,1020000,電気機械 (人),0021000000,平成21年
148853,1020000,電気機械 (人),0022000000,平成22年
151535,1020000,電気機械 (人),0023000000,平成23年
153432,1020000,電気機械 (人),0024000000,平成24年
153944,1020000,電気機械 (人),0024000101,平成24年1月
155266,1020000,電気機械 (人),0024000202,平成24年2月
155223,1020000,電気機械 (人),0024000303,平成24年3月
154815,1020000,電気機械 (人),0024000404,平成24年4月
154681,1020000,電気機械 (人),0024000505,平成24年5月
155115,1020000,電気機械 (人),0024000606,平成24年6月
155436,1020000,電気機械 (人),0024000707,平成24年7月
154926,1020000,電気機械 (人),0024000808,平成24年8月
155616,1020000,電気機械 (人),0024000909,平成24年9月
154491,1020000,電気機械 (人),0024001010,平成24年10月
154109,1020000,電気機械 (人),0024001111,平成24年11月
153432,1020000,電気機械 (人),0024001212,平成24年12月
30566,1022800,電気機械 回転電気機械 (28) (人),0020000000,平成20年
28972,1022800,電気機械 回転電気機械 (28) (人),0021000000,平成21年
29102,1022800,電気機械 回転電気機械 (28) (人),0022000000,平成22年
29081,1022800,電気機械 回転電気機械 (28) (人),0023000000,平成23年
28309,1022800,電気機械 回転電気機械 (28) (人),0024000000,平成24年
29290,1022800,電気機械 回転電気機械 (28) (人),0024000101,平成24年1月
29108,1022800,電気機械 回転電気機械 (28) (人),0024000202,平成24年2月
28990,1022800,電気機械 回転電気機械 (28) (人),0024000303,平成24年3月
28998,1022800,電気機械 回転電気機械 (28) (人),0024000404,平成24年4月
29070,1022800,電気機械 回転電気機械 (28) (人),0024000505,平成24年5月
29193,1022800,電気機械 回転電気機械 (28) (人),0024000606,平成24年6月
28965,1022800,電気機械 回転電気機械 (28) (人),0024000707,平成24年7月
28765,1022800,電気機械 回転電気機械 (28) (人),0024000808,平成24年8月
28532,1022800,電気機械 回転電気機械 (28) (人),0024000909,平成24年9月
28507,1022800,電気機械 回転電気機械 (28) (人),0024001010,平成24年10月
28555,1022800,電気機械 回転電気機械 (28) (人),0024001111,平成24年11月
28309,1022800,電気機械 回転電気機械 (28) (人),0024001212,平成24年12月
18704,1022900,電気機械 静止電気機械器具 (29) (人),0020000000,平成20年
18624,1022900,電気機械 静止電気機械器具 (29) (人),0021000000,平成21年
18294,1022900,電気機械 静止電気機械器具 (29) (人),0022000000,平成22年
17976,1022900,電気機械 静止電気機械器具 (29) (人),0023000000,平成23年
18564,1022900,電気機械 静止電気機械器具 (29) (人),0024000000,平成24年
19010,1022900,電気機械 静止電気機械器具 (29) (人),0024000101,平成24年1月
18901,1022900,電気機械 静止電気機械器具 (29) (人),0024000202,平成24年2月
18664,1022900,電気機械 静止電気機械器具 (29) (人),0024000303,平成24年3月
18869,1022900,電気機械 静止電気機械器具 (29) (人),0024000404,平成24年4月
19187,1022900,電気機械 静止電気機械器具 (29) (人),0024000505,平成24年5月
19026,1022900,電気機械 静止電気機械器具 (29) (人),0024000606,平成24年6月
18949,1022900,電気機械 静止電気機械器具 (29) (人),0024000707,平成24年7月
18904,1022900,電気機械 静止電気機械器具 (29) (人),0024000808,平成24年8月
18915,1022900,電気機械 静止電気機械器具 (29) (人),0024000909,平成24年9月
19128,1022900,電気機械 静止電気機械器具 (29) (人),0024001010,平成24年10月
18812,1022900,電気機械 静止電気機械器具 (29) (人),0024001111,平成24年11月
18564,1022900,電気機械 静止電気機械器具 (29) (人),0024001212,平成24年12月
33387,1023000,電気機械 開閉制御装置 (30) (人),0020000000,平成20年
35927,1023000,電気機械 開閉制御装置 (30) (人),0021000000,平成21年
35625,1023000,電気機械 開閉制御装置 (30) (人),0022000000,平成22年
37917,1023000,電気機械 開閉制御装置 (30) (人),0023000000,平成23年
37291,1023000,電気機械 開閉制御装置 (30) (人),0024000000,平成24年
37504,1023000,電気機械 開閉制御装置 (30) (人),0024000101,平成24年1月
37435,1023000,電気機械 開閉制御装置 (30) (人),0024000202,平成24年2月
37426,1023000,電気機械 開閉制御装置 (30) (人),0024000303,平成24年3月
37282,1023000,電気機械 開閉制御装置 (30) (人),0024000404,平成24年4月
36860,1023000,電気機械 開閉制御装置 (30) (人),0024000505,平成24年5月
37482,1023000,電気機械 開閉制御装置 (30) (人),0024000606,平成24年6月
37340,1023000,電気機械 開閉制御装置 (30) (人),0024000707,平成24年7月
37295,1023000,電気機械 開閉制御装置 (30) (人),0024000808,平成24年8月
37432,1023000,電気機械 開閉制御装置 (30) (人),0024000909,平成24年9月
36762,1023000,電気機械 開閉制御装置 (30) (人),0024001010,平成24年10月
37135,1023000,電気機械 開閉制御装置 (30) (人),0024001111,平成24年11月
37291,1023000,電気機械 開閉制御装置 (30) (人),0024001212,平成24年12月
14485,1023100,電気機械 民生用電気機械器具 (31) (人),0020000000,平成20年
12914,1023100,電気機械 民生用電気機械器具 (31) (人),0021000000,平成21年
12303,1023100,電気機械 民生用電気機械器具 (31) (人),0022000000,平成22年
11962,1023100,電気機械 民生用電気機械器具 (31) (人),0023000000,平成23年
11699,1023100,電気機械 民生用電気機械器具 (31) (人),0024000000,平成24年
11977,1023100,電気機械 民生用電気機械器具 (31) (人),0024000101,平成24年1月
11944,1023100,電気機械 民生用電気機械器具 (31) (人),0024000202,平成24年2月
11865,1023100,電気機械 民生用電気機械器具 (31) (人),0024000303,平成24年3月
11789,1023100,電気機械 民生用電気機械器具 (31) (人),0024000404,平成24年4月
11914,1023100,電気機械 民生用電気機械器具 (31) (人),0024000505,平成24年5月
11992,1023100,電気機械 民生用電気機械器具 (31) (人),0024000606,平成24年6月
12024,1023100,電気機械 民生用電気機械器具 (31) (人),0024000707,平成24年7月
12042,1023100,電気機械 民生用電気機械器具 (31) (人),0024000808,平成24年8月
12217,1023100,電気機械 民生用電気機械器具 (31) (人),0024000909,平成24年9月
11949,1023100,電気機械 民生用電気機械器具 (31) (人),0024001010,平成24年10月
11852,1023100,電気機械 民生用電気機械器具 (31) (人),0024001111,平成24年11月
11699,1023100,電気機械 民生用電気機械器具 (31) (人),0024001212,平成24年12月
20859,1023200,電気機械 電球、配線及び電気照明器具 (32) (人),0020000000,平成20年
20147,1023200,電気機械 電球、配線及び電気照明器具 (32) (人),0021000000,平成21年
19054,1023200,電気機械 電球、配線及び電気照明器具 (32) (人),0022000000,平成22年
18314,1023200,電気機械 電球、配線及び電気照明器具 (32) (人),0023000000,平成23年
18391,1023200,電気機械 電球、配線及び電気照明器具 (32) (人),0024000000,平成24年
17864,1023200,電気機械 電球、配線及び電気照明器具 (32) (人),0024000101,平成24年1月
19091,1023200,電気機械 電球、配線及び電気照明器具 (32) (人),0024000202,平成24年2月
19062,1023200,電気機械 電球、配線及び電気照明器具 (32) (人),0024000303,平成24年3月
18799,1023200,電気機械 電球、配線及び電気照明器具 (32) (人),0024000404,平成24年4月
18765,1023200,電気機械 電球、配線及び電気照明器具 (32) (人),0024000505,平成24年5月
18576,1023200,電気機械 電球、配線及び電気照明器具 (32) (人),0024000606,平成24年6月
18704,1023200,電気機械 電球、配線及び電気照明器具 (32) (人),0024000707,平成24年7月
18712,1023200,電気機械 電球、配線及び電気照明器具 (32) (人),0024000808,平成24年8月
18547,1023200,電気機械 電球、配線及び電気照明器具 (32) (人),0024000909,平成24年9月
18632,1023200,電気機械 電球、配線及び電気照明器具 (32) (人),0024001010,平成24年10月
18334,1023200,電気機械 電球、配線及び電気照明器具 (32) (人),0024001111,平成24年11月
18391,1023200,電気機械 電球、配線及び電気照明器具 (32) (人),0024001212,平成24年12月
26787,1023800,電気機械 電気計測器及び電子応用装置 (38) (人),0020000000,平成20年
22171,1023800,電気機械 電気計測器及び電子応用装置 (38) (人),0021000000,平成21年
23605,1023800,電気機械 電気計測器及び電子応用装置 (38) (人),0022000000,平成22年
24278,1023800,電気機械 電気計測器及び電子応用装置 (38) (人),0023000000,平成23年
24170,1023800,電気機械 電気計測器及び電子応用装置 (38) (人),0024000000,平成24年
23730,1023800,電気機械 電気計測器及び電子応用装置 (38) (人),0024000101,平成24年1月
23743,1023800,電気機械 電気計測器及び電子応用装置 (38) (人),0024000202,平成24年2月
24031,1023800,電気機械 電気計測器及び電子応用装置 (38) (人),0024000303,平成24年3月
23778,1023800,電気機械 電気計測器及び電子応用装置 (38) (人),0024000404,平成24年4月
23559,1023800,電気機械 電気計測器及び電子応用装置 (38) (人),0024000505,平成24年5月
23325,1023800,電気機械 電気計測器及び電子応用装置 (38) (人),0024000606,平成24年6月
23965,1023800,電気機械 電気計測器及び電子応用装置 (38) (人),0024000707,平成24年7月
23740,1023800,電気機械 電気計測器及び電子応用装置 (38) (人),0024000808,平成24年8月
24608,1023800,電気機械 電気計測器及び電子応用装置 (38) (人),0024000909,平成24年9月
24406,1023800,電気機械 電気計測器及び電子応用装置 (38) (人),0024001010,平成24年10月
24345,1023800,電気機械 電気計測器及び電子応用装置 (38) (人),0024001111,平成24年11月
24170,1023800,電気機械 電気計測器及び電子応用装置 (38) (人),0024001212,平成24年12月
9186,1023900,電気機械 電池 (39) (人),0020000000,平成20年
10382,1023900,電気機械 電池 (39) (人),0021000000,平成21年
10870,1023900,電気機械 電池 (39) (人),0022000000,平成22年
12007,1023900,電気機械 電池 (39) (人),0023000000,平成23年
15008,1023900,電気機械 電池 (39) (人),0024000000,平成24年
14569,1023900,電気機械 電池 (39) (人),0024000101,平成24年1月
15044,1023900,電気機械 電池 (39) (人),0024000202,平成24年2月
15185,1023900,電気機械 電池 (39) (人),0024000303,平成24年3月
15300,1023900,電気機械 電池 (39) (人),0024000404,平成24年4月
15326,1023900,電気機械 電池 (39) (人),0024000505,平成24年5月
15521,1023900,電気機械 電池 (39) (人),0024000606,平成24年6月
15489,1023900,電気機械 電池 (39) (人),0024000707,平成24年7月
15468,1023900,電気機械 電池 (39) (人),0024000808,平成24年8月
15365,1023900,電気機械 電池 (39) (人),0024000909,平成24年9月
15107,1023900,電気機械 電池 (39) (人),0024001010,平成24年10月
15076,1023900,電気機械 電池 (39) (人),0024001111,平成24年11月
15008,1023900,電気機械 電池 (39) (人),0024001212,平成24年12月
76419,1030000,情報通信機械 (人),0020000000,平成20年
71966,1030000,情報通信機械 (人),0021000000,平成21年
70183,1030000,情報通信機械 (人),0022000000,平成22年
61047,1030000,情報通信機械 (人),0023000000,平成23年
51997,1030000,情報通信機械 (人),0024000000,平成24年
60571,1030000,情報通信機械 (人),0024000101,平成24年1月
60029,1030000,情報通信機械 (人),0024000202,平成24年2月
58571,1030000,情報通信機械 (人),0024000303,平成24年3月
58353,1030000,情報通信機械 (人),0024000404,平成24年4月
57931,1030000,情報通信機械 (人),0024000505,平成24年5月
57120,1030000,情報通信機械 (人),0024000606,平成24年6月
56085,1030000,情報通信機械 (人),0024000707,平成24年7月
54542,1030000,情報通信機械 (人),0024000808,平成24年8月
53648,1030000,情報通信機械 (人),0024000909,平成24年9月
52547,1030000,情報通信機械 (人),0024001010,平成24年10月
52804,1030000,情報通信機械 (人),0024001111,平成24年11月
51997,1030000,情報通信機械 (人),0024001212,平成24年12月
24512,1033300,情報通信機械 通信機械器具及び無線応用装置 (33) (人),0020000000,平成20年
23899,1033300,情報通信機械 通信機械器具及び無線応用装置 (33) (人),0021000000,平成21年
22673,1033300,情報通信機械 通信機械器具及び無線応用装置 (33) (人),0022000000,平成22年
20701,1033300,情報通信機械 通信機械器具及び無線応用装置 (33) (人),0023000000,平成23年
17896,1033300,情報通信機械 通信機械器具及び無線応用装置 (33) (人),0024000000,平成24年
20596,1033300,情報通信機械 通信機械器具及び無線応用装置 (33) (人),0024000101,平成24年1月
19760,1033300,情報通信機械 通信機械器具及び無線応用装置 (33) (人),0024000202,平成24年2月
19844,1033300,情報通信機械 通信機械器具及び無線応用装置 (33) (人),0024000303,平成24年3月
19259,1033300,情報通信機械 通信機械器具及び無線応用装置 (33) (人),0024000404,平成24年4月
19049,1033300,情報通信機械 通信機械器具及び無線応用装置 (33) (人),0024000505,平成24年5月
19103,1033300,情報通信機械 通信機械器具及び無線応用装置 (33) (人),0024000606,平成24年6月
19007,1033300,情報通信機械 通信機械器具及び無線応用装置 (33) (人),0024000707,平成24年7月
18902,1033300,情報通信機械 通信機械器具及び無線応用装置 (33) (人),0024000808,平成24年8月
18578,1033300,情報通信機械 通信機械器具及び無線応用装置 (33) (人),0024000909,平成24年9月
17836,1033300,情報通信機械 通信機械器具及び無線応用装置 (33) (人),0024001010,平成24年10月
18069,1033300,情報通信機械 通信機械器具及び無線応用装置 (33) (人),0024001111,平成24年11月
17896,1033300,情報通信機械 通信機械器具及び無線応用装置 (33) (人),0024001212,平成24年12月
29440,1033400,情報通信機械 民生用電子機械器具 (34) (人),0020000000,平成20年
26612,1033400,情報通信機械 民生用電子機械器具 (34) (人),0021000000,平成21年
26543,1033400,情報通信機械 民生用電子機械器具 (34) (人),0022000000,平成22年
23285,1033400,情報通信機械 民生用電子機械器具 (34) (人),0023000000,平成23年
21129,1033400,情報通信機械 民生用電子機械器具 (34) (人),0024000000,平成24年
23099,1033400,情報通信機械 民生用電子機械器具 (34) (人),0024000101,平成24年1月
24467,1033400,情報通信機械 民生用電子機械器具 (34) (人),0024000202,平成24年2月
24176,1033400,情報通信機械 民生用電子機械器具 (34) (人),0024000303,平成24年3月
24229,1033400,情報通信機械 民生用電子機械器具 (34) (人),0024000404,平成24年4月
24101,1033400,情報通信機械 民生用電子機械器具 (34) (人),0024000505,平成24年5月
23409,1033400,情報通信機械 民生用電子機械器具 (34) (人),0024000606,平成24年6月
22967,1033400,情報通信機械 民生用電子機械器具 (34) (人),0024000707,平成24年7月
22572,1033400,情報通信機械 民生用電子機械器具 (34) (人),0024000808,平成24年8月
22172,1033400,情報通信機械 民生用電子機械器具 (34) (人),0024000909,平成24年9月
21457,1033400,情報通信機械 民生用電子機械器具 (34) (人),0024001010,平成24年10月
21588,1033400,情報通信機械 民生用電子機械器具 (34) (人),0024001111,平成24年11月
21129,1033400,情報通信機械 民生用電子機械器具 (34) (人),0024001212,平成24年12月
22467,1033700,情報通信機械 電子計算機及び関連装置 (37) (人),0020000000,平成20年
21455,1033700,情報通信機械 電子計算機及び関連装置 (37) (人),0021000000,平成21年
20967,1033700,情報通信機械 電子計算機及び関連装置 (37) (人),0022000000,平成22年
17061,1033700,情報通信機械 電子計算機及び関連装置 (37) (人),0023000000,平成23年
12972,1033700,情報通信機械 電子計算機及び関連装置 (37) (人),0024000000,平成24年
16876,1033700,情報通信機械 電子計算機及び関連装置 (37) (人),0024000101,平成24年1月
15802,1033700,情報通信機械 電子計算機及び関連装置 (37) (人),0024000202,平成24年2月
14551,1033700,情報通信機械 電子計算機及び関連装置 (37) (人),0024000303,平成24年3月
14865,1033700,情報通信機械 電子計算機及び関連装置 (37) (人),0024000404,平成24年4月
14781,1033700,情報通信機械 電子計算機及び関連装置 (37) (人),0024000505,平成24年5月
14608,1033700,情報通信機械 電子計算機及び関連装置 (37) (人),0024000606,平成24年6月
14111,1033700,情報通信機械 電子計算機及び関連装置 (37) (人),0024000707,平成24年7月
13068,1033700,情報通信機械 電子計算機及び関連装置 (37) (人),0024000808,平成24年8月
12898,1033700,情報通信機械 電子計算機及び関連装置 (37) (人),0024000909,平成24年9月
13254,1033700,情報通信機械 電子計算機及び関連装置 (37) (人),0024001010,平成24年10月
13147,1033700,情報通信機械 電子計算機及び関連装置 (37) (人),0024001111,平成24年11月
12972,1033700,情報通信機械 電子計算機及び関連装置 (37) (人),0024001212,平成24年12月
172226,1040000,電子部品・デバイス (人),0020000000,平成20年
161159,1040000,電子部品・デバイス (人),0021000000,平成21年
158606,1040000,電子部品・デバイス (人),0022000000,平成22年
156124,1040000,電子部品・デバイス (人),0023000000,平成23年
141045,1040000,電子部品・デバイス (人),0024000000,平成24年
153512,1040000,電子部品・デバイス (人),0024000101,平成24年1月
149684,1040000,電子部品・デバイス (人),0024000202,平成24年2月
149621,1040000,電子部品・デバイス (人),0024000303,平成24年3月
149644,1040000,電子部品・デバイス (人),0024000404,平成24年4月
148425,1040000,電子部品・デバイス (人),0024000505,平成24年5月
147561,1040000,電子部品・デバイス (人),0024000606,平成24年6月
147148,1040000,電子部品・デバイス (人),0024000707,平成24年7月
146536,1040000,電子部品・デバイス (人),0024000808,平成24年8月
145919,1040000,電子部品・デバイス (人),0024000909,平成24年9月
144836,1040000,電子部品・デバイス (人),0024001010,平成24年10月
143087,1040000,電子部品・デバイス (人),0024001111,平成24年11月
141045,1040000,電子部品・デバイス (人),0024001212,平成24年12月
81376,1043500,電子部品・デバイス 電子部品 (35) (人),0020000000,平成20年
75738,1043500,電子部品・デバイス 電子部品 (35) (人),0021000000,平成21年
72730,1043500,電子部品・デバイス 電子部品 (35) (人),0022000000,平成22年
71001,1043500,電子部品・デバイス 電子部品 (35) (人),0023000000,平成23年
71889,1043500,電子部品・デバイス 電子部品 (35) (人),0024000000,平成24年
75327,1043500,電子部品・デバイス 電子部品 (35) (人),0024000101,平成24年1月
75041,1043500,電子部品・デバイス 電子部品 (35) (人),0024000202,平成24年2月
74896,1043500,電子部品・デバイス 電子部品 (35) (人),0024000303,平成24年3月
75861,1043500,電子部品・デバイス 電子部品 (35) (人),0024000404,平成24年4月
75782,1043500,電子部品・デバイス 電子部品 (35) (人),0024000505,平成24年5月
75393,1043500,電子部品・デバイス 電子部品 (35) (人),0024000606,平成24年6月
75243,1043500,電子部品・デバイス 電子部品 (35) (人),0024000707,平成24年7月
74674,1043500,電子部品・デバイス 電子部品 (35) (人),0024000808,平成24年8月
74458,1043500,電子部品・デバイス 電子部品 (35) (人),0024000909,平成24年9月
74124,1043500,電子部品・デバイス 電子部品 (35) (人),0024001010,平成24年10月
72837,1043500,電子部品・デバイス 電子部品 (35) (人),0024001111,平成24年11月
71889,1043500,電子部品・デバイス 電子部品 (35) (人),0024001212,平成24年12月
90850,1043600,電子部品・デバイス 電子管、半導体素子及び集積回路 (36) (人),0020000000,平成20年
85421,1043600,電子部品・デバイス 電子管、半導体素子及び集積回路 (36) (人),0021000000,平成21年
85876,1043600,電子部品・デバイス 電子管、半導体素子及び集積回路 (36) (人),0022000000,平成22年
85123,1043600,電子部品・デバイス 電子管、半導体素子及び集積回路 (36) (人),0023000000,平成23年
69156,1043600,電子部品・デバイス 電子管、半導体素子及び集積回路 (36) (人),0024000000,平成24年
78185,1043600,電子部品・デバイス 電子管、半導体素子及び集積回路 (36) (人),0024000101,平成24年1月
74643,1043600,電子部品・デバイス 電子管、半導体素子及び集積回路 (36) (人),0024000202,平成24年2月
74725,1043600,電子部品・デバイス 電子管、半導体素子及び集積回路 (36) (人),0024000303,平成24年3月
73783,1043600,電子部品・デバイス 電子管、半導体素子及び集積回路 (36) (人),0024000404,平成24年4月
72643,1043600,電子部品・デバイス 電子管、半導体素子及び集積回路 (36) (人),0024000505,平成24年5月
72168,1043600,電子部品・デバイス 電子管、半導体素子及び集積回路 (36) (人),0024000606,平成24年6月
71905,1043600,電子部品・デバイス 電子管、半導体素子及び集積回路 (36) (人),0024000707,平成24年7月
71862,1043600,電子部品・デバイス 電子管、半導体素子及び集積回路 (36) (人),0024000808,平成24年8月
71461,1043600,電子部品・デバイス 電子管、半導体素子及び集積回路 (36) (人),0024000909,平成24年9月
70712,1043600,電子部品・デバイス 電子管、半導体素子及び集積回路 (36) (人),0024001010,平成24年10月
70250,1043600,電子部品・デバイス 電子管、半導体素子及び集積回路 (36) (人),0024001111,平成24年11月
69156,1043600,電子部品・デバイス 電子管、半導体素子及び集積回路 (36) (人),0024001212,平成24年12月
413561,1050000,輸送機械 (人),0020000000,平成20年
400225,1050000,輸送機械 (人),0021000000,平成21年
395349,1050000,輸送機械 (人),0022000000,平成22年
401150,1050000,輸送機械 (人),0023000000,平成23年
399814,1050000,輸送機械 (人),0024000000,平成24年
400222,1050000,輸送機械 (人),0024000101,平成24年1月
399875,1050000,輸送機械 (人),0024000202,平成24年2月
400131,1050000,輸送機械 (人),0024000303,平成24年3月
404707,1050000,輸送機械 (人),0024000404,平成24年4月
406380,1050000,輸送機械 (人),0024000505,平成24年5月
406344,1050000,輸送機械 (人),0024000606,平成24年6月
405856,1050000,輸送機械 (人),0024000707,平成24年7月
406009,1050000,輸送機械 (人),0024000808,平成24年8月
404547,1050000,輸送機械 (人),0024000909,平成24年9月
403063,1050000,輸送機械 (人),0024001010,平成24年10月
401278,1050000,輸送機械 (人),0024001111,平成24年11月
399814,1050000,輸送機械 (人),0024001212,平成24年12月
189955,1054000,輸送機械 自動車 (40) (人),0020000000,平成20年
182254,1054000,輸送機械 自動車 (40) (人),0021000000,平成21年
178013,1054000,輸送機械 自動車 (40) (人),0022000000,平成22年
181204,1054000,輸送機械 自動車 (40) (人),0023000000,平成23年
179056,1054000,輸送機械 自動車 (40) (人),0024000000,平成24年
181755,1054000,輸送機械 自動車 (40) (人),0024000101,平成24年1月
181464,1054000,輸送機械 自動車 (40) (人),0024000202,平成24年2月
181735,1054000,輸送機械 自動車 (40) (人),0024000303,平成24年3月
182928,1054000,輸送機械 自動車 (40) (人),0024000404,平成24年4月
184337,1054000,輸送機械 自動車 (40) (人),0024000505,平成24年5月
184272,1054000,輸送機械 自動車 (40) (人),0024000606,平成24年6月
181602,1054000,輸送機械 自動車 (40) (人),0024000707,平成24年7月
182524,1054000,輸送機械 自動車 (40) (人),0024000808,平成24年8月
181399,1054000,輸送機械 自動車 (40) (人),0024000909,平成24年9月
180423,1054000,輸送機械 自動車 (40) (人),0024001010,平成24年10月
179446,1054000,輸送機械 自動車 (40) (人),0024001111,平成24年11月
179056,1054000,輸送機械 自動車 (40) (人),0024001212,平成24年12月
173668,1054100,輸送機械 自動車部品及び内燃機関電装品 (41) (人),0020000000,平成20年
168586,1054100,輸送機械 自動車部品及び内燃機関電装品 (41) (人),0021000000,平成21年
170510,1054100,輸送機械 自動車部品及び内燃機関電装品 (41) (人),0022000000,平成22年
173051,1054100,輸送機械 自動車部品及び内燃機関電装品 (41) (人),0023000000,平成23年
173201,1054100,輸送機械 自動車部品及び内燃機関電装品 (41) (人),0024000000,平成24年
172668,1054100,輸送機械 自動車部品及び内燃機関電装品 (41) (人),0024000101,平成24年1月
172801,1054100,輸送機械 自動車部品及び内燃機関電装品 (41) (人),0024000202,平成24年2月
172945,1054100,輸送機械 自動車部品及び内燃機関電装品 (41) (人),0024000303,平成24年3月
174275,1054100,輸送機械 自動車部品及び内燃機関電装品 (41) (人),0024000404,平成24年4月
174637,1054100,輸送機械 自動車部品及び内燃機関電装品 (41) (人),0024000505,平成24年5月
174596,1054100,輸送機械 自動車部品及び内燃機関電装品 (41) (人),0024000606,平成24年6月
176785,1054100,輸送機械 自動車部品及び内燃機関電装品 (41) (人),0024000707,平成24年7月
176571,1054100,輸送機械 自動車部品及び内燃機関電装品 (41) (人),0024000808,平成24年8月
176224,1054100,輸送機械 自動車部品及び内燃機関電装品 (41) (人),0024000909,平成24年9月
175021,1054100,輸送機械 自動車部品及び内燃機関電装品 (41) (人),0024001010,平成24年10月
174163,1054100,輸送機械 自動車部品及び内燃機関電装品 (41) (人),0024001111,平成24年11月
173201,1054100,輸送機械 自動車部品及び内燃機関電装品 (41) (人),0024001212,平成24年12月
16748,1054200,輸送機械 二輪自動車及び部品 (42) (人),0020000000,平成20年
16910,1054200,輸送機械 二輪自動車及び部品 (42) (人),0021000000,平成21年
14975,1054200,輸送機械 二輪自動車及び部品 (42) (人),0022000000,平成22年
14817,1054200,輸送機械 二輪自動車及び部品 (42) (人),0023000000,平成23年
13289,1054200,輸送機械 二輪自動車及び部品 (42) (人),0024000000,平成24年
13786,1054200,輸送機械 二輪自動車及び部品 (42) (人),0024000101,平成24年1月
13669,1054200,輸送機械 二輪自動車及び部品 (42) (人),0024000202,平成24年2月
13541,1054200,輸送機械 二輪自動車及び部品 (42) (人),0024000303,平成24年3月
13877,1054200,輸送機械 二輪自動車及び部品 (42) (人),0024000404,平成24年4月
13682,1054200,輸送機械 二輪自動車及び部品 (42) (人),0024000505,平成24年5月
13643,1054200,輸送機械 二輪自動車及び部品 (42) (人),0024000606,平成24年6月
13735,1054200,輸送機械 二輪自動車及び部品 (42) (人),0024000707,平成24年7月
13198,1054200,輸送機械 二輪自動車及び部品 (42) (人),0024000808,平成24年8月
13227,1054200,輸送機械 二輪自動車及び部品 (42) (人),0024000909,平成24年9月
13222,1054200,輸送機械 二輪自動車及び部品 (42) (人),0024001010,平成24年10月
13273,1054200,輸送機械 二輪自動車及び部品 (42) (人),0024001111,平成24年11月
13289,1054200,輸送機械 二輪自動車及び部品 (42) (人),0024001212,平成24年12月
1308,1054300,輸送機械 自転車及び車いす (43) (人),0020000000,平成20年
1326,1054300,輸送機械 自転車及び車いす (43) (人),0021000000,平成21年
1564,1054300,輸送機械 自転車及び車いす (43) (人),0022000000,平成22年
1575,1054300,輸送機械 自転車及び車いす (43) (人),0023000000,平成23年
1502,1054300,輸送機械 自転車及び車いす (43) (人),0024000000,平成24年
1563,1054300,輸送機械 自転車及び車いす (43) (人),0024000101,平成24年1月
1538,1054300,輸送機械 自転車及び車いす (43) (人),0024000202,平成24年2月
1539,1054300,輸送機械 自転車及び車いす (43) (人),0024000303,平成24年3月
1547,1054300,輸送機械 自転車及び車いす (43) (人),0024000404,平成24年4月
1567,1054300,輸送機械 自転車及び車いす (43) (人),0024000505,平成24年5月
1557,1054300,輸送機械 自転車及び車いす (43) (人),0024000606,平成24年6月
1554,1054300,輸送機械 自転車及び車いす (43) (人),0024000707,平成24年7月
1551,1054300,輸送機械 自転車及び車いす (43) (人),0024000808,平成24年8月
1539,1054300,輸送機械 自転車及び車いす (43) (人),0024000909,平成24年9月
1534,1054300,輸送機械 自転車及び車いす (43) (人),0024001010,平成24年10月
1531,1054300,輸送機械 自転車及び車いす (43) (人),0024001111,平成24年11月
1502,1054300,輸送機械 自転車及び車いす (43) (人),0024001212,平成24年12月
7026,1054400,輸送機械 産業車両 (44) (人),0020000000,平成20年
5970,1054400,輸送機械 産業車両 (44) (人),0021000000,平成21年
5655,1054400,輸送機械 産業車両 (44) (人),0022000000,平成22年
5809,1054400,輸送機械 産業車両 (44) (人),0023000000,平成23年
5859,1054400,輸送機械 産業車両 (44) (人),0024000000,平成24年
5751,1054400,輸送機械 産業車両 (44) (人),0024000101,平成24年1月
5775,1054400,輸送機械 産業車両 (44) (人),0024000202,平成24年2月
5745,1054400,輸送機械 産業車両 (44) (人),0024000303,平成24年3月
5804,1054400,輸送機械 産業車両 (44) (人),0024000404,平成24年4月
5876,1054400,輸送機械 産業車両 (44) (人),0024000505,平成24年5月
5855,1054400,輸送機械 産業車両 (44) (人),0024000606,平成24年6月
5849,1054400,輸送機械 産業車両 (44) (人),0024000707,平成24年7月
5888,1054400,輸送機械 産業車両 (44) (人),0024000808,平成24年8月
5893,1054400,輸送機械 産業車両 (44) (人),0024000909,平成24年9月
5906,1054400,輸送機械 産業車両 (44) (人),0024001010,平成24年10月
5900,1054400,輸送機械 産業車両 (44) (人),0024001111,平成24年11月
5859,1054400,輸送機械 産業車両 (44) (人),0024001212,平成24年12月
24856,1054500,輸送機械 航空機 (45) (人),0020000000,平成20年
25179,1054500,輸送機械 航空機 (45) (人),0021000000,平成21年
24632,1054500,輸送機械 航空機 (45) (人),0022000000,平成22年
24694,1054500,輸送機械 航空機 (45) (人),0023000000,平成23年
26907,1054500,輸送機械 航空機 (45) (人),0024000000,平成24年
24699,1054500,輸送機械 航空機 (45) (人),0024000101,平成24年1月
24628,1054500,輸送機械 航空機 (45) (人),0024000202,平成24年2月
24626,1054500,輸送機械 航空機 (45) (人),0024000303,平成24年3月
26276,1054500,輸送機械 航空機 (45) (人),0024000404,平成24年4月
26281,1054500,輸送機械 航空機 (45) (人),0024000505,平成24年5月
26421,1054500,輸送機械 航空機 (45) (人),0024000606,平成24年6月
26331,1054500,輸送機械 航空機 (45) (人),0024000707,平成24年7月
26277,1054500,輸送機械 航空機 (45) (人),0024000808,平成24年8月
26265,1054500,輸送機械 航空機 (45) (人),0024000909,平成24年9月
26957,1054500,輸送機械 航空機 (45) (人),0024001010,平成24年10月
26965,1054500,輸送機械 航空機 (45) (人),0024001111,平成24年11月
26907,1054500,輸送機械 航空機 (45) (人),0024001212,平成24年12月
23750,1060000,精密機械 (人),0020000000,平成20年
23294,1060000,精密機械 (人),0021000000,平成21年
23772,1060000,精密機械 (人),0022000000,平成22年
22166,1060000,精密機械 (人),0023000000,平成23年
24486,1060000,精密機械 (人),0024000000,平成24年
22264,1060000,精密機械 (人),0024000101,平成24年1月
21898,1060000,精密機械 (人),0024000202,平成24年2月
24231,1060000,精密機械 (人),0024000303,平成24年3月
23981,1060000,精密機械 (人),0024000404,平成24年4月
24306,1060000,精密機械 (人),0024000505,平成24年5月
24034,1060000,精密機械 (人),0024000606,平成24年6月
24018,1060000,精密機械 (人),0024000707,平成24年7月
24130,1060000,精密機械 (人),0024000808,平成24年8月
24305,1060000,精密機械 (人),0024000909,平成24年9月
24294,1060000,精密機械 (人),0024001010,平成24年10月
24408,1060000,精密機械 (人),0024001111,平成24年11月
24486,1060000,精密機械 (人),0024001212,平成24年12月
12511,1064600,精密機械 計測機器 (46) (人),0020000000,平成20年
12152,1064600,精密機械 計測機器 (46) (人),0021000000,平成21年
11639,1064600,精密機械 計測機器 (46) (人),0022000000,平成22年
11464,1064600,精密機械 計測機器 (46) (人),0023000000,平成23年
11148,1064600,精密機械 計測機器 (46) (人),0024000000,平成24年
11548,1064600,精密機械 計測機器 (46) (人),0024000101,平成24年1月
11225,1064600,精密機械 計測機器 (46) (人),0024000202,平成24年2月
11188,1064600,精密機械 計測機器 (46) (人),0024000303,平成24年3月
10851,1064600,精密機械 計測機器 (46) (人),0024000404,平成24年4月
11214,1064600,精密機械 計測機器 (46) (人),0024000505,平成24年5月
10880,1064600,精密機械 計測機器 (46) (人),0024000606,平成24年6月
10829,1064600,精密機械 計測機器 (46) (人),0024000707,平成24年7月
10958,1064600,精密機械 計測機器 (46) (人),0024000808,平成24年8月
11121,1064600,精密機械 計測機器 (46) (人),0024000909,平成24年9月
10996,1064600,精密機械 計測機器 (46) (人),0024001010,平成24年10月
11085,1064600,精密機械 計測機器 (46) (人),0024001111,平成24年11月
11148,1064600,精密機械 計測機器 (46) (人),0024001212,平成24年12月
11239,1064700,精密機械 光学機械器具及び時計 (47) (人),0020000000,平成20年
11142,1064700,精密機械 光学機械器具及び時計 (47) (人),0021000000,平成21年
12133,1064700,精密機械 光学機械器具及び時計 (47) (人),0022000000,平成22年
10702,1064700,精密機械 光学機械器具及び時計 (47) (人),0023000000,平成23年
13338,1064700,精密機械 光学機械器具及び時計 (47) (人),0024000000,平成24年
10716,1064700,精密機械 光学機械器具及び時計 (47) (人),0024000101,平成24年1月
10673,1064700,精密機械 光学機械器具及び時計 (47) (人),0024000202,平成24年2月
13043,1064700,精密機械 光学機械器具及び時計 (47) (人),0024000303,平成24年3月
13130,1064700,精密機械 光学機械器具及び時計 (47) (人),0024000404,平成24年4月
13092,1064700,精密機械 光学機械器具及び時計 (47) (人),0024000505,平成24年5月
13154,1064700,精密機械 光学機械器具及び時計 (47) (人),0024000606,平成24年6月
13189,1064700,精密機械 光学機械器具及び時計 (47) (人),0024000707,平成24年7月
13172,1064700,精密機械 光学機械器具及び時計 (47) (人),0024000808,平成24年8月
13184,1064700,精密機械 光学機械器具及び時計 (47) (人),0024000909,平成24年9月
13298,1064700,精密機械 光学機械器具及び時計 (47) (人),0024001010,平成24年10月
13323,1064700,精密機械 光学機械器具及び時計 (47) (人),0024001111,平成24年11月
13338,1064700,精密機械 光学機械器具及び時計 (47) (人),0024001212,平成24年12月
6797,1070000,武器 (49) (人),0020000000,平成20年
6815,1070000,武器 (49) (人),0021000000,平成21年
6767,1070000,武器 (49) (人),0022000000,平成22年
6915,1070000,武器 (49) (人),0023000000,平成23年
6884,1070000,武器 (49) (人),0024000000,平成24年
6889,1070000,武器 (49) (人),0024000101,平成24年1月
6831,1070000,武器 (49) (人),0024000202,平成24年2月
6920,1070000,武器 (49) (人),0024000303,平成24年3月
7074,1070000,武器 (49) (人),0024000404,平成24年4月
6972,1070000,武器 (49) (人),0024000505,平成24年5月
7562,1070000,武器 (49) (人),0024000606,平成24年6月
6994,1070000,武器 (49) (人),0024000707,平成24年7月
6986,1070000,武器 (49) (人),0024000808,平成24年8月
6982,1070000,武器 (49) (人),0024000909,平成24年9月
6907,1070000,武器 (49) (人),0024001010,平成24年10月
6865,1070000,武器 (49) (人),0024001111,平成24年11月
6884,1070000,武器 (49) (人),0024001212,平成24年12月
