value,tab,tab_label,cat01,cat01_label,cat02,cat02_label,area,area_label,time,time_label
22878,0000000800,学校数・学級数・児童生徒数・教職員数,06690,小学校-計,010,学校数-計,00000,全国,2006000000,2006年
22533,0000000800,学校数・学級数・児童生徒数・教職員数,06690,小学校-計,020,学校数-本校,00000,全国,2006000000,2006年
345,0000000800,学校数・学級数・児童生徒数・教職員数,06690,小学校-計,030,学校数-分校,00000,全国,2006000000,2006年
277525,0000000800,学校数・学級数・児童生徒数・教職員数,06690,小学校-計,040,学級数,00000,全国,2006000000,2006年
7187417,0000000800,学校数・学級数・児童生徒数・教職員数,06690,小学校-計,080,児童生徒数-計,00000,全国,2006000000,2006年
3675484,0000000800,学校数・学級数・児童生徒数・教職員数,06690,小学校-計,090,児童生徒数-男,00000,全国,2006000000,2006年
3511933,0000000800,学校数・学級数・児童生徒数・教職員数,06690,小学校-計,100,児童生徒数-女,00000,全国,2006000000,2006年
417858,0000000800,学校数・学級数・児童生徒数・教職員数,06690,小学校-計,170,教員数（本務者）-計,00000,全国,2006000000,2006年
155907,0000000800,学校数・学級数・児童生徒数・教職員数,06690,小学校-計,180,教員数（本務者）-男,00000,全国,2006000000,2006年
261951,0000000800,学校数・学級数・児童生徒数・教職員数,06690,小学校-計,190,教員数（本務者）-女,00000,全国,2006000000,2006年
21474,0000000800,学校数・学級数・児童生徒数・教職員数,06690,小学校-計,195,教員数（兼務者）,00000,全国,2006000000,2006年
87250,0000000800,学校数・学級数・児童生徒数・教職員数,06690,小学校-計,200,職員数（本務者）,00000,全国,2006000000,2006年
73,0000000800,学校数・学級数・児童生徒数・教職員数,06700,小学校-国立,010,学校数-計,00000,全国,2006000000,2006年
73,0000000800,学校数・学級数・児童生徒数・教職員数,06700,小学校-国立,020,学校数-本校,00000,全国,2006000000,2006年
0,0000000800,学校数・学級数・児童生徒数・教職員数,06700,小学校-国立,030,学校数-分校,00000,全国,2006000000,2006年
1279,0000000800,学校数・学級数・児童生徒数・教職員数,06700,小学校-国立,040,学級数,00000,全国,2006000000,2006年
46484,0000000800,学校数・学級数・児童生徒数・教職員数,06700,小学校-国立,080,児童生徒数-計,00000,全国,2006000000,2006年
23176,0000000800,学校数・学級数・児童生徒数・教職員数,06700,小学校-国立,090,児童生徒数-男,00000,全国,2006000000,2006年
23308,0000000800,学校数・学級数・児童生徒数・教職員数,06700,小学校-国立,100,児童生徒数-女,00000,全国,2006000000,2006年
1758,0000000800,学校数・学級数・児童生徒数・教職員数,06700,小学校-国立,170,教員数（本務者）-計,00000,全国,2006000000,2006年
1221,0000000800,学校数・学級数・児童生徒数・教職員数,06700,小学校-国立,180,教員数（本務者）-男,00000,全国,2006000000,2006年
537,0000000800,学校数・学級数・児童生徒数・教職員数,06700,小学校-国立,190,教員数（本務者）-女,00000,全国,2006000000,2006年
444,0000000800,学校数・学級数・児童生徒数・教職員数,06700,小学校-国立,195,教員数（兼務者）,00000,全国,2006000000,2006年
363,0000000800,学校数・学級数・児童生徒数・教職員数,06700,小学校-国立,200,職員数（本務者）,00000,全国,2006000000,2006年
22607,0000000800,学校数・学級数・児童生徒数・教職員数,06800,小学校-公立,010,学校数-計,00000,全国,2006000000,2006年
22262,0000000800,学校数・学級数・児童生徒数・教職員数,06800,小学校-公立,020,学校数-本校,00000,全国,2006000000,2006年
345,0000000800,学校数・学級数・児童生徒数・教職員数,06800,小学校-公立,030,学校数-分校,00000,全国,2006000000,2006年
274019,0000000800,学校数・学級数・児童生徒数・教職員数,06800,小学校-公立,040,学級数,00000,全国,2006000000,2006年
7067863,0000000800,学校数・学級数・児童生徒数・教職員数,06800,小学校-公立,080,児童生徒数-計,00000,全国,2006000000,2006年
3622743,0000000800,学校数・学級数・児童生徒数・教職員数,06800,小学校-公立,090,児童生徒数-男,00000,全国,2006000000,2006年
3445120,0000000800,学校数・学級数・児童生徒数・教職員数,06800,小学校-公立,100,児童生徒数-女,00000,全国,2006000000,2006年
412300,0000000800,学校数・学級数・児童生徒数・教職員数,06800,小学校-公立,170,教員数（本務者）-計,00000,全国,2006000000,2006年
152797,0000000800,学校数・学級数・児童生徒数・教職員数,06800,小学校-公立,180,教員数（本務者）-男,00000,全国,2006000000,2006年
259503,0000000800,学校数・学級数・児童生徒数・教職員数,06800,小学校-公立,190,教員数（本務者）-女,00000,全国,2006000000,2006年
19934,0000000800,学校数・学級数・児童生徒数・教職員数,06800,小学校-公立,195,教員数（兼務者）,00000,全国,2006000000,2006年
86092,0000000800,学校数・学級数・児童生徒数・教職員数,06800,小学校-公立,200,職員数（本務者）,00000,全国,2006000000,2006年
198,0000000800,学校数・学級数・児童生徒数・教職員数,06900,小学校-私立,010,学校数-計,00000,全国,2006000000,2006年
198,0000000800,学校数・学級数・児童生徒数・教職員数,06900,小学校-私立,020,学校数-本校,00000,全国,2006000000,2006年
0,0000000800,学校数・学級数・児童生徒数・教職員数,06900,小学校-私立,030,学校数-分校,00000,全国,2006000000,2006年
2227,0000000800,学校数・学級数・児童生徒数・教職員数,06900,小学校-私立,040,学級数,00000,全国,2006000000,2006年
73070,0000000800,学校数・学級数・児童生徒数・教職員数,06900,小学校-私立,080,児童生徒数-計,00000,全国,2006000000,2006年
29565,0000000800,学校数・学級数・児童生徒数・教職員数,06900,小学校-私立,090,児童生徒数-男,00000,全国,2006000000,2006年
43505,0000000800,学校数・学級数・児童生徒数・教職員数,06900,小学校-私立,100,児童生徒数-女,00000,全国,2006000000,2006年
3800,0000000800,学校数・学級数・児童生徒数・教職員数,06900,小学校-私立,170,教員数（本務者）-計,00000,全国,2006000000,2006年
1889,0000000800,学校数・学級数・児童生徒数・教職員数,06900,小学校-私立,180,教員数（本務者）-男,00000,全国,2006000000,2006年
1911,0000000800,学校数・学級数・児童生徒数・教職員数,06900,小学校-私立,190,教員数（本務者）-女,00000,全国,2006000000,2006年
1096,0000000800,学校数・学級数・児童生徒数・教職員数,06900,小学校-私立,195,教員数（兼務者）,00000,全国,2006000000,2006年
795,0000000800,学校数・学級数・児童生徒数・教職員数,06900,小学校-私立,200,職員数（本務者）,00000,全国,2006000000,2006年
10992,0000000800,学校数・学級数・児童生徒数・教職員数,06990,中学校-計,010,学校数-計,00000,全国,2006000000,2006年
10921,0000000800,学校数・学級数・児童生徒数・教職員数,06990,中学校-計,020,学校数-本校,00000,全国,2006000000,2006年
71,0000000800,学校数・学級数・児童生徒数・教職員数,06990,中学校-計,030,学校数-分校,00000,全国,2006000000,2006年
118467,0000000800,学校数・学級数・児童生徒数・教職員数,06990,中学校-計,040,学級数,00000,全国,2006000000,2006年
3601527,0000000800,学校数・学級数・児童生徒数・教職員数,06990,中学校-計,080,児童生徒数-計,00000,全国,2006000000,2006年
1842098,0000000800,学校数・学級数・児童生徒数・教職員数,06990,中学校-計,090,児童生徒数-男,00000,全国,2006000000,2006年
1759429,0000000800,学校数・学級数・児童生徒数・教職員数,06990,中学校-計,100,児童生徒数-女,00000,全国,2006000000,2006年
248280,0000000800,学校数・学級数・児童生徒数・教職員数,06990,中学校-計,170,教員数（本務者）-計,00000,全国,2006000000,2006年
146036,0000000800,学校数・学級数・児童生徒数・教職員数,06990,中学校-計,180,教員数（本務者）-男,00000,全国,2006000000,2006年
102244,0000000800,学校数・学級数・児童生徒数・教職員数,06990,中学校-計,190,教員数（本務者）-女,00000,全国,2006000000,2006年
30612,0000000800,学校数・学級数・児童生徒数・教職員数,06990,中学校-計,195,教員数（兼務者）,00000,全国,2006000000,2006年
34318,0000000800,学校数・学級数・児童生徒数・教職員数,06990,中学校-計,200,職員数（本務者）,00000,全国,2006000000,2006年
76,0000000800,学校数・学級数・児童生徒数・教職員数,07000,中学校-国立,010,学校数-計,00000,全国,2006000000,2006年
76,0000000800,学校数・学級数・児童生徒数・教職員数,07000,中学校-国立,020,学校数-本校,00000,全国,2006000000,2006年
0,0000000800,学校数・学級数・児童生徒数・教職員数,07000,中学校-国立,030,学校数-分校,00000,全国,2006000000,2006年
863,0000000800,学校数・学級数・児童生徒数・教職員数,07000,中学校-国立,040,学級数,00000,全国,2006000000,2006年
33407,0000000800,学校数・学級数・児童生徒数・教職員数,07000,中学校-国立,080,児童生徒数-計,00000,全国,2006000000,2006年
16787,0000000800,学校数・学級数・児童生徒数・教職員数,07000,中学校-国立,090,児童生徒数-男,00000,全国,2006000000,2006年
16620,0000000800,学校数・学級数・児童生徒数・教職員数,07000,中学校-国立,100,児童生徒数-女,00000,全国,2006000000,2006年
1642,0000000800,学校数・学級数・児童生徒数・教職員数,07000,中学校-国立,170,教員数（本務者）-計,00000,全国,2006000000,2006年
1185,0000000800,学校数・学級数・児童生徒数・教職員数,07000,中学校-国立,180,教員数（本務者）-男,00000,全国,2006000000,2006年
457,0000000800,学校数・学級数・児童生徒数・教職員数,07000,中学校-国立,190,教員数（本務者）-女,00000,全国,2006000000,2006年
800,0000000800,学校数・学級数・児童生徒数・教職員数,07000,中学校-国立,195,教員数（兼務者）,00000,全国,2006000000,2006年
151,0000000800,学校数・学級数・児童生徒数・教職員数,07000,中学校-国立,200,職員数（本務者）,00000,全国,2006000000,2006年
10190,0000000800,学校数・学級数・児童生徒数・教職員数,07100,中学校-公立,010,学校数-計,00000,全国,2006000000,2006年
10119,0000000800,学校数・学級数・児童生徒数・教職員数,07100,中学校-公立,020,学校数-本校,00000,全国,2006000000,2006年
71,0000000800,学校数・学級数・児童生徒数・教職員数,07100,中学校-公立,030,学校数-分校,00000,全国,2006000000,2006年
110646,0000000800,学校数・学級数・児童生徒数・教職員数,07100,中学校-公立,040,学級数,00000,全国,2006000000,2006年
3320772,0000000800,学校数・学級数・児童生徒数・教職員数,07100,中学校-公立,080,児童生徒数-計,00000,全国,2006000000,2006年
1709374,0000000800,学校数・学級数・児童生徒数・教職員数,07100,中学校-公立,090,児童生徒数-男,00000,全国,2006000000,2006年
1611398,0000000800,学校数・学級数・児童生徒数・教職員数,07100,中学校-公立,100,児童生徒数-女,00000,全国,2006000000,2006年
232968,0000000800,学校数・学級数・児童生徒数・教職員数,07100,中学校-公立,170,教員数（本務者）-計,00000,全国,2006000000,2006年
136196,0000000800,学校数・学級数・児童生徒数・教職員数,07100,中学校-公立,180,教員数（本務者）-男,00000,全国,2006000000,2006年
96772,0000000800,学校数・学級数・児童生徒数・教職員数,07100,中学校-公立,190,教員数（本務者）-女,00000,全国,2006000000,2006年
16421,0000000800,学校数・学級数・児童生徒数・教職員数,07100,中学校-公立,195,教員数（兼務者）,00000,全国,2006000000,2006年
32044,0000000800,学校数・学級数・児童生徒数・教職員数,07100,中学校-公立,200,職員数（本務者）,00000,全国,2006000000,2006年
726,0000000800,学校数・学級数・児童生徒数・教職員数,07200,中学校-私立,010,学校数-計,00000,全国,2006000000,2006年
726,0000000800,学校数・学級数・児童生徒数・教職員数,07200,中学校-私立,020,学校数-本校,00000,全国,2006000000,2006年
0,0000000800,学校数・学級数・児童生徒数・教職員数,07200,中学校-私立,030,学校数-分校,00000,全国,2006000000,2006年
6958,0000000800,学校数・学級数・児童生徒数・教職員数,07200,中学校-私立,040,学級数,00000,全国,2006000000,2006年
247348,0000000800,学校数・学級数・児童生徒数・教職員数,07200,中学校-私立,080,児童生徒数-計,00000,全国,2006000000,2006年
115937,0000000800,学校数・学級数・児童生徒数・教職員数,07200,中学校-私立,090,児童生徒数-男,00000,全国,2006000000,2006年
131411,0000000800,学校数・学級数・児童生徒数・教職員数,07200,中学校-私立,100,児童生徒数-女,00000,全国,2006000000,2006年
13670,0000000800,学校数・学級数・児童生徒数・教職員数,07200,中学校-私立,170,教員数（本務者）-計,00000,全国,2006000000,2006年
8655,0000000800,学校数・学級数・児童生徒数・教職員数,07200,中学校-私立,180,教員数（本務者）-男,00000,全国,2006000000,2006年
5015,0000000800,学校数・学級数・児童生徒数・教職員数,07200,中学校-私立,190,教員数（本務者）-女,00000,全国,2006000000,2006年
13391,0000000800,学校数・学級数・児童生徒数・教職員数,07200,中学校-私立,195,教員数（兼務者）,00000,全国,2006000000,2006年
2123,0000000800,学校数・学級数・児童生徒数・教職員数,07200,中学校-私立,200,職員数（本務者）,00000,全国,2006000000,2006年
5385,0000000800,学校数・学級数・児童生徒数・教職員数,07290,高等学校-計,010,学校数-計,00000,全国,2006000000,2006年
5272,0000000800,学校数・学級数・児童生徒数・教職員数,07290,高等学校-計,020,学校数-本校,00000,全国,2006000000,2006年
113,0000000800,学校数・学級数・児童生徒数・教職員数,07290,高等学校-計,030,学校数-分校,00000,全国,2006000000,2006年
67032,0000000800,学校数・学級数・児童生徒数・教職員数,07290,高等学校-計,040,学級数,00000,全国,2006000000,2006年
3494513,0000000800,学校数・学級数・児童生徒数・教職員数,07290,高等学校-計,080,児童生徒数-計,00000,全国,2006000000,2006年
1769215,0000000800,学校数・学級数・児童生徒数・教職員数,07290,高等学校-計,090,児童生徒数-男,00000,全国,2006000000,2006年
1725298,0000000800,学校数・学級数・児童生徒数・教職員数,07290,高等学校-計,100,児童生徒数-女,00000,全国,2006000000,2006年
247804,0000000800,学校数・学級数・児童生徒数・教職員数,07290,高等学校-計,170,教員数（本務者）-計,00000,全国,2006000000,2006年
178713,0000000800,学校数・学級数・児童生徒数・教職員数,07290,高等学校-計,180,教員数（本務者）-男,00000,全国,2006000000,2006年
69091,0000000800,学校数・学級数・児童生徒数・教職員数,07290,高等学校-計,190,教員数（本務者）-女,00000,全国,2006000000,2006年
67768,0000000800,学校数・学級数・児童生徒数・教職員数,07290,高等学校-計,195,教員数（兼務者）,00000,全国,2006000000,2006年
53180,0000000800,学校数・学級数・児童生徒数・教職員数,07290,高等学校-計,200,職員数（本務者）,00000,全国,2006000000,2006年
15,0000000800,学校数・学級数・児童生徒数・教職員数,07300,高等学校-国立,010,学校数-計,00000,全国,2006000000,2006年
15,0000000800,学校数・学級数・児童生徒数・教職員数,07300,高等学校-国立,020,学校数-本校,00000,全国,2006000000,2006年
0,0000000800,学校数・学級数・児童生徒数・教職員数,07300,高等学校-国立,030,学校数-分校,00000,全国,2006000000,2006年
8844,0000000800,学校数・学級数・児童生徒数・教職員数,07300,高等学校-国立,080,児童生徒数-計,00000,全国,2006000000,2006年
4483,0000000800,学校数・学級数・児童生徒数・教職員数,07300,高等学校-国立,090,児童生徒数-男,00000,全国,2006000000,2006年
4361,0000000800,学校数・学級数・児童生徒数・教職員数,07300,高等学校-国立,100,児童生徒数-女,00000,全国,2006000000,2006年
589,0000000800,学校数・学級数・児童生徒数・教職員数,07300,高等学校-国立,170,教員数（本務者）-計,00000,全国,2006000000,2006年
450,0000000800,学校数・学級数・児童生徒数・教職員数,07300,高等学校-国立,180,教員数（本務者）-男,00000,全国,2006000000,2006年
139,0000000800,学校数・学級数・児童生徒数・教職員数,07300,高等学校-国立,190,教員数（本務者）-女,00000,全国,2006000000,2006年
367,0000000800,学校数・学級数・児童生徒数・教職員数,07300,高等学校-国立,195,教員数（兼務者）,00000,全国,2006000000,2006年
81,0000000800,学校数・学級数・児童生徒数・教職員数,07300,高等学校-国立,200,職員数（本務者）,00000,全国,2006000000,2006年
4045,0000000800,学校数・学級数・児童生徒数・教職員数,07400,高等学校-公立,010,学校数-計,00000,全国,2006000000,2006年
3936,0000000800,学校数・学級数・児童生徒数・教職員数,07400,高等学校-公立,020,学校数-本校,00000,全国,2006000000,2006年
109,0000000800,学校数・学級数・児童生徒数・教職員数,07400,高等学校-公立,030,学校数-分校,00000,全国,2006000000,2006年
67032,0000000800,学校数・学級数・児童生徒数・教職員数,07400,高等学校-公立,040,学級数,00000,全国,2006000000,2006年
2447387,0000000800,学校数・学級数・児童生徒数・教職員数,07400,高等学校-公立,080,児童生徒数-計,00000,全国,2006000000,2006年
1230051,0000000800,学校数・学級数・児童生徒数・教職員数,07400,高等学校-公立,090,児童生徒数-男,00000,全国,2006000000,2006年
1217336,0000000800,学校数・学級数・児童生徒数・教職員数,07400,高等学校-公立,100,児童生徒数-女,00000,全国,2006000000,2006年
187599,0000000800,学校数・学級数・児童生徒数・教職員数,07400,高等学校-公立,170,教員数（本務者）-計,00000,全国,2006000000,2006年
134316,0000000800,学校数・学級数・児童生徒数・教職員数,07400,高等学校-公立,180,教員数（本務者）-男,00000,全国,2006000000,2006年
53283,0000000800,学校数・学級数・児童生徒数・教職員数,07400,高等学校-公立,190,教員数（本務者）-女,00000,全国,2006000000,2006年
34654,0000000800,学校数・学級数・児童生徒数・教職員数,07400,高等学校-公立,195,教員数（兼務者）,00000,全国,2006000000,2006年
40603,0000000800,学校数・学級数・児童生徒数・教職員数,07400,高等学校-公立,200,職員数（本務者）,00000,全国,2006000000,2006年
1325,0000000800,学校数・学級数・児童生徒数・教職員数,07500,高等学校-私立,010,学校数-計,00000,全国,2006000000,2006年
1321,0000000800,学校数・学級数・児童生徒数・教職員数,07500,高等学校-私立,020,学校数-本校,00000,全国,2006000000,2006年
4,0000000800,学校数・学級数・児童生徒数・教職員数,07500,高等学校-私立,030,学校数-分校,00000,全国,2006000000,2006年
1038282,0000000800,学校数・学級数・児童生徒数・教職員数,07500,高等学校-私立,080,児童生徒数-計,00000,全国,2006000000,2006年
534681,0000000800,学校数・学級数・児童生徒数・教職員数,07500,高等学校-私立,090,児童生徒数-男,00000,全国,2006000000,2006年
503601,0000000800,学校数・学級数・児童生徒数・教職員数,07500,高等学校-私立,100,児童生徒数-女,00000,全国,2006000000,2006年
59616,0000000800,学校数・学級数・児童生徒数・教職員数,07500,高等学校-私立,170,教員数（本務者）-計,00000,全国,2006000000,2006年
43947,0000000800,学校数・学級数・児童生徒数・教職員数,07500,高等学校-私立,180,教員数（本務者）-男,00000,全国,2006000000,2006年
15669,0000000800,学校数・学級数・児童生徒数・教職員数,07500,高等学校-私立,190,教員数（本務者）-女,00000,全国,2006000000,2006年
32747,0000000800,学校数・学級数・児童生徒数・教職員数,07500,高等学校-私立,195,教員数（兼務者）,00000,全国,2006000000,2006年
12496,0000000800,学校数・学級数・児童生徒数・教職員数,07500,高等学校-私立,200,職員数（本務者）,00000,全国,2006000000,2006年
4578,0000000800,学校数・学級数・児童生徒数・教職員数,07510,高等学校-全日制,010,学校数-計,00000,全国,2006000000,2006年
4500,0000000800,学校数・学級数・児童生徒数・教職員数,07510,高等学校-全日制,020,学校数-本校,00000,全国,2006000000,2006年
78,0000000800,学校数・学級数・児童生徒数・教職員数,07510,高等学校-全日制,030,学校数-分校,00000,全国,2006000000,2006年
62005,0000000800,学校数・学級数・児童生徒数・教職員数,07510,高等学校-全日制,040,学級数,00000,全国,2006000000,2006年
3385698,0000000800,学校数・学級数・児童生徒数・教職員数,07510,高等学校-全日制,080,児童生徒数-計,00000,全国,2006000000,2006年
1706380,0000000800,学校数・学級数・児童生徒数・教職員数,07510,高等学校-全日制,090,児童生徒数-男,00000,全国,2006000000,2006年
1679318,0000000800,学校数・学級数・児童生徒数・教職員数,07510,高等学校-全日制,100,児童生徒数-女,00000,全国,2006000000,2006年
235092,0000000800,学校数・学級数・児童生徒数・教職員数,07510,高等学校-全日制,170,教員数（本務者）-計,00000,全国,2006000000,2006年
168883,0000000800,学校数・学級数・児童生徒数・教職員数,07510,高等学校-全日制,180,教員数（本務者）-男,00000,全国,2006000000,2006年
66209,0000000800,学校数・学級数・児童生徒数・教職員数,07510,高等学校-全日制,190,教員数（本務者）-女,00000,全国,2006000000,2006年
62680,0000000800,学校数・学級数・児童生徒数・教職員数,07510,高等学校-全日制,195,教員数（兼務者）,00000,全国,2006000000,2006年
50498,0000000800,学校数・学級数・児童生徒数・教職員数,07510,高等学校-全日制,200,職員数（本務者）,00000,全国,2006000000,2006年
183,0000000800,学校数・学級数・児童生徒数・教職員数,07520,高等学校-定時制,010,学校数-計,00000,全国,2006000000,2006年
149,0000000800,学校数・学級数・児童生徒数・教職員数,07520,高等学校-定時制,020,学校数-本校,00000,全国,2006000000,2006年
34,0000000800,学校数・学級数・児童生徒数・教職員数,07520,高等学校-定時制,030,学校数-分校,00000,全国,2006000000,2006年
5027,0000000800,学校数・学級数・児童生徒数・教職員数,07520,高等学校-定時制,040,学級数,00000,全国,2006000000,2006年
108815,0000000800,学校数・学級数・児童生徒数・教職員数,07520,高等学校-定時制,080,児童生徒数-計,00000,全国,2006000000,2006年
62835,0000000800,学校数・学級数・児童生徒数・教職員数,07520,高等学校-定時制,090,児童生徒数-男,00000,全国,2006000000,2006年
45980,0000000800,学校数・学級数・児童生徒数・教職員数,07520,高等学校-定時制,100,児童生徒数-女,00000,全国,2006000000,2006年
12712,0000000800,学校数・学級数・児童生徒数・教職員数,07520,高等学校-定時制,170,教員数（本務者）-計,00000,全国,2006000000,2006年
9830,0000000800,学校数・学級数・児童生徒数・教職員数,07520,高等学校-定時制,180,教員数（本務者）-男,00000,全国,2006000000,2006年
2882,0000000800,学校数・学級数・児童生徒数・教職員数,07520,高等学校-定時制,190,教員数（本務者）-女,00000,全国,2006000000,2006年
5088,0000000800,学校数・学級数・児童生徒数・教職員数,07520,高等学校-定時制,195,教員数（兼務者）,00000,全国,2006000000,2006年
2682,0000000800,学校数・学級数・児童生徒数・教職員数,07520,高等学校-定時制,200,職員数（本務者）,00000,全国,2006000000,2006年
624,0000000800,学校数・学級数・児童生徒数・教職員数,07530,高等学校-全・定併置,010,学校数-計,00000,全国,2006000000,2006年
623,0000000800,学校数・学級数・児童生徒数・教職員数,07530,高等学校-全・定併置,020,学校数-本校,00000,全国,2006000000,2006年
1,0000000800,学校数・学級数・児童生徒数・教職員数,07530,高等学校-全・定併置,030,学校数-分校,00000,全国,2006000000,2006年
27,0000000800,学校数・学級数・児童生徒数・教職員数,07590,中等教育学校-計,010,学校数-計,00000,全国,2006000000,2006年
27,0000000800,学校数・学級数・児童生徒数・教職員数,07590,中等教育学校-計,020,学校数-本校,00000,全国,2006000000,2006年
0,0000000800,学校数・学級数・児童生徒数・教職員数,07590,中等教育学校-計,030,学校数-分校,00000,全国,2006000000,2006年
252,0000000800,学校数・学級数・児童生徒数・教職員数,07590,中等教育学校-計,040,学級数,00000,全国,2006000000,2006年
11648,0000000800,学校数・学級数・児童生徒数・教職員数,07590,中等教育学校-計,080,児童生徒数-計,00000,全国,2006000000,2006年
6079,0000000800,学校数・学級数・児童生徒数・教職員数,07590,中等教育学校-計,090,児童生徒数-男,00000,全国,2006000000,2006年
5569,0000000800,学校数・学級数・児童生徒数・教職員数,07590,中等教育学校-計,100,児童生徒数-女,00000,全国,2006000000,2006年
818,0000000800,学校数・学級数・児童生徒数・教職員数,07590,中等教育学校-計,170,教員数（本務者）-計,00000,全国,2006000000,2006年
557,0000000800,学校数・学級数・児童生徒数・教職員数,07590,中等教育学校-計,180,教員数（本務者）-男,00000,全国,2006000000,2006年
261,0000000800,学校数・学級数・児童生徒数・教職員数,07590,中等教育学校-計,190,教員数（本務者）-女,00000,全国,2006000000,2006年
519,0000000800,学校数・学級数・児童生徒数・教職員数,07590,中等教育学校-計,195,教員数（兼務者）,00000,全国,2006000000,2006年
124,0000000800,学校数・学級数・児童生徒数・教職員数,07590,中等教育学校-計,200,職員数（本務者）,00000,全国,2006000000,2006年
2,0000000800,学校数・学級数・児童生徒数・教職員数,07600,中等教育学校-国立,010,学校数-計,00000,全国,2006000000,2006年
2,0000000800,学校数・学級数・児童生徒数・教職員数,07600,中等教育学校-国立,020,学校数-本校,00000,全国,2006000000,2006年
0,0000000800,学校数・学級数・児童生徒数・教職員数,07600,中等教育学校-国立,030,学校数-分校,00000,全国,2006000000,2006年
18,0000000800,学校数・学級数・児童生徒数・教職員数,07600,中等教育学校-国立,040,学級数,00000,全国,2006000000,2006年
1437,0000000800,学校数・学級数・児童生徒数・教職員数,07600,中等教育学校-国立,080,児童生徒数-計,00000,全国,2006000000,2006年
716,0000000800,学校数・学級数・児童生徒数・教職員数,07600,中等教育学校-国立,090,児童生徒数-男,00000,全国,2006000000,2006年
721,0000000800,学校数・学級数・児童生徒数・教職員数,07600,中等教育学校-国立,100,児童生徒数-女,00000,全国,2006000000,2006年
87,0000000800,学校数・学級数・児童生徒数・教職員数,07600,中等教育学校-国立,170,教員数（本務者）-計,00000,全国,2006000000,2006年
56,0000000800,学校数・学級数・児童生徒数・教職員数,07600,中等教育学校-国立,180,教員数（本務者）-男,00000,全国,2006000000,2006年
31,0000000800,学校数・学級数・児童生徒数・教職員数,07600,中等教育学校-国立,190,教員数（本務者）-女,00000,全国,2006000000,2006年
42,0000000800,学校数・学級数・児童生徒数・教職員数,07600,中等教育学校-国立,195,教員数（兼務者）,00000,全国,2006000000,2006年
16,0000000800,学校数・学級数・児童生徒数・教職員数,07600,中等教育学校-国立,200,職員数（本務者）,00000,全国,2006000000,2006年
15,0000000800,学校数・学級数・児童生徒数・教職員数,07700,中等教育学校-公立,010,学校数-計,00000,全国,2006000000,2006年
15,0000000800,学校数・学級数・児童生徒数・教職員数,07700,中等教育学校-公立,020,学校数-本校,00000,全国,2006000000,2006年
0,0000000800,学校数・学級数・児童生徒数・教職員数,07700,中等教育学校-公立,030,学校数-分校,00000,全国,2006000000,2006年
157,0000000800,学校数・学級数・児童生徒数・教職員数,07700,中等教育学校-公立,040,学級数,00000,全国,2006000000,2006年
5624,0000000800,学校数・学級数・児童生徒数・教職員数,07700,中等教育学校-公立,080,児童生徒数-計,00000,全国,2006000000,2006年
2323,0000000800,学校数・学級数・児童生徒数・教職員数,07700,中等教育学校-公立,090,児童生徒数-男,00000,全国,2006000000,2006年
3301,0000000800,学校数・学級数・児童生徒数・教職員数,07700,中等教育学校-公立,100,児童生徒数-女,00000,全国,2006000000,2006年
402,0000000800,学校数・学級数・児童生徒数・教職員数,07700,中等教育学校-公立,170,教員数（本務者）-計,00000,全国,2006000000,2006年
273,0000000800,学校数・学級数・児童生徒数・教職員数,07700,中等教育学校-公立,180,教員数（本務者）-男,00000,全国,2006000000,2006年
129,0000000800,学校数・学級数・児童生徒数・教職員数,07700,中等教育学校-公立,190,教員数（本務者）-女,00000,全国,2006000000,2006年
251,0000000800,学校数・学級数・児童生徒数・教職員数,07700,中等教育学校-公立,195,教員数（兼務者）,00000,全国,2006000000,2006年
54,0000000800,学校数・学級数・児童生徒数・教職員数,07700,中等教育学校-公立,200,職員数（本務者）,00000,全国,2006000000,2006年
10,0000000800,学校数・学級数・児童生徒数・教職員数,07800,中等教育学校-私立,010,学校数-計,00000,全国,2006000000,2006年
10,0000000800,学校数・学級数・児童生徒数・教職員数,07800,中等教育学校-私立,020,学校数-本校,00000,全国,2006000000,2006年
0,0000000800,学校数・学級数・児童生徒数・教職員数,07800,中等教育学校-私立,030,学校数-分校,00000,全国,2006000000,2006年
77,0000000800,学校数・学級数・児童生徒数・教職員数,07800,中等教育学校-私立,040,学級数,00000,全国,2006000000,2006年
4587,0000000800,学校数・学級数・児童生徒数・教職員数,07800,中等教育学校-私立,080,児童生徒数-計,00000,全国,2006000000,2006年
3040,0000000800,学校数・学級数・児童生徒数・教職員数,07800,中等教育学校-私立,090,児童生徒数-男,00000,全国,2006000000,2006年
1547,0000000800,学校数・学級数・児童生徒数・教職員数,07800,中等教育学校-私立,100,児童生徒数-女,00000,全国,2006000000,2006年
329,0000000800,学校数・学級数・児童生徒数・教職員数,07800,中等教育学校-私立,170,教員数（本務者）-計,00000,全国,2006000000,2006年
228,0000000800,学校数・学級数・児童生徒数・教職員数,07800,中等教育学校-私立,180,教員数（本務者）-男,00000,全国,2006000000,2006年
101,0000000800,学校数・学級数・児童生徒数・教職員数,07800,中等教育学校-私立,190,教員数（本務者）-女,00000,全国,2006000000,2006年
226,0000000800,学校数・学級数・児童生徒数・教職員数,07800,中等教育学校-私立,195,教員数（兼務者）,00000,全国,2006000000,2006年
54,0000000800,学校数・学級数・児童生徒数・教職員数,07800,中等教育学校-私立,200,職員数（本務者）,00000,全国,2006000000,2006年
208,0000000800,学校数・学級数・児童生徒数・教職員数,07810,中等教育学校-前期課程,040,学級数,00000,全国,2006000000,2006年
7779,0000000800,学校数・学級数・児童生徒数・教職員数,07810,中等教育学校-前期課程,080,児童生徒数-計,00000,全国,2006000000,2006年
3954,0000000800,学校数・学級数・児童生徒数・教職員数,07810,中等教育学校-前期課程,090,児童生徒数-男,00000,全国,2006000000,2006年
3825,0000000800,学校数・学級数・児童生徒数・教職員数,07810,中等教育学校-前期課程,100,児童生徒数-女,00000,全国,2006000000,2006年
44,0000000800,学校数・学級数・児童生徒数・教職員数,07820,中等教育学校-後期課程,040,学級数,00000,全国,2006000000,2006年
3869,0000000800,学校数・学級数・児童生徒数・教職員数,07820,中等教育学校-後期課程,080,児童生徒数-計,00000,全国,2006000000,2006年
2125,0000000800,学校数・学級数・児童生徒数・教職員数,07820,中等教育学校-後期課程,090,児童生徒数-男,00000,全国,2006000000,2006年
1744,0000000800,学校数・学級数・児童生徒数・教職員数,07820,中等教育学校-後期課程,100,児童生徒数-女,00000,全国,2006000000,2006年
71,0000000800,学校数・学級数・児童生徒数・教職員数,08111,盲学校-計,010,学校数-計,00000,全国,2006000000,2006年
69,0000000800,学校数・学級数・児童生徒数・教職員数,08111,盲学校-計,020,学校数-本校,00000,全国,2006000000,2006年
2,0000000800,学校数・学級数・児童生徒数・教職員数,08111,盲学校-計,030,学校数-分校,00000,全国,2006000000,2006年
1322,0000000800,学校数・学級数・児童生徒数・教職員数,08111,盲学校-計,040,学級数,00000,全国,2006000000,2006年
3688,0000000800,学校数・学級数・児童生徒数・教職員数,08111,盲学校-計,080,児童生徒数-計,00000,全国,2006000000,2006年
2350,0000000800,学校数・学級数・児童生徒数・教職員数,08111,盲学校-計,090,児童生徒数-男,00000,全国,2006000000,2006年
1338,0000000800,学校数・学級数・児童生徒数・教職員数,08111,盲学校-計,100,児童生徒数-女,00000,全国,2006000000,2006年
3323,0000000800,学校数・学級数・児童生徒数・教職員数,08111,盲学校-計,170,教員数（本務者）-計,00000,全国,2006000000,2006年
1673,0000000800,学校数・学級数・児童生徒数・教職員数,08111,盲学校-計,180,教員数（本務者）-男,00000,全国,2006000000,2006年
1650,0000000800,学校数・学級数・児童生徒数・教職員数,08111,盲学校-計,190,教員数（本務者）-女,00000,全国,2006000000,2006年
339,0000000800,学校数・学級数・児童生徒数・教職員数,08111,盲学校-計,195,教員数（兼務者）,00000,全国,2006000000,2006年
1758,0000000800,学校数・学級数・児童生徒数・教職員数,08111,盲学校-計,200,職員数（本務者）,00000,全国,2006000000,2006年
1,0000000800,学校数・学級数・児童生徒数・教職員数,08112,盲学校-国立,010,学校数-計,00000,全国,2006000000,2006年
1,0000000800,学校数・学級数・児童生徒数・教職員数,08112,盲学校-国立,020,学校数-本校,00000,全国,2006000000,2006年
0,0000000800,学校数・学級数・児童生徒数・教職員数,08112,盲学校-国立,030,学校数-分校,00000,全国,2006000000,2006年
35,0000000800,学校数・学級数・児童生徒数・教職員数,08112,盲学校-国立,040,学級数,00000,全国,2006000000,2006年
174,0000000800,学校数・学級数・児童生徒数・教職員数,08112,盲学校-国立,080,児童生徒数-計,00000,全国,2006000000,2006年
109,0000000800,学校数・学級数・児童生徒数・教職員数,08112,盲学校-国立,090,児童生徒数-男,00000,全国,2006000000,2006年
65,0000000800,学校数・学級数・児童生徒数・教職員数,08112,盲学校-国立,100,児童生徒数-女,00000,全国,2006000000,2006年
87,0000000800,学校数・学級数・児童生徒数・教職員数,08112,盲学校-国立,170,教員数（本務者）-計,00000,全国,2006000000,2006年
48,0000000800,学校数・学級数・児童生徒数・教職員数,08112,盲学校-国立,180,教員数（本務者）-男,00000,全国,2006000000,2006年
39,0000000800,学校数・学級数・児童生徒数・教職員数,08112,盲学校-国立,190,教員数（本務者）-女,00000,全国,2006000000,2006年
31,0000000800,学校数・学級数・児童生徒数・教職員数,08112,盲学校-国立,195,教員数（兼務者）,00000,全国,2006000000,2006年
28,0000000800,学校数・学級数・児童生徒数・教職員数,08112,盲学校-国立,200,職員数（本務者）,00000,全国,2006000000,2006年
68,0000000800,学校数・学級数・児童生徒数・教職員数,08113,盲学校-公立,010,学校数-計,00000,全国,2006000000,2006年
66,0000000800,学校数・学級数・児童生徒数・教職員数,08113,盲学校-公立,020,学校数-本校,00000,全国,2006000000,2006年
2,0000000800,学校数・学級数・児童生徒数・教職員数,08113,盲学校-公立,030,学校数-分校,00000,全国,2006000000,2006年
1258,0000000800,学校数・学級数・児童生徒数・教職員数,08113,盲学校-公立,040,学級数,00000,全国,2006000000,2006年
3430,0000000800,学校数・学級数・児童生徒数・教職員数,08113,盲学校-公立,080,児童生徒数-計,00000,全国,2006000000,2006年
2186,0000000800,学校数・学級数・児童生徒数・教職員数,08113,盲学校-公立,090,児童生徒数-男,00000,全国,2006000000,2006年
1244,0000000800,学校数・学級数・児童生徒数・教職員数,08113,盲学校-公立,100,児童生徒数-女,00000,全国,2006000000,2006年
3194,0000000800,学校数・学級数・児童生徒数・教職員数,08113,盲学校-公立,170,教員数（本務者）-計,00000,全国,2006000000,2006年
1604,0000000800,学校数・学級数・児童生徒数・教職員数,08113,盲学校-公立,180,教員数（本務者）-男,00000,全国,2006000000,2006年
1590,0000000800,学校数・学級数・児童生徒数・教職員数,08113,盲学校-公立,190,教員数（本務者）-女,00000,全国,2006000000,2006年
292,0000000800,学校数・学級数・児童生徒数・教職員数,08113,盲学校-公立,195,教員数（兼務者）,00000,全国,2006000000,2006年
1725,0000000800,学校数・学級数・児童生徒数・教職員数,08113,盲学校-公立,200,職員数（本務者）,00000,全国,2006000000,2006年
2,0000000800,学校数・学級数・児童生徒数・教職員数,08114,盲学校-私立,010,学校数-計,00000,全国,2006000000,2006年
2,0000000800,学校数・学級数・児童生徒数・教職員数,08114,盲学校-私立,020,学校数-本校,00000,全国,2006000000,2006年
0,0000000800,学校数・学級数・児童生徒数・教職員数,08114,盲学校-私立,030,学校数-分校,00000,全国,2006000000,2006年
29,0000000800,学校数・学級数・児童生徒数・教職員数,08114,盲学校-私立,040,学級数,00000,全国,2006000000,2006年
84,0000000800,学校数・学級数・児童生徒数・教職員数,08114,盲学校-私立,080,児童生徒数-計,00000,全国,2006000000,2006年
55,0000000800,学校数・学級数・児童生徒数・教職員数,08114,盲学校-私立,090,児童生徒数-男,00000,全国,2006000000,2006年
29,0000000800,学校数・学級数・児童生徒数・教職員数,08114,盲学校-私立,100,児童生徒数-女,00000,全国,2006000000,2006年
42,0000000800,学校数・学級数・児童生徒数・教職員数,08114,盲学校-私立,170,教員数（本務者）-計,00000,全国,2006000000,2006年
21,0000000800,学校数・学級数・児童生徒数・教職員数,08114,盲学校-私立,180,教員数（本務者）-男,00000,全国,2006000000,2006年
21,0000000800,学校数・学級数・児童生徒数・教職員数,08114,盲学校-私立,190,教員数（本務者）-女,00000,全国,2006000000,2006年
16,0000000800,学校数・学級数・児童生徒数・教職員数,08114,盲学校-私立,195,教員数（兼務者）,00000,全国,2006000000,2006年
5,0000000800,学校数・学級数・児童生徒数・教職員数,08114,盲学校-私立,200,職員数（本務者）,00000,全国,2006000000,2006年
104,0000000800,学校数・学級数・児童生徒数・教職員数,08115,聾学校-計,010,学校数-計,00000,全国,2006000000,2006年
95,0000000800,学校数・学級数・児童生徒数・教職員数,08115,聾学校-計,020,学校数-本校,00000,全国,2006000000,2006年
9,0000000800,学校数・学級数・児童生徒数・教職員数,08115,聾学校-計,030,学校数-分校,00000,全国,2006000000,2006年
2003,0000000800,学校数・学級数・児童生徒数・教職員数,08115,聾学校-計,040,学級数,00000,全国,2006000000,2006年
6544,0000000800,学校数・学級数・児童生徒数・教職員数,08115,聾学校-計,080,児童生徒数-計,00000,全国,2006000000,2006年
3577,0000000800,学校数・学級数・児童生徒数・教職員数,08115,聾学校-計,090,児童生徒数-男,00000,全国,2006000000,2006年
2967,0000000800,学校数・学級数・児童生徒数・教職員数,08115,聾学校-計,100,児童生徒数-女,00000,全国,2006000000,2006年
4908,0000000800,学校数・学級数・児童生徒数・教職員数,08115,聾学校-計,170,教員数（本務者）-計,00000,全国,2006000000,2006年
1920,0000000800,学校数・学級数・児童生徒数・教職員数,08115,聾学校-計,180,教員数（本務者）-男,00000,全国,2006000000,2006年
2988,0000000800,学校数・学級数・児童生徒数・教職員数,08115,聾学校-計,190,教員数（本務者）-女,00000,全国,2006000000,2006年
293,0000000800,学校数・学級数・児童生徒数・教職員数,08115,聾学校-計,195,教員数（兼務者）,00000,全国,2006000000,2006年
1836,0000000800,学校数・学級数・児童生徒数・教職員数,08115,聾学校-計,200,職員数（本務者）,00000,全国,2006000000,2006年
1,0000000800,学校数・学級数・児童生徒数・教職員数,08116,聾学校-国立,010,学校数-計,00000,全国,2006000000,2006年
1,0000000800,学校数・学級数・児童生徒数・教職員数,08116,聾学校-国立,020,学校数-本校,00000,全国,2006000000,2006年
0,0000000800,学校数・学級数・児童生徒数・教職員数,08116,聾学校-国立,030,学校数-分校,00000,全国,2006000000,2006年
43,0000000800,学校数・学級数・児童生徒数・教職員数,08116,聾学校-国立,040,学級数,00000,全国,2006000000,2006年
287,0000000800,学校数・学級数・児童生徒数・教職員数,08116,聾学校-国立,080,児童生徒数-計,00000,全国,2006000000,2006年
143,0000000800,学校数・学級数・児童生徒数・教職員数,08116,聾学校-国立,090,児童生徒数-男,00000,全国,2006000000,2006年
144,0000000800,学校数・学級数・児童生徒数・教職員数,08116,聾学校-国立,100,児童生徒数-女,00000,全国,2006000000,2006年
88,0000000800,学校数・学級数・児童生徒数・教職員数,08116,聾学校-国立,170,教員数（本務者）-計,00000,全国,2006000000,2006年
51,0000000800,学校数・学級数・児童生徒数・教職員数,08116,聾学校-国立,180,教員数（本務者）-男,00000,全国,2006000000,2006年
37,0000000800,学校数・学級数・児童生徒数・教職員数,08116,聾学校-国立,190,教員数（本務者）-女,00000,全国,2006000000,2006年
25,0000000800,学校数・学級数・児童生徒数・教職員数,08116,聾学校-国立,195,教員数（兼務者）,00000,全国,2006000000,2006年
18,0000000800,学校数・学級数・児童生徒数・教職員数,08116,聾学校-国立,200,職員数（本務者）,00000,全国,2006000000,2006年
102,0000000800,学校数・学級数・児童生徒数・教職員数,08117,聾学校-公立,010,学校数-計,00000,全国,2006000000,2006年
93,0000000800,学校数・学級数・児童生徒数・教職員数,08117,聾学校-公立,020,学校数-本校,00000,全国,2006000000,2006年
9,0000000800,学校数・学級数・児童生徒数・教職員数,08117,聾学校-公立,030,学校数-分校,00000,全国,2006000000,2006年
1946,0000000800,学校数・学級数・児童生徒数・教職員数,08117,聾学校-公立,040,学級数,00000,全国,2006000000,2006年
6189,0000000800,学校数・学級数・児童生徒数・教職員数,08117,聾学校-公立,080,児童生徒数-計,00000,全国,2006000000,2006年
3397,0000000800,学校数・学級数・児童生徒数・教職員数,08117,聾学校-公立,090,児童生徒数-男,00000,全国,2006000000,2006年
2792,0000000800,学校数・学級数・児童生徒数・教職員数,08117,聾学校-公立,100,児童生徒数-女,00000,全国,2006000000,2006年
4789,0000000800,学校数・学級数・児童生徒数・教職員数,08117,聾学校-公立,170,教員数（本務者）-計,00000,全国,2006000000,2006年
1858,0000000800,学校数・学級数・児童生徒数・教職員数,08117,聾学校-公立,180,教員数（本務者）-男,00000,全国,2006000000,2006年
2931,0000000800,学校数・学級数・児童生徒数・教職員数,08117,聾学校-公立,190,教員数（本務者）-女,00000,全国,2006000000,2006年
268,0000000800,学校数・学級数・児童生徒数・教職員数,08117,聾学校-公立,195,教員数（兼務者）,00000,全国,2006000000,2006年
1808,0000000800,学校数・学級数・児童生徒数・教職員数,08117,聾学校-公立,200,職員数（本務者）,00000,全国,2006000000,2006年
1,0000000800,学校数・学級数・児童生徒数・教職員数,08118,聾学校-私立,010,学校数-計,00000,全国,2006000000,2006年
1,0000000800,学校数・学級数・児童生徒数・教職員数,08118,聾学校-私立,020,学校数-本校,00000,全国,2006000000,2006年
0,0000000800,学校数・学級数・児童生徒数・教職員数,08118,聾学校-私立,030,学校数-分校,00000,全国,2006000000,2006年
14,0000000800,学校数・学級数・児童生徒数・教職員数,08118,聾学校-私立,040,学級数,00000,全国,2006000000,2006年
68,0000000800,学校数・学級数・児童生徒数・教職員数,08118,聾学校-私立,080,児童生徒数-計,00000,全国,2006000000,2006年
37,0000000800,学校数・学級数・児童生徒数・教職員数,08118,聾学校-私立,090,児童生徒数-男,00000,全国,2006000000,2006年
31,0000000800,学校数・学級数・児童生徒数・教職員数,08118,聾学校-私立,100,児童生徒数-女,00000,全国,2006000000,2006年
31,0000000800,学校数・学級数・児童生徒数・教職員数,08118,聾学校-私立,170,教員数（本務者）-計,00000,全国,2006000000,2006年
11,0000000800,学校数・学級数・児童生徒数・教職員数,08118,聾学校-私立,180,教員数（本務者）-男,00000,全国,2006000000,2006年
20,0000000800,学校数・学級数・児童生徒数・教職員数,08118,聾学校-私立,190,教員数（本務者）-女,00000,全国,2006000000,2006年
0,0000000800,学校数・学級数・児童生徒数・教職員数,08118,聾学校-私立,195,教員数（兼務者）,00000,全国,2006000000,2006年
10,0000000800,学校数・学級数・児童生徒数・教職員数,08118,聾学校-私立,200,職員数（本務者）,00000,全国,2006000000,2006年
831,0000000800,学校数・学級数・児童生徒数・教職員数,08119,養護学校-計,010,学校数-計,00000,全国,2006000000,2006年
755,0000000800,学校数・学級数・児童生徒数・教職員数,08119,養護学校-計,020,学校数-本校,00000,全国,2006000000,2006年
76,0000000800,学校数・学級数・児童生徒数・教職員数,08119,養護学校-計,030,学校数-分校,00000,全国,2006000000,2006年
24784,0000000800,学校数・学級数・児童生徒数・教職員数,08119,養護学校-計,040,学級数,00000,全国,2006000000,2006年
94360,0000000800,学校数・学級数・児童生徒数・教職員数,08119,養護学校-計,080,児童生徒数-計,00000,全国,2006000000,2006年
61503,0000000800,学校数・学級数・児童生徒数・教職員数,08119,養護学校-計,090,児童生徒数-男,00000,全国,2006000000,2006年
32857,0000000800,学校数・学級数・児童生徒数・教職員数,08119,養護学校-計,100,児童生徒数-女,00000,全国,2006000000,2006年
56826,0000000800,学校数・学級数・児童生徒数・教職員数,08119,養護学校-計,170,教員数（本務者）-計,00000,全国,2006000000,2006年
23656,0000000800,学校数・学級数・児童生徒数・教職員数,08119,養護学校-計,180,教員数（本務者）-男,00000,全国,2006000000,2006年
33170,0000000800,学校数・学級数・児童生徒数・教職員数,08119,養護学校-計,190,教員数（本務者）-女,00000,全国,2006000000,2006年
2036,0000000800,学校数・学級数・児童生徒数・教職員数,08119,養護学校-計,195,教員数（兼務者）,00000,全国,2006000000,2006年
11904,0000000800,学校数・学級数・児童生徒数・教職員数,08119,養護学校-計,200,職員数（本務者）,00000,全国,2006000000,2006年
43,0000000800,学校数・学級数・児童生徒数・教職員数,08120,養護学校-国立,010,学校数-計,00000,全国,2006000000,2006年
43,0000000800,学校数・学級数・児童生徒数・教職員数,08120,養護学校-国立,020,学校数-本校,00000,全国,2006000000,2006年
0,0000000800,学校数・学級数・児童生徒数・教職員数,08120,養護学校-国立,030,学校数-分校,00000,全国,2006000000,2006年
423,0000000800,学校数・学級数・児童生徒数・教職員数,08120,養護学校-国立,040,学級数,00000,全国,2006000000,2006年
2581,0000000800,学校数・学級数・児童生徒数・教職員数,08120,養護学校-国立,080,児童生徒数-計,00000,全国,2006000000,2006年
1688,0000000800,学校数・学級数・児童生徒数・教職員数,08120,養護学校-国立,090,児童生徒数-男,00000,全国,2006000000,2006年
893,0000000800,学校数・学級数・児童生徒数・教職員数,08120,養護学校-国立,100,児童生徒数-女,00000,全国,2006000000,2006年
1285,0000000800,学校数・学級数・児童生徒数・教職員数,08120,養護学校-国立,170,教員数（本務者）-計,00000,全国,2006000000,2006年
664,0000000800,学校数・学級数・児童生徒数・教職員数,08120,養護学校-国立,180,教員数（本務者）-男,00000,全国,2006000000,2006年
621,0000000800,学校数・学級数・児童生徒数・教職員数,08120,養護学校-国立,190,教員数（本務者）-女,00000,全国,2006000000,2006年
163,0000000800,学校数・学級数・児童生徒数・教職員数,08120,養護学校-国立,195,教員数（兼務者）,00000,全国,2006000000,2006年
138,0000000800,学校数・学級数・児童生徒数・教職員数,08120,養護学校-国立,200,職員数（本務者）,00000,全国,2006000000,2006年
777,0000000800,学校数・学級数・児童生徒数・教職員数,08121,養護学校-公立,010,学校数-計,00000,全国,2006000000,2006年
701,0000000800,学校数・学級数・児童生徒数・教職員数,08121,養護学校-公立,020,学校数-本校,00000,全国,2006000000,2006年
76,0000000800,学校数・学級数・児童生徒数・教職員数,08121,養護学校-公立,030,学校数-分校,00000,全国,2006000000,2006年
24270,0000000800,学校数・学級数・児童生徒数・教職員数,08121,養護学校-公立,040,学級数,00000,全国,2006000000,2006年
91098,0000000800,学校数・学級数・児童生徒数・教職員数,08121,養護学校-公立,080,児童生徒数-計,00000,全国,2006000000,2006年
59405,0000000800,学校数・学級数・児童生徒数・教職員数,08121,養護学校-公立,090,児童生徒数-男,00000,全国,2006000000,2006年
31693,0000000800,学校数・学級数・児童生徒数・教職員数,08121,養護学校-公立,100,児童生徒数-女,00000,全国,2006000000,2006年
55348,0000000800,学校数・学級数・児童生徒数・教職員数,08121,養護学校-公立,170,教員数（本務者）-計,00000,全国,2006000000,2006年
22894,0000000800,学校数・学級数・児童生徒数・教職員数,08121,養護学校-公立,180,教員数（本務者）-男,00000,全国,2006000000,2006年
32454,0000000800,学校数・学級数・児童生徒数・教職員数,08121,養護学校-公立,190,教員数（本務者）-女,00000,全国,2006000000,2006年
1850,0000000800,学校数・学級数・児童生徒数・教職員数,08121,養護学校-公立,195,教員数（兼務者）,00000,全国,2006000000,2006年
11718,0000000800,学校数・学級数・児童生徒数・教職員数,08121,養護学校-公立,200,職員数（本務者）,00000,全国,2006000000,2006年
11,0000000800,学校数・学級数・児童生徒数・教職員数,08122,養護学校-私立,010,学校数-計,00000,全国,2006000000,2006年
11,0000000800,学校数・学級数・児童生徒数・教職員数,08122,養護学校-私立,020,学校数-本校,00000,全国,2006000000,2006年
0,0000000800,学校数・学級数・児童生徒数・教職員数,08122,養護学校-私立,030,学校数-分校,00000,全国,2006000000,2006年
91,0000000800,学校数・学級数・児童生徒数・教職員数,08122,養護学校-私立,040,学級数,00000,全国,2006000000,2006年
681,0000000800,学校数・学級数・児童生徒数・教職員数,08122,養護学校-私立,080,児童生徒数-計,00000,全国,2006000000,2006年
410,0000000800,学校数・学級数・児童生徒数・教職員数,08122,養護学校-私立,090,児童生徒数-男,00000,全国,2006000000,2006年
271,0000000800,学校数・学級数・児童生徒数・教職員数,08122,養護学校-私立,100,児童生徒数-女,00000,全国,2006000000,2006年
193,0000000800,学校数・学級数・児童生徒数・教職員数,08122,養護学校-私立,170,教員数（本務者）-計,00000,全国,2006000000,2006年
98,0000000800,学校数・学級数・児童生徒数・教職員数,08122,養護学校-私立,180,教員数（本務者）-男,00000,全国,2006000000,2006年
95,0000000800,学校数・学級数・児童生徒数・教職員数,08122,養護学校-私立,190,教員数（本務者）-女,00000,全国,2006000000,2006年
23,0000000800,学校数・学級数・児童生徒数・教職員数,08122,養護学校-私立,195,教員数（兼務者）,00000,全国,2006000000,2006年
48,0000000800,学校数・学級数・児童生徒数・教職員数,08122,養護学校-私立,200,職員数（本務者）,00000,全国,2006000000,2006年
13835,0000000800,学校数・学級数・児童生徒数・教職員数,08190,幼稚園-計,010,学校数-計,00000,全国,2006000000,2006年
13787,0000000800,学校数・学級数・児童生徒数・教職員数,08190,幼稚園-計,020,学校数-本校,00000,全国,2006000000,2006年
48,0000000800,学校数・学級数・児童生徒数・教職員数,08190,幼稚園-計,030,学校数-分校,00000,全国,2006000000,2006年
73386,0000000800,学校数・学級数・児童生徒数・教職員数,08190,幼稚園-計,040,学級数,00000,全国,2006000000,2006年
1726520,0000000800,学校数・学級数・児童生徒数・教職員数,08190,幼稚園-計,080,児童生徒数-計,00000,全国,2006000000,2006年
875108,0000000800,学校数・学級数・児童生徒数・教職員数,08190,幼稚園-計,090,児童生徒数-男,00000,全国,2006000000,2006年
851412,0000000800,学校数・学級数・児童生徒数・教職員数,08190,幼稚園-計,100,児童生徒数-女,00000,全国,2006000000,2006年
110807,0000000800,学校数・学級数・児童生徒数・教職員数,08190,幼稚園-計,170,教員数（本務者）-計,00000,全国,2006000000,2006年
6904,0000000800,学校数・学級数・児童生徒数・教職員数,08190,幼稚園-計,180,教員数（本務者）-男,00000,全国,2006000000,2006年
103903,0000000800,学校数・学級数・児童生徒数・教職員数,08190,幼稚園-計,190,教員数（本務者）-女,00000,全国,2006000000,2006年
14524,0000000800,学校数・学級数・児童生徒数・教職員数,08190,幼稚園-計,195,教員数（兼務者）,00000,全国,2006000000,2006年
20462,0000000800,学校数・学級数・児童生徒数・教職員数,08190,幼稚園-計,200,職員数（本務者）,00000,全国,2006000000,2006年
49,0000000800,学校数・学級数・児童生徒数・教職員数,08200,幼稚園-国立,010,学校数-計,00000,全国,2006000000,2006年
49,0000000800,学校数・学級数・児童生徒数・教職員数,08200,幼稚園-国立,020,学校数-本校,00000,全国,2006000000,2006年
0,0000000800,学校数・学級数・児童生徒数・教職員数,08200,幼稚園-国立,030,学校数-分校,00000,全国,2006000000,2006年
230,0000000800,学校数・学級数・児童生徒数・教職員数,08200,幼稚園-国立,040,学級数,00000,全国,2006000000,2006年
6531,0000000800,学校数・学級数・児童生徒数・教職員数,08200,幼稚園-国立,080,児童生徒数-計,00000,全国,2006000000,2006年
3295,0000000800,学校数・学級数・児童生徒数・教職員数,08200,幼稚園-国立,090,児童生徒数-男,00000,全国,2006000000,2006年
3236,0000000800,学校数・学級数・児童生徒数・教職員数,08200,幼稚園-国立,100,児童生徒数-女,00000,全国,2006000000,2006年
332,0000000800,学校数・学級数・児童生徒数・教職員数,08200,幼稚園-国立,170,教員数（本務者）-計,00000,全国,2006000000,2006年
38,0000000800,学校数・学級数・児童生徒数・教職員数,08200,幼稚園-国立,180,教員数（本務者）-男,00000,全国,2006000000,2006年
294,0000000800,学校数・学級数・児童生徒数・教職員数,08200,幼稚園-国立,190,教員数（本務者）-女,00000,全国,2006000000,2006年
211,0000000800,学校数・学級数・児童生徒数・教職員数,08200,幼稚園-国立,195,教員数（兼務者）,00000,全国,2006000000,2006年
31,0000000800,学校数・学級数・児童生徒数・教職員数,08200,幼稚園-国立,200,職員数（本務者）,00000,全国,2006000000,2006年
5469,0000000800,学校数・学級数・児童生徒数・教職員数,08300,幼稚園-公立,010,学校数-計,00000,全国,2006000000,2006年
5423,0000000800,学校数・学級数・児童生徒数・教職員数,08300,幼稚園-公立,020,学校数-本校,00000,全国,2006000000,2006年
46,0000000800,学校数・学級数・児童生徒数・教職員数,08300,幼稚園-公立,030,学校数-分校,00000,全国,2006000000,2006年
16475,0000000800,学校数・学級数・児童生徒数・教職員数,08300,幼稚園-公立,040,学級数,00000,全国,2006000000,2006年
342301,0000000800,学校数・学級数・児童生徒数・教職員数,08300,幼稚園-公立,080,児童生徒数-計,00000,全国,2006000000,2006年
174303,0000000800,学校数・学級数・児童生徒数・教職員数,08300,幼稚園-公立,090,児童生徒数-男,00000,全国,2006000000,2006年
167998,0000000800,学校数・学級数・児童生徒数・教職員数,08300,幼稚園-公立,100,児童生徒数-女,00000,全国,2006000000,2006年
25329,0000000800,学校数・学級数・児童生徒数・教職員数,08300,幼稚園-公立,170,教員数（本務者）-計,00000,全国,2006000000,2006年
679,0000000800,学校数・学級数・児童生徒数・教職員数,08300,幼稚園-公立,180,教員数（本務者）-男,00000,全国,2006000000,2006年
24650,0000000800,学校数・学級数・児童生徒数・教職員数,08300,幼稚園-公立,190,教員数（本務者）-女,00000,全国,2006000000,2006年
4326,0000000800,学校数・学級数・児童生徒数・教職員数,08300,幼稚園-公立,195,教員数（兼務者）,00000,全国,2006000000,2006年
2129,0000000800,学校数・学級数・児童生徒数・教職員数,08300,幼稚園-公立,200,職員数（本務者）,00000,全国,2006000000,2006年
8317,0000000800,学校数・学級数・児童生徒数・教職員数,08400,幼稚園-私立,010,学校数-計,00000,全国,2006000000,2006年
8315,0000000800,学校数・学級数・児童生徒数・教職員数,08400,幼稚園-私立,020,学校数-本校,00000,全国,2006000000,2006年
2,0000000800,学校数・学級数・児童生徒数・教職員数,08400,幼稚園-私立,030,学校数-分校,00000,全国,2006000000,2006年
56681,0000000800,学校数・学級数・児童生徒数・教職員数,08400,幼稚園-私立,040,学級数,00000,全国,2006000000,2006年
1377688,0000000800,学校数・学級数・児童生徒数・教職員数,08400,幼稚園-私立,080,児童生徒数-計,00000,全国,2006000000,2006年
697510,0000000800,学校数・学級数・児童生徒数・教職員数,08400,幼稚園-私立,090,児童生徒数-男,00000,全国,2006000000,2006年
680178,0000000800,学校数・学級数・児童生徒数・教職員数,08400,幼稚園-私立,100,児童生徒数-女,00000,全国,2006000000,2006年
85146,0000000800,学校数・学級数・児童生徒数・教職員数,08400,幼稚園-私立,170,教員数（本務者）-計,00000,全国,2006000000,2006年
6187,0000000800,学校数・学級数・児童生徒数・教職員数,08400,幼稚園-私立,180,教員数（本務者）-男,00000,全国,2006000000,2006年
78959,0000000800,学校数・学級数・児童生徒数・教職員数,08400,幼稚園-私立,190,教員数（本務者）-女,00000,全国,2006000000,2006年
9987,0000000800,学校数・学級数・児童生徒数・教職員数,08400,幼稚園-私立,195,教員数（兼務者）,00000,全国,2006000000,2006年
18302,0000000800,学校数・学級数・児童生徒数・教職員数,08400,幼稚園-私立,200,職員数（本務者）,00000,全国,2006000000,2006年
3441,0000000800,学校数・学級数・児童生徒数・教職員数,08790,専修学校-計,010,学校数-計,00000,全国,2006000000,2006年
3433,0000000800,学校数・学級数・児童生徒数・教職員数,08790,専修学校-計,020,学校数-本校,00000,全国,2006000000,2006年
8,0000000800,学校数・学級数・児童生徒数・教職員数,08790,専修学校-計,030,学校数-分校,00000,全国,2006000000,2006年
750208,0000000800,学校数・学級数・児童生徒数・教職員数,08790,専修学校-計,080,児童生徒数-計,00000,全国,2006000000,2006年
348816,0000000800,学校数・学級数・児童生徒数・教職員数,08790,専修学校-計,090,児童生徒数-男,00000,全国,2006000000,2006年
401392,0000000800,学校数・学級数・児童生徒数・教職員数,08790,専修学校-計,100,児童生徒数-女,00000,全国,2006000000,2006年
42171,0000000800,学校数・学級数・児童生徒数・教職員数,08790,専修学校-計,170,教員数（本務者）-計,00000,全国,2006000000,2006年
20791,0000000800,学校数・学級数・児童生徒数・教職員数,08790,専修学校-計,180,教員数（本務者）-男,00000,全国,2006000000,2006年
21380,0000000800,学校数・学級数・児童生徒数・教職員数,08790,専修学校-計,190,教員数（本務者）-女,00000,全国,2006000000,2006年
110427,0000000800,学校数・学級数・児童生徒数・教職員数,08790,専修学校-計,195,教員数（兼務者）,00000,全国,2006000000,2006年
17407,0000000800,学校数・学級数・児童生徒数・教職員数,08790,専修学校-計,200,職員数（本務者）,00000,全国,2006000000,2006年
11,0000000800,学校数・学級数・児童生徒数・教職員数,08800,専修学校-国立,010,学校数-計,00000,全国,2006000000,2006年
11,0000000800,学校数・学級数・児童生徒数・教職員数,08800,専修学校-国立,020,学校数-本校,00000,全国,2006000000,2006年
0,0000000800,学校数・学級数・児童生徒数・教職員数,08800,専修学校-国立,030,学校数-分校,00000,全国,2006000000,2006年
918,0000000800,学校数・学級数・児童生徒数・教職員数,08800,専修学校-国立,080,児童生徒数-計,00000,全国,2006000000,2006年
397,0000000800,学校数・学級数・児童生徒数・教職員数,08800,専修学校-国立,090,児童生徒数-男,00000,全国,2006000000,2006年
521,0000000800,学校数・学級数・児童生徒数・教職員数,08800,専修学校-国立,100,児童生徒数-女,00000,全国,2006000000,2006年
155,0000000800,学校数・学級数・児童生徒数・教職員数,08800,専修学校-国立,170,教員数（本務者）-計,00000,全国,2006000000,2006年
118,0000000800,学校数・学級数・児童生徒数・教職員数,08800,専修学校-国立,180,教員数（本務者）-男,00000,全国,2006000000,2006年
37,0000000800,学校数・学級数・児童生徒数・教職員数,08800,専修学校-国立,190,教員数（本務者）-女,00000,全国,2006000000,2006年
304,0000000800,学校数・学級数・児童生徒数・教職員数,08800,専修学校-国立,195,教員数（兼務者）,00000,全国,2006000000,2006年
316,0000000800,学校数・学級数・児童生徒数・教職員数,08800,専修学校-国立,200,職員数（本務者）,00000,全国,2006000000,2006年
199,0000000800,学校数・学級数・児童生徒数・教職員数,08900,専修学校-公立,010,学校数-計,00000,全国,2006000000,2006年
199,0000000800,学校数・学級数・児童生徒数・教職員数,08900,専修学校-公立,020,学校数-本校,00000,全国,2006000000,2006年
0,0000000800,学校数・学級数・児童生徒数・教職員数,08900,専修学校-公立,030,学校数-分校,00000,全国,2006000000,2006年
28187,0000000800,学校数・学級数・児童生徒数・教職員数,08900,専修学校-公立,080,児童生徒数-計,00000,全国,2006000000,2006年
4146,0000000800,学校数・学級数・児童生徒数・教職員数,08900,専修学校-公立,090,児童生徒数-男,00000,全国,2006000000,2006年
24041,0000000800,学校数・学級数・児童生徒数・教職員数,08900,専修学校-公立,100,児童生徒数-女,00000,全国,2006000000,2006年
2703,0000000800,学校数・学級数・児童生徒数・教職員数,08900,専修学校-公立,170,教員数（本務者）-計,00000,全国,2006000000,2006年
425,0000000800,学校数・学級数・児童生徒数・教職員数,08900,専修学校-公立,180,教員数（本務者）-男,00000,全国,2006000000,2006年
2278,0000000800,学校数・学級数・児童生徒数・教職員数,08900,専修学校-公立,190,教員数（本務者）-女,00000,全国,2006000000,2006年
12460,0000000800,学校数・学級数・児童生徒数・教職員数,08900,専修学校-公立,195,教員数（兼務者）,00000,全国,2006000000,2006年
967,0000000800,学校数・学級数・児童生徒数・教職員数,08900,専修学校-公立,200,職員数（本務者）,00000,全国,2006000000,2006年
3231,0000000800,学校数・学級数・児童生徒数・教職員数,09000,専修学校-私立,010,学校数-計,00000,全国,2006000000,2006年
3223,0000000800,学校数・学級数・児童生徒数・教職員数,09000,専修学校-私立,020,学校数-本校,00000,全国,2006000000,2006年
8,0000000800,学校数・学級数・児童生徒数・教職員数,09000,専修学校-私立,030,学校数-分校,00000,全国,2006000000,2006年
721103,0000000800,学校数・学級数・児童生徒数・教職員数,09000,専修学校-私立,080,児童生徒数-計,00000,全国,2006000000,2006年
344273,0000000800,学校数・学級数・児童生徒数・教職員数,09000,専修学校-私立,090,児童生徒数-男,00000,全国,2006000000,2006年
376830,0000000800,学校数・学級数・児童生徒数・教職員数,09000,専修学校-私立,100,児童生徒数-女,00000,全国,2006000000,2006年
39313,0000000800,学校数・学級数・児童生徒数・教職員数,09000,専修学校-私立,170,教員数（本務者）-計,00000,全国,2006000000,2006年
20248,0000000800,学校数・学級数・児童生徒数・教職員数,09000,専修学校-私立,180,教員数（本務者）-男,00000,全国,2006000000,2006年
19065,0000000800,学校数・学級数・児童生徒数・教職員数,09000,専修学校-私立,190,教員数（本務者）-女,00000,全国,2006000000,2006年
97663,0000000800,学校数・学級数・児童生徒数・教職員数,09000,専修学校-私立,195,教員数（兼務者）,00000,全国,2006000000,2006年
16124,0000000800,学校数・学級数・児童生徒数・教職員数,09000,専修学校-私立,200,職員数（本務者）,00000,全国,2006000000,2006年
42560,0000000800,学校数・学級数・児童生徒数・教職員数,09010,専修学校-高等課程,080,児童生徒数-計,00000,全国,2006000000,2006年
18101,0000000800,学校数・学級数・児童生徒数・教職員数,09010,専修学校-高等課程,090,児童生徒数-男,00000,全国,2006000000,2006年
24459,0000000800,学校数・学級数・児童生徒数・教職員数,09010,専修学校-高等課程,100,児童生徒数-女,00000,全国,2006000000,2006年
3101,0000000800,学校数・学級数・児童生徒数・教職員数,09010,専修学校-高等課程,170,教員数（本務者）-計,00000,全国,2006000000,2006年
1320,0000000800,学校数・学級数・児童生徒数・教職員数,09010,専修学校-高等課程,180,教員数（本務者）-男,00000,全国,2006000000,2006年
1781,0000000800,学校数・学級数・児童生徒数・教職員数,09010,専修学校-高等課程,190,教員数（本務者）-女,00000,全国,2006000000,2006年
8313,0000000800,学校数・学級数・児童生徒数・教職員数,09010,専修学校-高等課程,195,教員数（兼務者）,00000,全国,2006000000,2006年
667188,0000000800,学校数・学級数・児童生徒数・教職員数,09020,専修学校-専門課程,080,児童生徒数-計,00000,全国,2006000000,2006年
302705,0000000800,学校数・学級数・児童生徒数・教職員数,09020,専修学校-専門課程,090,児童生徒数-男,00000,全国,2006000000,2006年
364483,0000000800,学校数・学級数・児童生徒数・教職員数,09020,専修学校-専門課程,100,児童生徒数-女,00000,全国,2006000000,2006年
37712,0000000800,学校数・学級数・児童生徒数・教職員数,09020,専修学校-専門課程,170,教員数（本務者）-計,00000,全国,2006000000,2006年
18485,0000000800,学校数・学級数・児童生徒数・教職員数,09020,専修学校-専門課程,180,教員数（本務者）-男,00000,全国,2006000000,2006年
19227,0000000800,学校数・学級数・児童生徒数・教職員数,09020,専修学校-専門課程,190,教員数（本務者）-女,00000,全国,2006000000,2006年
100418,0000000800,学校数・学級数・児童生徒数・教職員数,09020,専修学校-専門課程,195,教員数（兼務者）,00000,全国,2006000000,2006年
40460,0000000800,学校数・学級数・児童生徒数・教職員数,09030,専修学校-一般課程,080,児童生徒数-計,00000,全国,2006000000,2006年
28010,0000000800,学校数・学級数・児童生徒数・教職員数,09030,専修学校-一般課程,090,児童生徒数-男,00000,全国,2006000000,2006年
12450,0000000800,学校数・学級数・児童生徒数・教職員数,09030,専修学校-一般課程,100,児童生徒数-女,00000,全国,2006000000,2006年
1358,0000000800,学校数・学級数・児童生徒数・教職員数,09030,専修学校-一般課程,170,教員数（本務者）-計,00000,全国,2006000000,2006年
986,0000000800,学校数・学級数・児童生徒数・教職員数,09030,専修学校-一般課程,180,教員数（本務者）-男,00000,全国,2006000000,2006年
372,0000000800,学校数・学級数・児童生徒数・教職員数,09030,専修学校-一般課程,190,教員数（本務者）-女,00000,全国,2006000000,2006年
1696,0000000800,学校数・学級数・児童生徒数・教職員数,09030,専修学校-一般課程,195,教員数（兼務者）,00000,全国,2006000000,2006年
1729,0000000800,学校数・学級数・児童生徒数・教職員数,09090,各種学校-計,010,学校数-計,00000,全国,2006000000,2006年
1722,0000000800,学校数・学級数・児童生徒数・教職員数,09090,各種学校-計,020,学校数-本校,00000,全国,2006000000,2006年
7,0000000800,学校数・学級数・児童生徒数・教職員数,09090,各種学校-計,030,学校数-分校,00000,全国,2006000000,2006年
149934,0000000800,学校数・学級数・児童生徒数・教職員数,09090,各種学校-計,080,児童生徒数-計,00000,全国,2006000000,2006年
74141,0000000800,学校数・学級数・児童生徒数・教職員数,09090,各種学校-計,090,児童生徒数-男,00000,全国,2006000000,2006年
75793,0000000800,学校数・学級数・児童生徒数・教職員数,09090,各種学校-計,100,児童生徒数-女,00000,全国,2006000000,2006年
10401,0000000800,学校数・学級数・児童生徒数・教職員数,09090,各種学校-計,170,教員数（本務者）-計,00000,全国,2006000000,2006年
6405,0000000800,学校数・学級数・児童生徒数・教職員数,09090,各種学校-計,180,教員数（本務者）-男,00000,全国,2006000000,2006年
3996,0000000800,学校数・学級数・児童生徒数・教職員数,09090,各種学校-計,190,教員数（本務者）-女,00000,全国,2006000000,2006年
11265,0000000800,学校数・学級数・児童生徒数・教職員数,09090,各種学校-計,195,教員数（兼務者）,00000,全国,2006000000,2006年
4145,0000000800,学校数・学級数・児童生徒数・教職員数,09090,各種学校-計,200,職員数（本務者）,00000,全国,2006000000,2006年
0,0000000800,学校数・学級数・児童生徒数・教職員数,09100,各種学校-国立,010,学校数-計,00000,全国,2006000000,2006年
0,0000000800,学校数・学級数・児童生徒数・教職員数,09100,各種学校-国立,020,学校数-本校,00000,全国,2006000000,2006年
0,0000000800,学校数・学級数・児童生徒数・教職員数,09100,各種学校-国立,030,学校数-分校,00000,全国,2006000000,2006年
0,0000000800,学校数・学級数・児童生徒数・教職員数,09100,各種学校-国立,080,児童生徒数-計,00000,全国,2006000000,2006年
0,0000000800,学校数・学級数・児童生徒数・教職員数,09100,各種学校-国立,090,児童生徒数-男,00000,全国,2006000000,2006年
0,0000000800,学校数・学級数・児童生徒数・教職員数,09100,各種学校-国立,100,児童生徒数-女,00000,全国,2006000000,2006年
0,0000000800,学校数・学級数・児童生徒数・教職員数,09100,各種学校-国立,170,教員数（本務者）-計,00000,全国,2006000000,2006年
0,0000000800,学校数・学級数・児童生徒数・教職員数,09100,各種学校-国立,180,教員数（本務者）-男,00000,全国,2006000000,2006年
0,0000000800,学校数・学級数・児童生徒数・教職員数,09100,各種学校-国立,190,教員数（本務者）-女,00000,全国,2006000000,2006年
0,0000000800,学校数・学級数・児童生徒数・教職員数,09100,各種学校-国立,195,教員数（兼務者）,00000,全国,2006000000,2006年
0,0000000800,学校数・学級数・児童生徒数・教職員数,09100,各種学校-国立,200,職員数（本務者）,00000,全国,2006000000,2006年
14,0000000800,学校数・学級数・児童生徒数・教職員数,09200,各種学校-公立,010,学校数-計,00000,全国,2006000000,2006年
14,0000000800,学校数・学級数・児童生徒数・教職員数,09200,各種学校-公立,020,学校数-本校,00000,全国,2006000000,2006年
0,0000000800,学校数・学級数・児童生徒数・教職員数,09200,各種学校-公立,030,学校数-分校,00000,全国,2006000000,2006年
1059,0000000800,学校数・学級数・児童生徒数・教職員数,09200,各種学校-公立,080,児童生徒数-計,00000,全国,2006000000,2006年
294,0000000800,学校数・学級数・児童生徒数・教職員数,09200,各種学校-公立,090,児童生徒数-男,00000,全国,2006000000,2006年
765,0000000800,学校数・学級数・児童生徒数・教職員数,09200,各種学校-公立,100,児童生徒数-女,00000,全国,2006000000,2006年
65,0000000800,学校数・学級数・児童生徒数・教職員数,09200,各種学校-公立,170,教員数（本務者）-計,00000,全国,2006000000,2006年
32,0000000800,学校数・学級数・児童生徒数・教職員数,09200,各種学校-公立,180,教員数（本務者）-男,00000,全国,2006000000,2006年
33,0000000800,学校数・学級数・児童生徒数・教職員数,09200,各種学校-公立,190,教員数（本務者）-女,00000,全国,2006000000,2006年
306,0000000800,学校数・学級数・児童生徒数・教職員数,09200,各種学校-公立,195,教員数（兼務者）,00000,全国,2006000000,2006年
25,0000000800,学校数・学級数・児童生徒数・教職員数,09200,各種学校-公立,200,職員数（本務者）,00000,全国,2006000000,2006年
1715,0000000800,学校数・学級数・児童生徒数・教職員数,09300,各種学校-私立,010,学校数-計,00000,全国,2006000000,2006年
1708,0000000800,学校数・学級数・児童生徒数・教職員数,09300,各種学校-私立,020,学校数-本校,00000,全国,2006000000,2006年
7,0000000800,学校数・学級数・児童生徒数・教職員数,09300,各種学校-私立,030,学校数-分校,00000,全国,2006000000,2006年
148875,0000000800,学校数・学級数・児童生徒数・教職員数,09300,各種学校-私立,080,児童生徒数-計,00000,全国,2006000000,2006年
73847,0000000800,学校数・学級数・児童生徒数・教職員数,09300,各種学校-私立,090,児童生徒数-男,00000,全国,2006000000,2006年
75028,0000000800,学校数・学級数・児童生徒数・教職員数,09300,各種学校-私立,100,児童生徒数-女,00000,全国,2006000000,2006年
10336,0000000800,学校数・学級数・児童生徒数・教職員数,09300,各種学校-私立,170,教員数（本務者）-計,00000,全国,2006000000,2006年
6373,0000000800,学校数・学級数・児童生徒数・教職員数,09300,各種学校-私立,180,教員数（本務者）-男,00000,全国,2006000000,2006年
3963,0000000800,学校数・学級数・児童生徒数・教職員数,09300,各種学校-私立,190,教員数（本務者）-女,00000,全国,2006000000,2006年
10959,0000000800,学校数・学級数・児童生徒数・教職員数,09300,各種学校-私立,195,教員数（兼務者）,00000,全国,2006000000,2006年
4120,0000000800,学校数・学級数・児童生徒数・教職員数,09300,各種学校-私立,200,職員数（本務者）,00000,全国,2006000000,2006年
