value,cat01,cat01_label,cat02,cat02_label,cat03,cat03_label,area,area_label,time,time_label,unit
111940,000,人口・総数,000,総数,001,１９７５年,00000,全国,1991000000,1991年,千人・％
117060,000,人口・総数,000,総数,002,１９８０年,00000,全国,1991000000,1991年,千人・％
121049,000,人口・総数,000,総数,003,１９８５年,00000,全国,1991000000,1991年,千人・％
123611,000,人口・総数,000,総数,004,１９９０年,00000,全国,1991000000,1991年,千人・％
124043,000,人口・総数,000,総数,005,１９９１年,00000,全国,1991000000,1991年,千人・％
55091,000,人口・総数,001,男,001,１９７５年,00000,全国,1991000000,1991年,千人・％
57594,000,人口・総数,001,男,002,１９８０年,00000,全国,1991000000,1991年,千人・％
59497,000,人口・総数,001,男,003,１９８５年,00000,全国,1991000000,1991年,千人・％
60697,000,人口・総数,001,男,004,１９９０年,00000,全国,1991000000,1991年,千人・％
60905,000,人口・総数,001,男,005,１９９１年,00000,全国,1991000000,1991年,千人・％
56849,000,人口・総数,002,女,001,１９７５年,00000,全国,1991000000,1991年,千人・％
59467,000,人口・総数,002,女,002,１９８０年,00000,全国,1991000000,1991年,千人・％
61552,000,人口・総数,002,女,003,１９８５年,00000,全国,1991000000,1991年,千人・％
62914,000,人口・総数,002,女,004,１９９０年,00000,全国,1991000000,1991年,千人・％
63139,000,人口・総数,002,女,005,１９９１年,00000,全国,1991000000,1991年,千人・％
10001,001,人口・０－４歳,000,総数,001,１９７５年,00000,全国,1991000000,1991年,千人・％
8515,001,人口・０－４歳,000,総数,002,１９８０年,00000,全国,1991000000,1991年,千人・％
7459,001,人口・０－４歳,000,総数,003,１９８５年,00000,全国,1991000000,1991年,千人・％
6493,001,人口・０－４歳,000,総数,004,１９９０年,00000,全国,1991000000,1991年,千人・％
6340,001,人口・０－４歳,000,総数,005,１９９１年,00000,全国,1991000000,1991年,千人・％
5127,001,人口・０－４歳,001,男,001,１９７５年,00000,全国,1991000000,1991年,千人・％
4366,001,人口・０－４歳,001,男,002,１９８０年,00000,全国,1991000000,1991年,千人・％
3819,001,人口・０－４歳,001,男,003,１９８５年,00000,全国,1991000000,1991年,千人・％
3326,001,人口・０－４歳,001,男,004,１９９０年,00000,全国,1991000000,1991年,千人・％
3251,001,人口・０－４歳,001,男,005,１９９１年,00000,全国,1991000000,1991年,千人・％
4873,001,人口・０－４歳,002,女,001,１９７５年,00000,全国,1991000000,1991年,千人・％
4149,001,人口・０－４歳,002,女,002,１９８０年,00000,全国,1991000000,1991年,千人・％
3640,001,人口・０－４歳,002,女,003,１９８５年,00000,全国,1991000000,1991年,千人・％
3167,001,人口・０－４歳,002,女,004,１９９０年,00000,全国,1991000000,1991年,千人・％
3089,001,人口・０－４歳,002,女,005,１９９１年,00000,全国,1991000000,1991年,千人・％
8938,002,人口・５－９歳,000,総数,001,１９７５年,00000,全国,1991000000,1991年,千人・％
10032,002,人口・５－９歳,000,総数,002,１９８０年,00000,全国,1991000000,1991年,千人・％
8532,002,人口・５－９歳,000,総数,003,１９８５年,00000,全国,1991000000,1991年,千人・％
7467,002,人口・５－９歳,000,総数,004,１９９０年,00000,全国,1991000000,1991年,千人・％
7329,002,人口・５－９歳,000,総数,005,１９９１年,00000,全国,1991000000,1991年,千人・％
4584,002,人口・５－９歳,001,男,001,１９７５年,00000,全国,1991000000,1991年,千人・％
5142,002,人口・５－９歳,001,男,002,１９８０年,00000,全国,1991000000,1991年,千人・％
4373,002,人口・５－９歳,001,男,003,１９８５年,00000,全国,1991000000,1991年,千人・％
3822,002,人口・５－９歳,001,男,004,１９９０年,00000,全国,1991000000,1991年,千人・％
3755,002,人口・５－９歳,001,男,005,１９９１年,00000,全国,1991000000,1991年,千人・％
4354,002,人口・５－９歳,002,女,001,１９７５年,00000,全国,1991000000,1991年,千人・％
4890,002,人口・５－９歳,002,女,002,１９８０年,00000,全国,1991000000,1991年,千人・％
4159,002,人口・５－９歳,002,女,003,１９８５年,00000,全国,1991000000,1991年,千人・％
3645,002,人口・５－９歳,002,女,004,１９９０年,00000,全国,1991000000,1991年,千人・％
3574,002,人口・５－９歳,002,女,005,１９９１年,00000,全国,1991000000,1991年,千人・％
8282,003,人口・１０－１４歳,000,総数,001,１９７５年,00000,全国,1991000000,1991年,千人・％
8960,003,人口・１０－１４歳,000,総数,002,１９８０年,00000,全国,1991000000,1991年,千人・％
10042,003,人口・１０－１４歳,000,総数,003,１９８５年,00000,全国,1991000000,1991年,千人・％
8527,003,人口・１０－１４歳,000,総数,004,１９９０年,00000,全国,1991000000,1991年,千人・％
8235,003,人口・１０－１４歳,000,総数,005,１９９１年,00000,全国,1991000000,1991年,千人・％
4237,003,人口・１０－１４歳,001,男,001,１９７５年,00000,全国,1991000000,1991年,千人・％
4595,003,人口・１０－１４歳,001,男,002,１９８０年,00000,全国,1991000000,1991年,千人・％
5147,003,人口・１０－１４歳,001,男,003,１９８５年,00000,全国,1991000000,1991年,千人・％
4370,003,人口・１０－１４歳,001,男,004,１９９０年,00000,全国,1991000000,1991年,千人・％
4224,003,人口・１０－１４歳,001,男,005,１９９１年,00000,全国,1991000000,1991年,千人・％
4045,003,人口・１０－１４歳,002,女,001,１９７５年,00000,全国,1991000000,1991年,千人・％
4365,003,人口・１０－１４歳,002,女,002,１９８０年,00000,全国,1991000000,1991年,千人・％
4895,003,人口・１０－１４歳,002,女,003,１９８５年,00000,全国,1991000000,1991年,千人・％
4157,003,人口・１０－１４歳,002,女,004,１９９０年,00000,全国,1991000000,1991年,千人・％
4012,003,人口・１０－１４歳,002,女,005,１９９１年,00000,全国,1991000000,1991年,千人・％
7949,004,人口・１５－１９歳,000,総数,001,１９７５年,00000,全国,1991000000,1991年,千人・％
8272,004,人口・１５－１９歳,000,総数,002,１９８０年,00000,全国,1991000000,1991年,千人・％
8980,004,人口・１５－１９歳,000,総数,003,１９８５年,00000,全国,1991000000,1991年,千人・％
10007,004,人口・１５－１９歳,000,総数,004,１９９０年,00000,全国,1991000000,1991年,千人・％
9898,004,人口・１５－１９歳,000,総数,005,１９９１年,00000,全国,1991000000,1991年,千人・％
4040,004,人口・１５－１９歳,001,男,001,１９７５年,00000,全国,1991000000,1991年,千人・％
4224,004,人口・１５－１９歳,001,男,002,１９８０年,00000,全国,1991000000,1991年,千人・％
4600,004,人口・１５－１９歳,001,男,003,１９８５年,00000,全国,1991000000,1991年,千人・％
5122,004,人口・１５－１９歳,001,男,004,１９９０年,00000,全国,1991000000,1991年,千人・％
5077,004,人口・１５－１９歳,001,男,005,１９９１年,00000,全国,1991000000,1991年,千人・％
3908,004,人口・１５－１９歳,002,女,001,１９７５年,00000,全国,1991000000,1991年,千人・％
4049,004,人口・１５－１９歳,002,女,002,１９８０年,00000,全国,1991000000,1991年,千人・％
4380,004,人口・１５－１９歳,002,女,003,１９８５年,00000,全国,1991000000,1991年,千人・％
4885,004,人口・１５－１９歳,002,女,004,１９９０年,00000,全国,1991000000,1991年,千人・％
4821,004,人口・１５－１９歳,002,女,005,１９９１年,00000,全国,1991000000,1991年,千人・％
9072,005,人口・２０－２４歳,000,総数,001,１９７５年,00000,全国,1991000000,1991年,千人・％
7841,005,人口・２０－２４歳,000,総数,002,１９８０年,00000,全国,1991000000,1991年,千人・％
8201,005,人口・２０－２４歳,000,総数,003,１９８５年,00000,全国,1991000000,1991年,千人・％
8800,005,人口・２０－２４歳,000,総数,004,１９９０年,00000,全国,1991000000,1991年,千人・％
9392,005,人口・２０－２４歳,000,総数,005,１９９１年,00000,全国,1991000000,1991年,千人・％
4564,005,人口・２０－２４歳,001,男,001,１９７５年,00000,全国,1991000000,1991年,千人・％
3960,005,人口・２０－２４歳,001,男,002,１９８０年,00000,全国,1991000000,1991年,千人・％
4166,005,人口・２０－２４歳,001,男,003,１９８５年,00000,全国,1991000000,1991年,千人・％
4468,005,人口・２０－２４歳,001,男,004,１９９０年,00000,全国,1991000000,1991年,千人・％
4783,005,人口・２０－２４歳,001,男,005,１９９１年,00000,全国,1991000000,1991年,千人・％
4508,005,人口・２０－２４歳,002,女,001,１９７５年,00000,全国,1991000000,1991年,千人・％
3881,005,人口・２０－２４歳,002,女,002,１９８０年,00000,全国,1991000000,1991年,千人・％
4035,005,人口・２０－２４歳,002,女,003,１９８５年,00000,全国,1991000000,1991年,千人・％
4332,005,人口・２０－２４歳,002,女,004,１９９０年,00000,全国,1991000000,1991年,千人・％
4609,005,人口・２０－２４歳,002,女,005,１９９１年,00000,全国,1991000000,1991年,千人・％
10795,006,人口・２５－２９歳,000,総数,001,１９７５年,00000,全国,1991000000,1991年,千人・％
9041,006,人口・２５－２９歳,000,総数,002,１９８０年,00000,全国,1991000000,1991年,千人・％
7823,006,人口・２５－２９歳,000,総数,003,１９８５年,00000,全国,1991000000,1991年,千人・％
8071,006,人口・２５－２９歳,000,総数,004,１９９０年,00000,全国,1991000000,1991年,千人・％
7983,006,人口・２５－２９歳,000,総数,005,１９９１年,00000,全国,1991000000,1991年,千人・％
5426,006,人口・２５－２９歳,001,男,001,１９７５年,00000,全国,1991000000,1991年,千人・％
4545,006,人口・２５－２９歳,001,男,002,１９８０年,00000,全国,1991000000,1991年,千人・％
3948,006,人口・２５－２９歳,001,男,003,１９８５年,00000,全国,1991000000,1991年,千人・％
4078,006,人口・２５－２９歳,001,男,004,１９９０年,00000,全国,1991000000,1991年,千人・％
4040,006,人口・２５－２９歳,001,男,005,１９９１年,00000,全国,1991000000,1991年,千人・％
5368,006,人口・２５－２９歳,002,女,001,１９７５年,00000,全国,1991000000,1991年,千人・％
4496,006,人口・２５－２９歳,002,女,002,１９８０年,00000,全国,1991000000,1991年,千人・％
3875,006,人口・２５－２９歳,002,女,003,１９８５年,00000,全国,1991000000,1991年,千人・％
3992,006,人口・２５－２９歳,002,女,004,１９９０年,00000,全国,1991000000,1991年,千人・％
3944,006,人口・２５－２９歳,002,女,005,１９９１年,00000,全国,1991000000,1991年,千人・％
9246,007,人口・３０－３４歳,000,総数,001,１９７５年,00000,全国,1991000000,1991年,千人・％
10772,007,人口・３０－３４歳,000,総数,002,１９８０年,00000,全国,1991000000,1991年,千人・％
9054,007,人口・３０－３４歳,000,総数,003,１９８５年,00000,全国,1991000000,1991年,千人・％
7788,007,人口・３０－３４歳,000,総数,004,１９９０年,00000,全国,1991000000,1991年,千人・％
7749,007,人口・３０－３４歳,000,総数,005,１９９１年,00000,全国,1991000000,1991年,千人・％
4625,007,人口・３０－３４歳,001,男,001,１９７５年,00000,全国,1991000000,1991年,千人・％
5422,007,人口・３０－３４歳,001,男,002,１９８０年,00000,全国,1991000000,1991年,千人・％
4558,007,人口・３０－３４歳,001,男,003,１９８５年,00000,全国,1991000000,1991年,千人・％
3925,007,人口・３０－３４歳,001,男,004,１９９０年,00000,全国,1991000000,1991年,千人・％
3914,007,人口・３０－３４歳,001,男,005,１９９１年,00000,全国,1991000000,1991年,千人・％
4621,007,人口・３０－３４歳,002,女,001,１９７５年,00000,全国,1991000000,1991年,千人・％
5350,007,人口・３０－３４歳,002,女,002,１９８０年,00000,全国,1991000000,1991年,千人・％
4496,007,人口・３０－３４歳,002,女,003,１９８５年,00000,全国,1991000000,1991年,千人・％
3862,007,人口・３０－３４歳,002,女,004,１９９０年,00000,全国,1991000000,1991年,千人・％
3836,007,人口・３０－３４歳,002,女,005,１９９１年,00000,全国,1991000000,1991年,千人・％
8422,008,人口・３５－３９歳,000,総数,001,１９７５年,00000,全国,1991000000,1991年,千人・％
9202,008,人口・３５－３９歳,000,総数,002,１９８０年,00000,全国,1991000000,1991年,千人・％
10738,008,人口・３５－３９歳,000,総数,003,１９８５年,00000,全国,1991000000,1991年,千人・％
9004,008,人口・３５－３９歳,000,総数,004,１９９０年,00000,全国,1991000000,1991年,千人・％
8609,008,人口・３５－３９歳,000,総数,005,１９９１年,00000,全国,1991000000,1991年,千人・％
4213,008,人口・３５－３９歳,001,男,001,１９７５年,00000,全国,1991000000,1991年,千人・％
4595,008,人口・３５－３９歳,001,男,002,１９８０年,00000,全国,1991000000,1991年,千人・％
5398,008,人口・３５－３９歳,001,男,003,１９８５年,00000,全国,1991000000,1991年,千人・％
4525,008,人口・３５－３９歳,001,男,004,１９９０年,00000,全国,1991000000,1991年,千人・％
4334,008,人口・３５－３９歳,001,男,005,１９９１年,00000,全国,1991000000,1991年,千人・％
4210,008,人口・３５－３９歳,002,女,001,１９７５年,00000,全国,1991000000,1991年,千人・％
4607,008,人口・３５－３９歳,002,女,002,１９８０年,00000,全国,1991000000,1991年,千人・％
5340,008,人口・３５－３９歳,002,女,003,１９８５年,00000,全国,1991000000,1991年,千人・％
4479,008,人口・３５－３９歳,002,女,004,１９９０年,00000,全国,1991000000,1991年,千人・％
4275,008,人口・３５－３９歳,002,女,005,１９９１年,00000,全国,1991000000,1991年,千人・％
8224,009,人口・４０－４４歳,000,総数,001,１９７５年,00000,全国,1991000000,1991年,千人・％
8338,009,人口・４０－４４歳,000,総数,002,１９８０年,00000,全国,1991000000,1991年,千人・％
9135,009,人口・４０－４４歳,000,総数,003,１９８５年,00000,全国,1991000000,1991年,千人・％
10658,009,人口・４０－４４歳,000,総数,004,１９９０年,00000,全国,1991000000,1991年,千人・％
11257,009,人口・４０－４４歳,000,総数,005,１９９１年,00000,全国,1991000000,1991年,千人・％
4125,009,人口・４０－４４歳,001,男,001,１９７５年,00000,全国,1991000000,1991年,千人・％
4159,009,人口・４０－４４歳,001,男,002,１９８０年,00000,全国,1991000000,1991年,千人・％
4552,009,人口・４０－４４歳,001,男,003,１９８５年,00000,全国,1991000000,1991年,千人・％
5350,009,人口・４０－４４歳,001,男,004,１９９０年,00000,全国,1991000000,1991年,千人・％
5656,009,人口・４０－４４歳,001,男,005,１９９１年,00000,全国,1991000000,1991年,千人・％
4099,009,人口・４０－４４歳,002,女,001,１９７５年,00000,全国,1991000000,1991年,千人・％
4179,009,人口・４０－４４歳,002,女,002,１９８０年,00000,全国,1991000000,1991年,千人・％
4583,009,人口・４０－４４歳,002,女,003,１９８５年,00000,全国,1991000000,1991年,千人・％
5308,009,人口・４０－４４歳,002,女,004,１９９０年,00000,全国,1991000000,1991年,千人・％
5601,009,人口・４０－４４歳,002,女,005,１９９１年,00000,全国,1991000000,1991年,千人・％
7361,010,人口・４５－４９歳,000,総数,001,１９７５年,00000,全国,1991000000,1991年,千人・％
8090,010,人口・４５－４９歳,000,総数,002,１９８０年,00000,全国,1991000000,1991年,千人・％
8237,010,人口・４５－４９歳,000,総数,003,１９８５年,00000,全国,1991000000,1991年,千人・％
9018,010,人口・４５－４９歳,000,総数,004,１９９０年,00000,全国,1991000000,1991年,千人・％
8602,010,人口・４５－４９歳,000,総数,005,１９９１年,00000,全国,1991000000,1991年,千人・％
3657,010,人口・４５－４９歳,001,男,001,１９７５年,00000,全国,1991000000,1991年,千人・％
4033,010,人口・４５－４９歳,001,男,002,１９８０年,00000,全国,1991000000,1991年,千人・％
4092,010,人口・４５－４９歳,001,男,003,１９８５年,00000,全国,1991000000,1991年,千人・％
4482,010,人口・４５－４９歳,001,男,004,１９９０年,00000,全国,1991000000,1991年,千人・％
4284,010,人口・４５－４９歳,001,男,005,１９９１年,00000,全国,1991000000,1991年,千人・％
3705,010,人口・４５－４９歳,002,女,001,１９７５年,00000,全国,1991000000,1991年,千人・％
4057,010,人口・４５－４９歳,002,女,002,１９８０年,00000,全国,1991000000,1991年,千人・％
4144,010,人口・４５－４９歳,002,女,003,１９８５年,00000,全国,1991000000,1991年,千人・％
4536,010,人口・４５－４９歳,002,女,004,１９９０年,00000,全国,1991000000,1991年,千人・％
4318,010,人口・４５－４９歳,002,女,005,１９９１年,00000,全国,1991000000,1991年,千人・％
5782,011,人口・５０－５４歳,000,総数,001,１９７５年,00000,全国,1991000000,1991年,千人・％
7200,011,人口・５０－５４歳,000,総数,002,１９８０年,00000,全国,1991000000,1991年,千人・％
7933,011,人口・５０－５４歳,000,総数,003,１９８５年,00000,全国,1991000000,1991年,千人・％
8088,011,人口・５０－５４歳,000,総数,004,１９９０年,00000,全国,1991000000,1991年,千人・％
8267,011,人口・５０－５４歳,000,総数,005,１９９１年,00000,全国,1991000000,1991年,千人・％
2617,011,人口・５０－５４歳,001,男,001,１９７５年,00000,全国,1991000000,1991年,千人・％
3547,011,人口・５０－５４歳,001,男,002,１９８０年,00000,全国,1991000000,1991年,千人・％
3926,011,人口・５０－５４歳,001,男,003,１９８５年,00000,全国,1991000000,1991年,千人・％
3997,011,人口・５０－５４歳,001,男,004,１９９０年,00000,全国,1991000000,1991年,千人・％
4091,011,人口・５０－５４歳,001,男,005,１９９１年,00000,全国,1991000000,1991年,千人・％
3165,011,人口・５０－５４歳,002,女,001,１９７５年,00000,全国,1991000000,1991年,千人・％
3653,011,人口・５０－５４歳,002,女,002,１９８０年,00000,全国,1991000000,1991年,千人・％
4007,011,人口・５０－５４歳,002,女,003,１９８５年,00000,全国,1991000000,1991年,千人・％
4091,011,人口・５０－５４歳,002,女,004,１９９０年,00000,全国,1991000000,1991年,千人・％
4176,011,人口・５０－５４歳,002,女,005,１９９１年,00000,全国,1991000000,1991年,千人・％
4674,012,人口・５５－５９歳,000,総数,001,１９７５年,00000,全国,1991000000,1991年,千人・％
5614,012,人口・５５－５９歳,000,総数,002,１９８０年,00000,全国,1991000000,1991年,千人・％
7000,012,人口・５５－５９歳,000,総数,003,１９８５年,00000,全国,1991000000,1991年,千人・％
7725,012,人口・５５－５９歳,000,総数,004,１９９０年,00000,全国,1991000000,1991年,千人・％
7877,012,人口・５５－５９歳,000,総数,005,１９９１年,00000,全国,1991000000,1991年,千人・％
2073,012,人口・５５－５９歳,001,男,001,１９７５年,00000,全国,1991000000,1991年,千人・％
2511,012,人口・５５－５９歳,001,男,002,１９８０年,00000,全国,1991000000,1991年,千人・％
3409,012,人口・５５－５９歳,001,男,003,１９８５年,00000,全国,1991000000,1991年,千人・％
3783,012,人口・５５－５９歳,001,男,004,１９９０年,00000,全国,1991000000,1991年,千人・％
3863,012,人口・５５－５９歳,001,男,005,１９９１年,00000,全国,1991000000,1991年,千人・％
2601,012,人口・５５－５９歳,002,女,001,１９７５年,00000,全国,1991000000,1991年,千人・％
3102,012,人口・５５－５９歳,002,女,002,１９８０年,00000,全国,1991000000,1991年,千人・％
3590,012,人口・５５－５９歳,002,女,003,１９８５年,00000,全国,1991000000,1991年,千人・％
3942,012,人口・５５－５９歳,002,女,004,１９９０年,00000,全国,1991000000,1991年,千人・％
4014,012,人口・５５－５９歳,002,女,005,１９９１年,00000,全国,1991000000,1991年,千人・％
4284,013,人口・６０－６４歳,000,総数,001,１９７５年,00000,全国,1991000000,1991年,千人・％
4465,013,人口・６０－６４歳,000,総数,002,１９８０年,00000,全国,1991000000,1991年,千人・％
5406,013,人口・６０－６４歳,000,総数,003,１９８５年,00000,全国,1991000000,1991年,千人・％
6745,013,人口・６０－６４歳,000,総数,004,１９９０年,00000,全国,1991000000,1991年,千人・％
6923,013,人口・６０－６４歳,000,総数,005,１９９１年,00000,全国,1991000000,1991年,千人・％
1936,013,人口・６０－６４歳,001,男,001,１９７５年,00000,全国,1991000000,1991年,千人・％
1946,013,人口・６０－６４歳,001,男,002,１９８０年,00000,全国,1991000000,1991年,千人・％
2380,013,人口・６０－６４歳,001,男,003,１９８５年,00000,全国,1991000000,1991年,千人・％
3237,013,人口・６０－６４歳,001,男,004,１９９０年,00000,全国,1991000000,1991年,千人・％
3336,013,人口・６０－６４歳,001,男,005,１９９１年,00000,全国,1991000000,1991年,千人・％
2348,013,人口・６０－６４歳,002,女,001,１９７５年,00000,全国,1991000000,1991年,千人・％
2519,013,人口・６０－６４歳,002,女,002,１９８０年,00000,全国,1991000000,1991年,千人・％
3026,013,人口・６０－６４歳,002,女,003,１９８５年,00000,全国,1991000000,1991年,千人・％
3508,013,人口・６０－６４歳,002,女,004,１９９０年,00000,全国,1991000000,1991年,千人・％
3586,013,人口・６０－６４歳,002,女,005,１９９１年,00000,全国,1991000000,1991年,千人・％
3449,014,人口・６５－６９歳,000,総数,001,１９７５年,00000,全国,1991000000,1991年,千人・％
3965,014,人口・６５－６９歳,000,総数,002,１９８０年,00000,全国,1991000000,1991年,千人・％
4193,014,人口・６５－６９歳,000,総数,003,１９８５年,00000,全国,1991000000,1991年,千人・％
5104,014,人口・６５－６９歳,000,総数,004,１９９０年,00000,全国,1991000000,1991年,千人・％
5429,014,人口・６５－６９歳,000,総数,005,１９９１年,00000,全国,1991000000,1991年,千人・％
1571,014,人口・６５－６９歳,001,男,001,１９７５年,00000,全国,1991000000,1991年,千人・％
1744,014,人口・６５－６９歳,001,男,002,１９８０年,00000,全国,1991000000,1991年,千人・％
1781,014,人口・６５－６９歳,001,男,003,１９８５年,00000,全国,1991000000,1991年,千人・％
2195,014,人口・６５－６９歳,001,男,004,１９９０年,00000,全国,1991000000,1991年,千人・％
2397,014,人口・６５－６９歳,001,男,005,１９９１年,00000,全国,1991000000,1991年,千人・％
1878,014,人口・６５－６９歳,002,女,001,１９７５年,00000,全国,1991000000,1991年,千人・％
2221,014,人口・６５－６９歳,002,女,002,１９８０年,00000,全国,1991000000,1991年,千人・％
2412,014,人口・６５－６９歳,002,女,003,１９８５年,00000,全国,1991000000,1991年,千人・％
2909,014,人口・６５－６９歳,002,女,004,１９９０年,00000,全国,1991000000,1991年,千人・％
3032,014,人口・６５－６９歳,002,女,005,１９９１年,00000,全国,1991000000,1991年,千人・％
2576,015,人口・７０－７４歳,000,総数,001,１９７５年,00000,全国,1991000000,1991年,千人・％
3023,015,人口・７０－７４歳,000,総数,002,１９８０年,00000,全国,1991000000,1991年,千人・％
3563,015,人口・７０－７４歳,000,総数,003,１９８５年,00000,全国,1991000000,1991年,千人・％
3818,015,人口・７０－７４歳,000,総数,004,１９９０年,00000,全国,1991000000,1991年,千人・％
3911,015,人口・７０－７４歳,000,総数,005,１９９１年,00000,全国,1991000000,1991年,千人・％
1148,015,人口・７０－７４歳,001,男,001,１９７５年,00000,全国,1991000000,1991年,千人・％
1318,015,人口・７０－７４歳,001,男,002,１９８０年,00000,全国,1991000000,1991年,千人・％
1504,015,人口・７０－７４歳,001,男,003,１９８５年,00000,全国,1991000000,1991年,千人・％
1560,015,人口・７０－７４歳,001,男,004,１９９０年,00000,全国,1991000000,1991年,千人・％
1581,015,人口・７０－７４歳,001,男,005,１９９１年,00000,全国,1991000000,1991年,千人・％
1428,015,人口・７０－７４歳,002,女,001,１９７５年,00000,全国,1991000000,1991年,千人・％
1705,015,人口・７０－７４歳,002,女,002,１９８０年,00000,全国,1991000000,1991年,千人・％
2060,015,人口・７０－７４歳,002,女,003,１９８５年,00000,全国,1991000000,1991年,千人・％
2258,015,人口・７０－７４歳,002,女,004,１９９０年,00000,全国,1991000000,1991年,千人・％
2329,015,人口・７０－７４歳,002,女,005,１９９１年,00000,全国,1991000000,1991年,千人・％
1641,016,人口・７５－７９歳,000,総数,001,１９７５年,00000,全国,1991000000,1991年,千人・％
2037,016,人口・７５－７９歳,000,総数,002,１９８０年,00000,全国,1991000000,1991年,千人・％
2493,016,人口・７５－７９歳,000,総数,003,１９８５年,00000,全国,1991000000,1991年,千人・％
3018,016,人口・７５－７９歳,000,総数,004,１９９０年,00000,全国,1991000000,1991年,千人・％
3102,016,人口・７５－７９歳,000,総数,005,１９９１年,00000,全国,1991000000,1991年,千人・％
688,016,人口・７５－７９歳,001,男,001,１９７５年,00000,全国,1991000000,1991年,千人・％
849,016,人口・７５－７９歳,001,男,002,１９８０年,00000,全国,1991000000,1991年,千人・％
1017,016,人口・７５－７９歳,001,男,003,１９８５年,00000,全国,1991000000,1991年,千人・％
1197,016,人口・７５－７９歳,001,男,004,１９９０年,00000,全国,1991000000,1991年,千人・％
1228,016,人口・７５－７９歳,001,男,005,１９９１年,00000,全国,1991000000,1991年,千人・％
953,016,人口・７５－７９歳,002,女,001,１９７５年,00000,全国,1991000000,1991年,千人・％
1188,016,人口・７５－７９歳,002,女,002,１９８０年,00000,全国,1991000000,1991年,千人・％
1476,016,人口・７５－７９歳,002,女,003,１９８５年,00000,全国,1991000000,1991年,千人・％
1821,016,人口・７５－７９歳,002,女,004,１９９０年,00000,全国,1991000000,1991年,千人・％
1875,016,人口・７５－７９歳,002,女,005,１９９１年,00000,全国,1991000000,1991年,千人・％
809,017,人口・８０－８４歳,000,総数,001,１９７５年,00000,全国,1991000000,1991年,千人・％
1094,017,人口・８０－８４歳,000,総数,002,１９８０年,00000,全国,1991000000,1991年,千人・％
1433,017,人口・８０－８４歳,000,総数,003,１９８５年,00000,全国,1991000000,1991年,千人・％
1833,017,人口・８０－８４歳,000,総数,004,１９９０年,00000,全国,1991000000,1991年,千人・％
1959,017,人口・８０－８４歳,000,総数,005,１９９１年,00000,全国,1991000000,1991年,千人・％
308,017,人口・８０－８４歳,001,男,001,１９７５年,00000,全国,1991000000,1991年,千人・％
418,017,人口・８０－８４歳,001,男,002,１９８０年,00000,全国,1991000000,1991年,千人・％
542,017,人口・８０－８４歳,001,男,003,１９８５年,00000,全国,1991000000,1991年,千人・％
678,017,人口・８０－８４歳,001,男,004,１９９０年,00000,全国,1991000000,1991年,千人・％
718,017,人口・８０－８４歳,001,男,005,１９９１年,00000,全国,1991000000,1991年,千人・％
501,017,人口・８０－８４歳,002,女,001,１９７５年,00000,全国,1991000000,1991年,千人・％
676,017,人口・８０－８４歳,002,女,002,１９８０年,00000,全国,1991000000,1991年,千人・％
891,017,人口・８０－８４歳,002,女,003,１９８５年,00000,全国,1991000000,1991年,千人・％
1154,017,人口・８０－８４歳,002,女,004,１９９０年,00000,全国,1991000000,1991年,千人・％
1240,017,人口・８０－８４歳,002,女,005,１９９１年,00000,全国,1991000000,1991年,千人・％
309,018,人口・８５－８９歳,000,総数,001,１９７５年,00000,全国,1991000000,1991年,千人・％
410,018,人口・８５－８９歳,000,総数,002,１９８０年,00000,全国,1991000000,1991年,千人・％
604,018,人口・８５－８９歳,000,総数,003,１９８５年,00000,全国,1991000000,1991年,千人・％
833,018,人口・８５－８９歳,000,総数,004,１９９０年,00000,全国,1991000000,1991年,千人・％
858,018,人口・８５－８９歳,000,総数,005,１９９１年,00000,全国,1991000000,1991年,千人・％
101,018,人口・８５－８９歳,001,男,001,１９７５年,00000,全国,1991000000,1991年,千人・％
139,018,人口・８５－８９歳,001,男,002,１９８０年,00000,全国,1991000000,1991年,千人・％
203,018,人口・８５－８９歳,001,男,003,１９８５年,00000,全国,1991000000,1991年,千人・％
276,018,人口・８５－８９歳,001,男,004,１９９０年,00000,全国,1991000000,1991年,千人・％
283,018,人口・８５－８９歳,001,男,005,１９９１年,00000,全国,1991000000,1991年,千人・％
208,018,人口・８５－８９歳,002,女,001,１９７５年,00000,全国,1991000000,1991年,千人・％
271,018,人口・８５－８９歳,002,女,002,１９８０年,00000,全国,1991000000,1991年,千人・％
400,018,人口・８５－８９歳,002,女,003,１９８５年,00000,全国,1991000000,1991年,千人・％
557,018,人口・８５－８９歳,002,女,004,１９９０年,00000,全国,1991000000,1991年,千人・％
575,018,人口・８５－８９歳,002,女,005,１９９１年,00000,全国,1991000000,1991年,千人・％
82,019,人口・９０歳以上,000,総数,001,１９７５年,00000,全国,1991000000,1991年,千人・％
119,019,人口・９０歳以上,000,総数,002,１９８０年,00000,全国,1991000000,1991年,千人・％
182,019,人口・９０歳以上,000,総数,003,１９８５年,00000,全国,1991000000,1991年,千人・％
289,019,人口・９０歳以上,000,総数,004,１９９０年,00000,全国,1991000000,1991年,千人・％
323,019,人口・９０歳以上,000,総数,005,１９９１年,00000,全国,1991000000,1991年,千人・％
22,019,人口・９０歳以上,001,男,001,１９７５年,00000,全国,1991000000,1991年,千人・％
33,019,人口・９０歳以上,001,男,002,１９８０年,00000,全国,1991000000,1991年,千人・％
53,019,人口・９０歳以上,001,男,003,１９８５年,00000,全国,1991000000,1991年,千人・％
81,019,人口・９０歳以上,001,男,004,１９９０年,00000,全国,1991000000,1991年,千人・％
90,019,人口・９０歳以上,001,男,005,１９９１年,00000,全国,1991000000,1991年,千人・％
60,019,人口・９０歳以上,002,女,001,１９７５年,00000,全国,1991000000,1991年,千人・％
86,019,人口・９０歳以上,002,女,002,１９８０年,00000,全国,1991000000,1991年,千人・％
129,019,人口・９０歳以上,002,女,003,１９８５年,00000,全国,1991000000,1991年,千人・％
208,019,人口・９０歳以上,002,女,004,１９９０年,00000,全国,1991000000,1991年,千人・％
233,019,人口・９０歳以上,002,女,005,１９９１年,00000,全国,1991000000,1991年,千人・％
27221,020,人口・０－１４歳,000,総数,001,１９７５年,00000,全国,1991000000,1991年,千人・％
27507,020,人口・０－１４歳,000,総数,002,１９８０年,00000,全国,1991000000,1991年,千人・％
26033,020,人口・０－１４歳,000,総数,003,１９８５年,00000,全国,1991000000,1991年,千人・％
22486,020,人口・０－１４歳,000,総数,004,１９９０年,00000,全国,1991000000,1991年,千人・％
21904,020,人口・０－１４歳,000,総数,005,１９９１年,00000,全国,1991000000,1991年,千人・％
13948,020,人口・０－１４歳,001,男,001,１９７５年,00000,全国,1991000000,1991年,千人・％
14103,020,人口・０－１４歳,001,男,002,１９８０年,00000,全国,1991000000,1991年,千人・％
13339,020,人口・０－１４歳,001,男,003,１９８５年,00000,全国,1991000000,1991年,千人・％
11518,020,人口・０－１４歳,001,男,004,１９９０年,00000,全国,1991000000,1991年,千人・％
11230,020,人口・０－１４歳,001,男,005,１９９１年,00000,全国,1991000000,1991年,千人・％
13273,020,人口・０－１４歳,002,女,001,１９７５年,00000,全国,1991000000,1991年,千人・％
13404,020,人口・０－１４歳,002,女,002,１９８０年,00000,全国,1991000000,1991年,千人・％
12694,020,人口・０－１４歳,002,女,003,１９８５年,00000,全国,1991000000,1991年,千人・％
10968,020,人口・０－１４歳,002,女,004,１９９０年,00000,全国,1991000000,1991年,千人・％
10674,020,人口・０－１４歳,002,女,005,１９９１年,00000,全国,1991000000,1991年,千人・％
75807,021,人口・１５－６４歳,000,総数,001,１９７５年,00000,全国,1991000000,1991年,千人・％
78835,021,人口・１５－６４歳,000,総数,002,１９８０年,00000,全国,1991000000,1991年,千人・％
82506,021,人口・１５－６４歳,000,総数,003,１９８５年,00000,全国,1991000000,1991年,千人・％
85904,021,人口・１５－６４歳,000,総数,004,１９９０年,00000,全国,1991000000,1991年,千人・％
86557,021,人口・１５－６４歳,000,総数,005,１９９１年,00000,全国,1991000000,1991年,千人・％
37274,021,人口・１５－６４歳,001,男,001,１９７５年,00000,全国,1991000000,1991年,千人・％
38942,021,人口・１５－６４歳,001,男,002,１９８０年,00000,全国,1991000000,1991年,千人・％
41031,021,人口・１５－６４歳,001,男,003,１９８５年,00000,全国,1991000000,1991年,千人・％
42969,021,人口・１５－６４歳,001,男,004,１９９０年,00000,全国,1991000000,1991年,千人・％
43377,021,人口・１５－６４歳,001,男,005,１９９１年,00000,全国,1991000000,1991年,千人・％
38533,021,人口・１５－６４歳,002,女,001,１９７５年,00000,全国,1991000000,1991年,千人・％
39893,021,人口・１５－６４歳,002,女,002,１９８０年,00000,全国,1991000000,1991年,千人・％
41475,021,人口・１５－６４歳,002,女,003,１９８５年,00000,全国,1991000000,1991年,千人・％
42935,021,人口・１５－６４歳,002,女,004,１９９０年,00000,全国,1991000000,1991年,千人・％
43180,021,人口・１５－６４歳,002,女,005,１９９１年,00000,全国,1991000000,1991年,千人・％
8865,022,人口・６５歳以上,000,総数,001,１９７５年,00000,全国,1991000000,1991年,千人・％
10647,022,人口・６５歳以上,000,総数,002,１９８０年,00000,全国,1991000000,1991年,千人・％
12468,022,人口・６５歳以上,000,総数,003,１９８５年,00000,全国,1991000000,1991年,千人・％
14895,022,人口・６５歳以上,000,総数,004,１９９０年,00000,全国,1991000000,1991年,千人・％
15582,022,人口・６５歳以上,000,総数,005,１９９１年,00000,全国,1991000000,1991年,千人・％
3838,022,人口・６５歳以上,001,男,001,１９７５年,00000,全国,1991000000,1991年,千人・％
4500,022,人口・６５歳以上,001,男,002,１９８０年,00000,全国,1991000000,1991年,千人・％
5100,022,人口・６５歳以上,001,男,003,１９８５年,00000,全国,1991000000,1991年,千人・％
5988,022,人口・６５歳以上,001,男,004,１９９０年,00000,全国,1991000000,1991年,千人・％
6298,022,人口・６５歳以上,001,男,005,１９９１年,00000,全国,1991000000,1991年,千人・％
5028,022,人口・６５歳以上,002,女,001,１９７５年,00000,全国,1991000000,1991年,千人・％
6148,022,人口・６５歳以上,002,女,002,１９８０年,00000,全国,1991000000,1991年,千人・％
7368,022,人口・６５歳以上,002,女,003,１９８５年,00000,全国,1991000000,1991年,千人・％
8907,022,人口・６５歳以上,002,女,004,１９９０年,00000,全国,1991000000,1991年,千人・％
9285,022,人口・６５歳以上,002,女,005,１９９１年,00000,全国,1991000000,1991年,千人・％
100,023,年齢階級別割合・総数,000,総数,001,１９７５年,00000,全国,1991000000,1991年,千人・％
100,023,年齢階級別割合・総数,000,総数,002,１９８０年,00000,全国,1991000000,1991年,千人・％
100,023,年齢階級別割合・総数,000,総数,003,１９８５年,00000,全国,1991000000,1991年,千人・％
100,023,年齢階級別割合・総数,000,総数,004,１９９０年,00000,全国,1991000000,1991年,千人・％
100,023,年齢階級別割合・総数,000,総数,005,１９９１年,00000,全国,1991000000,1991年,千人・％
100,023,年齢階級別割合・総数,001,男,001,１９７５年,00000,全国,1991000000,1991年,千人・％
100,023,年齢階級別割合・総数,001,男,002,１９８０年,00000,全国,1991000000,1991年,千人・％
100,023,年齢階級別割合・総数,001,男,003,１９８５年,00000,全国,1991000000,1991年,千人・％
100,023,年齢階級別割合・総数,001,男,004,１９９０年,00000,全国,1991000000,1991年,千人・％
100,023,年齢階級別割合・総数,001,男,005,１９９１年,00000,全国,1991000000,1991年,千人・％
100,023,年齢階級別割合・総数,002,女,001,１９７５年,00000,全国,1991000000,1991年,千人・％
100,023,年齢階級別割合・総数,002,女,002,１９８０年,00000,全国,1991000000,1991年,千人・％
100,023,年齢階級別割合・総数,002,女,003,１９８５年,00000,全国,1991000000,1991年,千人・％
100,023,年齢階級別割合・総数,002,女,004,１９９０年,00000,全国,1991000000,1991年,千人・％
100,023,年齢階級別割合・総数,002,女,005,１９９１年,00000,全国,1991000000,1991年,千人・％
8.93,024,年齢階級別割合・０－４歳,000,総数,001,１９７５年,00000,全国,1991000000,1991年,千人・％
7.27,024,年齢階級別割合・０－４歳,000,総数,002,１９８０年,00000,全国,1991000000,1991年,千人・％
6.16,024,年齢階級別割合・０－４歳,000,総数,003,１９８５年,00000,全国,1991000000,1991年,千人・％
5.25,024,年齢階級別割合・０－４歳,000,総数,004,１９９０年,00000,全国,1991000000,1991年,千人・％
5.11,024,年齢階級別割合・０－４歳,000,総数,005,１９９１年,00000,全国,1991000000,1991年,千人・％
9.31,024,年齢階級別割合・０－４歳,001,男,001,１９７５年,00000,全国,1991000000,1991年,千人・％
7.58,024,年齢階級別割合・０－４歳,001,男,002,１９８０年,00000,全国,1991000000,1991年,千人・％
6.42,024,年齢階級別割合・０－４歳,001,男,003,１９８５年,00000,全国,1991000000,1991年,千人・％
5.48,024,年齢階級別割合・０－４歳,001,男,004,１９９０年,00000,全国,1991000000,1991年,千人・％
5.34,024,年齢階級別割合・０－４歳,001,男,005,１９９１年,00000,全国,1991000000,1991年,千人・％
8.57,024,年齢階級別割合・０－４歳,002,女,001,１９７５年,00000,全国,1991000000,1991年,千人・％
6.98,024,年齢階級別割合・０－４歳,002,女,002,１９８０年,00000,全国,1991000000,1991年,千人・％
5.91,024,年齢階級別割合・０－４歳,002,女,003,１９８５年,00000,全国,1991000000,1991年,千人・％
5.03,024,年齢階級別割合・０－４歳,002,女,004,１９９０年,00000,全国,1991000000,1991年,千人・％
4.89,024,年齢階級別割合・０－４歳,002,女,005,１９９１年,00000,全国,1991000000,1991年,千人・％
7.98,025,年齢階級別割合・５－９歳,000,総数,001,１９７５年,00000,全国,1991000000,1991年,千人・％
8.57,025,年齢階級別割合・５－９歳,000,総数,002,１９８０年,00000,全国,1991000000,1991年,千人・％
7.05,025,年齢階級別割合・５－９歳,000,総数,003,１９８５年,00000,全国,1991000000,1991年,千人・％
6.04,025,年齢階級別割合・５－９歳,000,総数,004,１９９０年,00000,全国,1991000000,1991年,千人・％
5.91,025,年齢階級別割合・５－９歳,000,総数,005,１９９１年,00000,全国,1991000000,1991年,千人・％
8.32,025,年齢階級別割合・５－９歳,001,男,001,１９７５年,00000,全国,1991000000,1991年,千人・％
8.93,025,年齢階級別割合・５－９歳,001,男,002,１９８０年,00000,全国,1991000000,1991年,千人・％
7.35,025,年齢階級別割合・５－９歳,001,男,003,１９８５年,00000,全国,1991000000,1991年,千人・％
6.3,025,年齢階級別割合・５－９歳,001,男,004,１９９０年,00000,全国,1991000000,1991年,千人・％
6.17,025,年齢階級別割合・５－９歳,001,男,005,１９９１年,00000,全国,1991000000,1991年,千人・％
7.66,025,年齢階級別割合・５－９歳,002,女,001,１９７５年,00000,全国,1991000000,1991年,千人・％
8.22,025,年齢階級別割合・５－９歳,002,女,002,１９８０年,00000,全国,1991000000,1991年,千人・％
6.76,025,年齢階級別割合・５－９歳,002,女,003,１９８５年,00000,全国,1991000000,1991年,千人・％
5.79,025,年齢階級別割合・５－９歳,002,女,004,１９９０年,00000,全国,1991000000,1991年,千人・％
5.66,025,年齢階級別割合・５－９歳,002,女,005,１９９１年,00000,全国,1991000000,1991年,千人・％
7.4,026,年齢階級別割合・１０－１４歳,000,総数,001,１９７５年,00000,全国,1991000000,1991年,千人・％
7.65,026,年齢階級別割合・１０－１４歳,000,総数,002,１９８０年,00000,全国,1991000000,1991年,千人・％
8.3,026,年齢階級別割合・１０－１４歳,000,総数,003,１９８５年,00000,全国,1991000000,1991年,千人・％
6.9,026,年齢階級別割合・１０－１４歳,000,総数,004,１９９０年,00000,全国,1991000000,1991年,千人・％
6.64,026,年齢階級別割合・１０－１４歳,000,総数,005,１９９１年,00000,全国,1991000000,1991年,千人・％
7.69,026,年齢階級別割合・１０－１４歳,001,男,001,１９７５年,00000,全国,1991000000,1991年,千人・％
7.98,026,年齢階級別割合・１０－１４歳,001,男,002,１９８０年,00000,全国,1991000000,1991年,千人・％
8.65,026,年齢階級別割合・１０－１４歳,001,男,003,１９８５年,00000,全国,1991000000,1991年,千人・％
7.2,026,年齢階級別割合・１０－１４歳,001,男,004,１９９０年,00000,全国,1991000000,1991年,千人・％
6.93,026,年齢階級別割合・１０－１４歳,001,男,005,１９９１年,00000,全国,1991000000,1991年,千人・％
7.12,026,年齢階級別割合・１０－１４歳,002,女,001,１９７５年,00000,全国,1991000000,1991年,千人・％
7.34,026,年齢階級別割合・１０－１４歳,002,女,002,１９８０年,00000,全国,1991000000,1991年,千人・％
7.95,026,年齢階級別割合・１０－１４歳,002,女,003,１９８５年,00000,全国,1991000000,1991年,千人・％
6.61,026,年齢階級別割合・１０－１４歳,002,女,004,１９９０年,00000,全国,1991000000,1991年,千人・％
6.35,026,年齢階級別割合・１０－１４歳,002,女,005,１９９１年,00000,全国,1991000000,1991年,千人・％
7.1,027,年齢階級別割合・１５－１９歳,000,総数,001,１９７５年,00000,全国,1991000000,1991年,千人・％
7.07,027,年齢階級別割合・１５－１９歳,000,総数,002,１９８０年,00000,全国,1991000000,1991年,千人・％
7.42,027,年齢階級別割合・１５－１９歳,000,総数,003,１９８５年,00000,全国,1991000000,1991年,千人・％
8.1,027,年齢階級別割合・１５－１９歳,000,総数,004,１９９０年,00000,全国,1991000000,1991年,千人・％
7.98,027,年齢階級別割合・１５－１９歳,000,総数,005,１９９１年,00000,全国,1991000000,1991年,千人・％
7.33,027,年齢階級別割合・１５－１９歳,001,男,001,１９７５年,00000,全国,1991000000,1991年,千人・％
7.33,027,年齢階級別割合・１５－１９歳,001,男,002,１９８０年,00000,全国,1991000000,1991年,千人・％
7.73,027,年齢階級別割合・１５－１９歳,001,男,003,１９８５年,00000,全国,1991000000,1991年,千人・％
8.44,027,年齢階級別割合・１５－１９歳,001,男,004,１９９０年,00000,全国,1991000000,1991年,千人・％
8.34,027,年齢階級別割合・１５－１９歳,001,男,005,１９９１年,00000,全国,1991000000,1991年,千人・％
6.87,027,年齢階級別割合・１５－１９歳,002,女,001,１９７５年,00000,全国,1991000000,1991年,千人・％
6.81,027,年齢階級別割合・１５－１９歳,002,女,002,１９８０年,00000,全国,1991000000,1991年,千人・％
7.12,027,年齢階級別割合・１５－１９歳,002,女,003,１９８５年,00000,全国,1991000000,1991年,千人・％
7.76,027,年齢階級別割合・１５－１９歳,002,女,004,１９９０年,00000,全国,1991000000,1991年,千人・％
7.64,027,年齢階級別割合・１５－１９歳,002,女,005,１９９１年,00000,全国,1991000000,1991年,千人・％
8.1,028,年齢階級別割合・２０－２４歳,000,総数,001,１９７５年,00000,全国,1991000000,1991年,千人・％
6.7,028,年齢階級別割合・２０－２４歳,000,総数,002,１９８０年,00000,全国,1991000000,1991年,千人・％
6.77,028,年齢階級別割合・２０－２４歳,000,総数,003,１９８５年,00000,全国,1991000000,1991年,千人・％
7.12,028,年齢階級別割合・２０－２４歳,000,総数,004,１９９０年,00000,全国,1991000000,1991年,千人・％
7.57,028,年齢階級別割合・２０－２４歳,000,総数,005,１９９１年,00000,全国,1991000000,1991年,千人・％
8.28,028,年齢階級別割合・２０－２４歳,001,男,001,１９７５年,00000,全国,1991000000,1991年,千人・％
6.88,028,年齢階級別割合・２０－２４歳,001,男,002,１９８０年,00000,全国,1991000000,1991年,千人・％
7,028,年齢階級別割合・２０－２４歳,001,男,003,１９８５年,00000,全国,1991000000,1991年,千人・％
7.36,028,年齢階級別割合・２０－２４歳,001,男,004,１９９０年,00000,全国,1991000000,1991年,千人・％
7.85,028,年齢階級別割合・２０－２４歳,001,男,005,１９９１年,00000,全国,1991000000,1991年,千人・％
7.93,028,年齢階級別割合・２０－２４歳,002,女,001,１９７５年,00000,全国,1991000000,1991年,千人・％
6.53,028,年齢階級別割合・２０－２４歳,002,女,002,１９８０年,00000,全国,1991000000,1991年,千人・％
6.55,028,年齢階級別割合・２０－２４歳,002,女,003,１９８５年,00000,全国,1991000000,1991年,千人・％
6.89,028,年齢階級別割合・２０－２４歳,002,女,004,１９９０年,00000,全国,1991000000,1991年,千人・％
7.3,028,年齢階級別割合・２０－２４歳,002,女,005,１９９１年,00000,全国,1991000000,1991年,千人・％
9.64,029,年齢階級別割合・２５－２９歳,000,総数,001,１９７５年,00000,全国,1991000000,1991年,千人・％
7.72,029,年齢階級別割合・２５－２９歳,000,総数,002,１９８０年,00000,全国,1991000000,1991年,千人・％
6.46,029,年齢階級別割合・２５－２９歳,000,総数,003,１９８５年,00000,全国,1991000000,1991年,千人・％
6.53,029,年齢階級別割合・２５－２９歳,000,総数,004,１９９０年,00000,全国,1991000000,1991年,千人・％
6.44,029,年齢階級別割合・２５－２９歳,000,総数,005,１９９１年,00000,全国,1991000000,1991年,千人・％
9.85,029,年齢階級別割合・２５－２９歳,001,男,001,１９７５年,00000,全国,1991000000,1991年,千人・％
7.89,029,年齢階級別割合・２５－２９歳,001,男,002,１９８０年,00000,全国,1991000000,1991年,千人・％
6.64,029,年齢階級別割合・２５－２９歳,001,男,003,１９８５年,00000,全国,1991000000,1991年,千人・％
6.72,029,年齢階級別割合・２５－２９歳,001,男,004,１９９０年,00000,全国,1991000000,1991年,千人・％
6.63,029,年齢階級別割合・２５－２９歳,001,男,005,１９９１年,00000,全国,1991000000,1991年,千人・％
9.44,029,年齢階級別割合・２５－２９歳,002,女,001,１９７５年,00000,全国,1991000000,1991年,千人・％
7.56,029,年齢階級別割合・２５－２９歳,002,女,002,１９８０年,00000,全国,1991000000,1991年,千人・％
6.3,029,年齢階級別割合・２５－２９歳,002,女,003,１９８５年,00000,全国,1991000000,1991年,千人・％
6.35,029,年齢階級別割合・２５－２９歳,002,女,004,１９９０年,00000,全国,1991000000,1991年,千人・％
6.25,029,年齢階級別割合・２５－２９歳,002,女,005,１９９１年,00000,全国,1991000000,1991年,千人・％
8.26,030,年齢階級別割合・３０－３４歳,000,総数,001,１９７５年,00000,全国,1991000000,1991年,千人・％
9.2,030,年齢階級別割合・３０－３４歳,000,総数,002,１９８０年,00000,全国,1991000000,1991年,千人・％
7.48,030,年齢階級別割合・３０－３４歳,000,総数,003,１９８５年,00000,全国,1991000000,1991年,千人・％
6.3,030,年齢階級別割合・３０－３４歳,000,総数,004,１９９０年,00000,全国,1991000000,1991年,千人・％
6.25,030,年齢階級別割合・３０－３４歳,000,総数,005,１９９１年,00000,全国,1991000000,1991年,千人・％
8.39,030,年齢階級別割合・３０－３４歳,001,男,001,１９７５年,00000,全国,1991000000,1991年,千人・％
9.41,030,年齢階級別割合・３０－３４歳,001,男,002,１９８０年,00000,全国,1991000000,1991年,千人・％
7.66,030,年齢階級別割合・３０－３４歳,001,男,003,１９８５年,00000,全国,1991000000,1991年,千人・％
6.47,030,年齢階級別割合・３０－３４歳,001,男,004,１９９０年,00000,全国,1991000000,1991年,千人・％
6.43,030,年齢階級別割合・３０－３４歳,001,男,005,１９９１年,00000,全国,1991000000,1991年,千人・％
8.13,030,年齢階級別割合・３０－３４歳,002,女,001,１９７５年,00000,全国,1991000000,1991年,千人・％
9,030,年齢階級別割合・３０－３４歳,002,女,002,１９８０年,00000,全国,1991000000,1991年,千人・％
7.3,030,年齢階級別割合・３０－３４歳,002,女,003,１９８５年,00000,全国,1991000000,1991年,千人・％
6.14,030,年齢階級別割合・３０－３４歳,002,女,004,１９９０年,00000,全国,1991000000,1991年,千人・％
6.08,030,年齢階級別割合・３０－３４歳,002,女,005,１９９１年,00000,全国,1991000000,1991年,千人・％
7.52,031,年齢階級別割合・３５－３９歳,000,総数,001,１９７５年,00000,全国,1991000000,1991年,千人・％
7.86,031,年齢階級別割合・３５－３９歳,000,総数,002,１９８０年,00000,全国,1991000000,1991年,千人・％
8.87,031,年齢階級別割合・３５－３９歳,000,総数,003,１９８５年,00000,全国,1991000000,1991年,千人・％
7.28,031,年齢階級別割合・３５－３９歳,000,総数,004,１９９０年,00000,全国,1991000000,1991年,千人・％
6.94,031,年齢階級別割合・３５－３９歳,000,総数,005,１９９１年,00000,全国,1991000000,1991年,千人・％
7.65,031,年齢階級別割合・３５－３９歳,001,男,001,１９７５年,00000,全国,1991000000,1991年,千人・％
7.98,031,年齢階級別割合・３５－３９歳,001,男,002,１９８０年,00000,全国,1991000000,1991年,千人・％
9.07,031,年齢階級別割合・３５－３９歳,001,男,003,１９８５年,00000,全国,1991000000,1991年,千人・％
7.45,031,年齢階級別割合・３５－３９歳,001,男,004,１９９０年,00000,全国,1991000000,1991年,千人・％
7.12,031,年齢階級別割合・３５－３９歳,001,男,005,１９９１年,00000,全国,1991000000,1991年,千人・％
7.41,031,年齢階級別割合・３５－３９歳,002,女,001,１９７５年,00000,全国,1991000000,1991年,千人・％
7.75,031,年齢階級別割合・３５－３９歳,002,女,002,１９８０年,00000,全国,1991000000,1991年,千人・％
8.68,031,年齢階級別割合・３５－３９歳,002,女,003,１９８５年,00000,全国,1991000000,1991年,千人・％
7.12,031,年齢階級別割合・３５－３９歳,002,女,004,１９９０年,00000,全国,1991000000,1991年,千人・％
6.77,031,年齢階級別割合・３５－３９歳,002,女,005,１９９１年,00000,全国,1991000000,1991年,千人・％
7.35,032,年齢階級別割合・４０－４４歳,000,総数,001,１９７５年,00000,全国,1991000000,1991年,千人・％
7.12,032,年齢階級別割合・４０－４４歳,000,総数,002,１９８０年,00000,全国,1991000000,1991年,千人・％
7.55,032,年齢階級別割合・４０－４４歳,000,総数,003,１９８５年,00000,全国,1991000000,1991年,千人・％
8.62,032,年齢階級別割合・４０－４４歳,000,総数,004,１９９０年,00000,全国,1991000000,1991年,千人・％
9.07,032,年齢階級別割合・４０－４４歳,000,総数,005,１９９１年,00000,全国,1991000000,1991年,千人・％
7.49,032,年齢階級別割合・４０－４４歳,001,男,001,１９７５年,00000,全国,1991000000,1991年,千人・％
7.22,032,年齢階級別割合・４０－４４歳,001,男,002,１９８０年,00000,全国,1991000000,1991年,千人・％
7.65,032,年齢階級別割合・４０－４４歳,001,男,003,１９８５年,00000,全国,1991000000,1991年,千人・％
8.81,032,年齢階級別割合・４０－４４歳,001,男,004,１９９０年,00000,全国,1991000000,1991年,千人・％
9.29,032,年齢階級別割合・４０－４４歳,001,男,005,１９９１年,00000,全国,1991000000,1991年,千人・％
7.21,032,年齢階級別割合・４０－４４歳,002,女,001,１９７５年,00000,全国,1991000000,1991年,千人・％
7.03,032,年齢階級別割合・４０－４４歳,002,女,002,１９８０年,00000,全国,1991000000,1991年,千人・％
7.45,032,年齢階級別割合・４０－４４歳,002,女,003,１９８５年,00000,全国,1991000000,1991年,千人・％
8.44,032,年齢階級別割合・４０－４４歳,002,女,004,１９９０年,00000,全国,1991000000,1991年,千人・％
8.87,032,年齢階級別割合・４０－４４歳,002,女,005,１９９１年,00000,全国,1991000000,1991年,千人・％
6.58,033,年齢階級別割合・４５－４９歳,000,総数,001,１９７５年,00000,全国,1991000000,1991年,千人・％
6.91,033,年齢階級別割合・４５－４９歳,000,総数,002,１９８０年,00000,全国,1991000000,1991年,千人・％
6.8,033,年齢階級別割合・４５－４９歳,000,総数,003,１９８５年,00000,全国,1991000000,1991年,千人・％
7.3,033,年齢階級別割合・４５－４９歳,000,総数,004,１９９０年,00000,全国,1991000000,1991年,千人・％
6.94,033,年齢階級別割合・４５－４９歳,000,総数,005,１９９１年,00000,全国,1991000000,1991年,千人・％
6.64,033,年齢階級別割合・４５－４９歳,001,男,001,１９７５年,00000,全国,1991000000,1991年,千人・％
7,033,年齢階級別割合・４５－４９歳,001,男,002,１９８０年,00000,全国,1991000000,1991年,千人・％
6.88,033,年齢階級別割合・４５－４９歳,001,男,003,１９８５年,00000,全国,1991000000,1991年,千人・％
7.38,033,年齢階級別割合・４５－４９歳,001,男,004,１９９０年,00000,全国,1991000000,1991年,千人・％
7.03,033,年齢階級別割合・４５－４９歳,001,男,005,１９９１年,00000,全国,1991000000,1991年,千人・％
6.52,033,年齢階級別割合・４５－４９歳,002,女,001,１９７５年,00000,全国,1991000000,1991年,千人・％
6.82,033,年齢階級別割合・４５－４９歳,002,女,002,１９８０年,00000,全国,1991000000,1991年,千人・％
6.73,033,年齢階級別割合・４５－４９歳,002,女,003,１９８５年,00000,全国,1991000000,1991年,千人・％
7.21,033,年齢階級別割合・４５－４９歳,002,女,004,１９９０年,00000,全国,1991000000,1991年,千人・％
6.84,033,年齢階級別割合・４５－４９歳,002,女,005,１９９１年,00000,全国,1991000000,1991年,千人・％
5.17,034,年齢階級別割合・５０－５４歳,000,総数,001,１９７５年,00000,全国,1991000000,1991年,千人・％
6.15,034,年齢階級別割合・５０－５４歳,000,総数,002,１９８０年,00000,全国,1991000000,1991年,千人・％
6.55,034,年齢階級別割合・５０－５４歳,000,総数,003,１９８５年,00000,全国,1991000000,1991年,千人・％
6.54,034,年齢階級別割合・５０－５４歳,000,総数,004,１９９０年,00000,全国,1991000000,1991年,千人・％
6.66,034,年齢階級別割合・５０－５４歳,000,総数,005,１９９１年,00000,全国,1991000000,1991年,千人・％
4.75,034,年齢階級別割合・５０－５４歳,001,男,001,１９７５年,00000,全国,1991000000,1991年,千人・％
6.16,034,年齢階級別割合・５０－５４歳,001,男,002,１９８０年,00000,全国,1991000000,1991年,千人・％
6.6,034,年齢階級別割合・５０－５４歳,001,男,003,１９８５年,00000,全国,1991000000,1991年,千人・％
6.59,034,年齢階級別割合・５０－５４歳,001,男,004,１９９０年,00000,全国,1991000000,1991年,千人・％
6.72,034,年齢階級別割合・５０－５４歳,001,男,005,１９９１年,00000,全国,1991000000,1991年,千人・％
5.57,034,年齢階級別割合・５０－５４歳,002,女,001,１９７５年,00000,全国,1991000000,1991年,千人・％
6.14,034,年齢階級別割合・５０－５４歳,002,女,002,１９８０年,00000,全国,1991000000,1991年,千人・％
6.51,034,年齢階級別割合・５０－５４歳,002,女,003,１９８５年,00000,全国,1991000000,1991年,千人・％
6.5,034,年齢階級別割合・５０－５４歳,002,女,004,１９９０年,00000,全国,1991000000,1991年,千人・％
6.61,034,年齢階級別割合・５０－５４歳,002,女,005,１９９１年,00000,全国,1991000000,1991年,千人・％
4.18,035,年齢階級別割合・５５－５９歳,000,総数,001,１９７５年,00000,全国,1991000000,1991年,千人・％
4.8,035,年齢階級別割合・５５－５９歳,000,総数,002,１９８０年,00000,全国,1991000000,1991年,千人・％
5.78,035,年齢階級別割合・５５－５９歳,000,総数,003,１９８５年,00000,全国,1991000000,1991年,千人・％
6.25,035,年齢階級別割合・５５－５９歳,000,総数,004,１９９０年,00000,全国,1991000000,1991年,千人・％
6.35,035,年齢階級別割合・５５－５９歳,000,総数,005,１９９１年,00000,全国,1991000000,1991年,千人・％
3.76,035,年齢階級別割合・５５－５９歳,001,男,001,１９７５年,00000,全国,1991000000,1991年,千人・％
4.36,035,年齢階級別割合・５５－５９歳,001,男,002,１９８０年,00000,全国,1991000000,1991年,千人・％
5.73,035,年齢階級別割合・５５－５９歳,001,男,003,１９８５年,00000,全国,1991000000,1991年,千人・％
6.23,035,年齢階級別割合・５５－５９歳,001,男,004,１９９０年,00000,全国,1991000000,1991年,千人・％
6.34,035,年齢階級別割合・５５－５９歳,001,男,005,１９９１年,00000,全国,1991000000,1991年,千人・％
4.58,035,年齢階級別割合・５５－５９歳,002,女,001,１９７５年,00000,全国,1991000000,1991年,千人・％
5.22,035,年齢階級別割合・５５－５９歳,002,女,002,１９８０年,00000,全国,1991000000,1991年,千人・％
5.83,035,年齢階級別割合・５５－５９歳,002,女,003,１９８５年,00000,全国,1991000000,1991年,千人・％
6.26,035,年齢階級別割合・５５－５９歳,002,女,004,１９９０年,00000,全国,1991000000,1991年,千人・％
6.36,035,年齢階級別割合・５５－５９歳,002,女,005,１９９１年,00000,全国,1991000000,1991年,千人・％
3.83,036,年齢階級別割合・６０－６４歳,000,総数,001,１９７５年,00000,全国,1991000000,1991年,千人・％
3.81,036,年齢階級別割合・６０－６４歳,000,総数,002,１９８０年,00000,全国,1991000000,1991年,千人・％
4.47,036,年齢階級別割合・６０－６４歳,000,総数,003,１９８５年,00000,全国,1991000000,1991年,千人・％
5.46,036,年齢階級別割合・６０－６４歳,000,総数,004,１９９０年,00000,全国,1991000000,1991年,千人・％
5.58,036,年齢階級別割合・６０－６４歳,000,総数,005,１９９１年,00000,全国,1991000000,1991年,千人・％
3.51,036,年齢階級別割合・６０－６４歳,001,男,001,１９７５年,00000,全国,1991000000,1991年,千人・％
3.38,036,年齢階級別割合・６０－６４歳,001,男,002,１９８０年,00000,全国,1991000000,1991年,千人・％
4,036,年齢階級別割合・６０－６４歳,001,男,003,１９８５年,00000,全国,1991000000,1991年,千人・％
5.33,036,年齢階級別割合・６０－６４歳,001,男,004,１９９０年,00000,全国,1991000000,1991年,千人・％
5.48,036,年齢階級別割合・６０－６４歳,001,男,005,１９９１年,00000,全国,1991000000,1991年,千人・％
4.13,036,年齢階級別割合・６０－６４歳,002,女,001,１９７５年,00000,全国,1991000000,1991年,千人・％
4.24,036,年齢階級別割合・６０－６４歳,002,女,002,１９８０年,00000,全国,1991000000,1991年,千人・％
4.92,036,年齢階級別割合・６０－６４歳,002,女,003,１９８５年,00000,全国,1991000000,1991年,千人・％
5.58,036,年齢階級別割合・６０－６４歳,002,女,004,１９９０年,00000,全国,1991000000,1991年,千人・％
5.68,036,年齢階級別割合・６０－６４歳,002,女,005,１９９１年,00000,全国,1991000000,1991年,千人・％
3.08,037,年齢階級別割合・６５－６９歳,000,総数,001,１９７５年,00000,全国,1991000000,1991年,千人・％
3.39,037,年齢階級別割合・６５－６９歳,000,総数,002,１９８０年,00000,全国,1991000000,1991年,千人・％
3.46,037,年齢階級別割合・６５－６９歳,000,総数,003,１９８５年,00000,全国,1991000000,1991年,千人・％
4.13,037,年齢階級別割合・６５－６９歳,000,総数,004,１９９０年,00000,全国,1991000000,1991年,千人・％
4.38,037,年齢階級別割合・６５－６９歳,000,総数,005,１９９１年,00000,全国,1991000000,1991年,千人・％
2.85,037,年齢階級別割合・６５－６９歳,001,男,001,１９７５年,00000,全国,1991000000,1991年,千人・％
3.03,037,年齢階級別割合・６５－６９歳,001,男,002,１９８０年,00000,全国,1991000000,1991年,千人・％
2.99,037,年齢階級別割合・６５－６９歳,001,男,003,１９８５年,00000,全国,1991000000,1991年,千人・％
3.62,037,年齢階級別割合・６５－６９歳,001,男,004,１９９０年,00000,全国,1991000000,1991年,千人・％
3.94,037,年齢階級別割合・６５－６９歳,001,男,005,１９９１年,00000,全国,1991000000,1991年,千人・％
3.3,037,年齢階級別割合・６５－６９歳,002,女,001,１９７５年,00000,全国,1991000000,1991年,千人・％
3.73,037,年齢階級別割合・６５－６９歳,002,女,002,１９８０年,00000,全国,1991000000,1991年,千人・％
3.92,037,年齢階級別割合・６５－６９歳,002,女,003,１９８５年,00000,全国,1991000000,1991年,千人・％
4.62,037,年齢階級別割合・６５－６９歳,002,女,004,１９９０年,00000,全国,1991000000,1991年,千人・％
4.8,037,年齢階級別割合・６５－６９歳,002,女,005,１９９１年,00000,全国,1991000000,1991年,千人・％
2.3,038,年齢階級別割合・７０－７４歳,000,総数,001,１９７５年,00000,全国,1991000000,1991年,千人・％
2.58,038,年齢階級別割合・７０－７４歳,000,総数,002,１９８０年,00000,全国,1991000000,1991年,千人・％
2.94,038,年齢階級別割合・７０－７４歳,000,総数,003,１９８５年,00000,全国,1991000000,1991年,千人・％
3.09,038,年齢階級別割合・７０－７４歳,000,総数,004,１９９０年,00000,全国,1991000000,1991年,千人・％
3.15,038,年齢階級別割合・７０－７４歳,000,総数,005,１９９１年,00000,全国,1991000000,1991年,千人・％
2.08,038,年齢階級別割合・７０－７４歳,001,男,001,１９７５年,00000,全国,1991000000,1991年,千人・％
2.29,038,年齢階級別割合・７０－７４歳,001,男,002,１９８０年,00000,全国,1991000000,1991年,千人・％
2.53,038,年齢階級別割合・７０－７４歳,001,男,003,１９８５年,00000,全国,1991000000,1991年,千人・％
2.57,038,年齢階級別割合・７０－７４歳,001,男,004,１９９０年,00000,全国,1991000000,1991年,千人・％
2.6,038,年齢階級別割合・７０－７４歳,001,男,005,１９９１年,00000,全国,1991000000,1991年,千人・％
2.51,038,年齢階級別割合・７０－７４歳,002,女,001,１９７５年,00000,全国,1991000000,1991年,千人・％
2.87,038,年齢階級別割合・７０－７４歳,002,女,002,１９８０年,00000,全国,1991000000,1991年,千人・％
3.35,038,年齢階級別割合・７０－７４歳,002,女,003,１９８５年,00000,全国,1991000000,1991年,千人・％
3.59,038,年齢階級別割合・７０－７４歳,002,女,004,１９９０年,00000,全国,1991000000,1991年,千人・％
3.69,038,年齢階級別割合・７０－７４歳,002,女,005,１９９１年,00000,全国,1991000000,1991年,千人・％
1.47,039,年齢階級別割合・７５－７９歳,000,総数,001,１９７５年,00000,全国,1991000000,1991年,千人・％
1.74,039,年齢階級別割合・７５－７９歳,000,総数,002,１９８０年,00000,全国,1991000000,1991年,千人・％
2.06,039,年齢階級別割合・７５－７９歳,000,総数,003,１９８５年,00000,全国,1991000000,1991年,千人・％
2.44,039,年齢階級別割合・７５－７９歳,000,総数,004,１９９０年,00000,全国,1991000000,1991年,千人・％
2.5,039,年齢階級別割合・７５－７９歳,000,総数,005,１９９１年,00000,全国,1991000000,1991年,千人・％
1.25,039,年齢階級別割合・７５－７９歳,001,男,001,１９７５年,00000,全国,1991000000,1991年,千人・％
1.47,039,年齢階級別割合・７５－７９歳,001,男,002,１９８０年,00000,全国,1991000000,1991年,千人・％
1.71,039,年齢階級別割合・７５－７９歳,001,男,003,１９８５年,00000,全国,1991000000,1991年,千人・％
1.97,039,年齢階級別割合・７５－７９歳,001,男,004,１９９０年,00000,全国,1991000000,1991年,千人・％
2.02,039,年齢階級別割合・７５－７９歳,001,男,005,１９９１年,00000,全国,1991000000,1991年,千人・％
1.68,039,年齢階級別割合・７５－７９歳,002,女,001,１９７５年,00000,全国,1991000000,1991年,千人・％
2,039,年齢階級別割合・７５－７９歳,002,女,002,１９８０年,00000,全国,1991000000,1991年,千人・％
2.4,039,年齢階級別割合・７５－７９歳,002,女,003,１９８５年,00000,全国,1991000000,1991年,千人・％
2.89,039,年齢階級別割合・７５－７９歳,002,女,004,１９９０年,00000,全国,1991000000,1991年,千人・％
2.97,039,年齢階級別割合・７５－７９歳,002,女,005,１９９１年,00000,全国,1991000000,1991年,千人・％
0.72,040,年齢階級別割合・８０－８４歳,000,総数,001,１９７５年,00000,全国,1991000000,1991年,千人・％
0.93,040,年齢階級別割合・８０－８４歳,000,総数,002,１９８０年,00000,全国,1991000000,1991年,千人・％
1.18,040,年齢階級別割合・８０－８４歳,000,総数,003,１９８５年,00000,全国,1991000000,1991年,千人・％
1.48,040,年齢階級別割合・８０－８４歳,000,総数,004,１９９０年,00000,全国,1991000000,1991年,千人・％
1.58,040,年齢階級別割合・８０－８４歳,000,総数,005,１９９１年,00000,全国,1991000000,1991年,千人・％
0.56,040,年齢階級別割合・８０－８４歳,001,男,001,１９７５年,00000,全国,1991000000,1991年,千人・％
0.73,040,年齢階級別割合・８０－８４歳,001,男,002,１９８０年,00000,全国,1991000000,1991年,千人・％
0.91,040,年齢階級別割合・８０－８４歳,001,男,003,１９８５年,00000,全国,1991000000,1991年,千人・％
1.12,040,年齢階級別割合・８０－８４歳,001,男,004,１９９０年,00000,全国,1991000000,1991年,千人・％
1.18,040,年齢階級別割合・８０－８４歳,001,男,005,１９９１年,00000,全国,1991000000,1991年,千人・％
0.88,040,年齢階級別割合・８０－８４歳,002,女,001,１９７５年,00000,全国,1991000000,1991年,千人・％
1.14,040,年齢階級別割合・８０－８４歳,002,女,002,１９８０年,00000,全国,1991000000,1991年,千人・％
1.45,040,年齢階級別割合・８０－８４歳,002,女,003,１９８５年,00000,全国,1991000000,1991年,千人・％
1.83,040,年齢階級別割合・８０－８４歳,002,女,004,１９９０年,00000,全国,1991000000,1991年,千人・％
1.96,040,年齢階級別割合・８０－８４歳,002,女,005,１９９１年,00000,全国,1991000000,1991年,千人・％
0.28,041,年齢階級別割合・８５－８９歳,000,総数,001,１９７５年,00000,全国,1991000000,1991年,千人・％
0.35,041,年齢階級別割合・８５－８９歳,000,総数,002,１９８０年,00000,全国,1991000000,1991年,千人・％
0.5,041,年齢階級別割合・８５－８９歳,000,総数,003,１９８５年,00000,全国,1991000000,1991年,千人・％
0.67,041,年齢階級別割合・８５－８９歳,000,総数,004,１９９０年,00000,全国,1991000000,1991年,千人・％
0.69,041,年齢階級別割合・８５－８９歳,000,総数,005,１９９１年,00000,全国,1991000000,1991年,千人・％
0.18,041,年齢階級別割合・８５－８９歳,001,男,001,１９７５年,00000,全国,1991000000,1991年,千人・％
0.24,041,年齢階級別割合・８５－８９歳,001,男,002,１９８０年,00000,全国,1991000000,1991年,千人・％
0.34,041,年齢階級別割合・８５－８９歳,001,男,003,１９８５年,00000,全国,1991000000,1991年,千人・％
0.45,041,年齢階級別割合・８５－８９歳,001,男,004,１９９０年,00000,全国,1991000000,1991年,千人・％
0.46,041,年齢階級別割合・８５－８９歳,001,男,005,１９９１年,00000,全国,1991000000,1991年,千人・％
0.37,041,年齢階級別割合・８５－８９歳,002,女,001,１９７５年,00000,全国,1991000000,1991年,千人・％
0.46,041,年齢階級別割合・８５－８９歳,002,女,002,１９８０年,00000,全国,1991000000,1991年,千人・％
0.65,041,年齢階級別割合・８５－８９歳,002,女,003,１９８５年,00000,全国,1991000000,1991年,千人・％
0.89,041,年齢階級別割合・８５－８９歳,002,女,004,１９９０年,00000,全国,1991000000,1991年,千人・％
0.91,041,年齢階級別割合・８５－８９歳,002,女,005,１９９１年,00000,全国,1991000000,1991年,千人・％
0.07,042,年齢階級別割合・９０歳以上,000,総数,001,１９７５年,00000,全国,1991000000,1991年,千人・％
0.1,042,年齢階級別割合・９０歳以上,000,総数,002,１９８０年,00000,全国,1991000000,1991年,千人・％
0.15,042,年齢階級別割合・９０歳以上,000,総数,003,１９８５年,00000,全国,1991000000,1991年,千人・％
0.23,042,年齢階級別割合・９０歳以上,000,総数,004,１９９０年,00000,全国,1991000000,1991年,千人・％
0.26,042,年齢階級別割合・９０歳以上,000,総数,005,１９９１年,00000,全国,1991000000,1991年,千人・％
0.04,042,年齢階級別割合・９０歳以上,001,男,001,１９７５年,00000,全国,1991000000,1991年,千人・％
0.06,042,年齢階級別割合・９０歳以上,001,男,002,１９８０年,00000,全国,1991000000,1991年,千人・％
0.09,042,年齢階級別割合・９０歳以上,001,男,003,１９８５年,00000,全国,1991000000,1991年,千人・％
0.13,042,年齢階級別割合・９０歳以上,001,男,004,１９９０年,00000,全国,1991000000,1991年,千人・％
0.15,042,年齢階級別割合・９０歳以上,001,男,005,１９９１年,00000,全国,1991000000,1991年,千人・％
0.11,042,年齢階級別割合・９０歳以上,002,女,001,１９７５年,00000,全国,1991000000,1991年,千人・％
0.14,042,年齢階級別割合・９０歳以上,002,女,002,１９８０年,00000,全国,1991000000,1991年,千人・％
0.21,042,年齢階級別割合・９０歳以上,002,女,003,１９８５年,00000,全国,1991000000,1991年,千人・％
0.33,042,年齢階級別割合・９０歳以上,002,女,004,１９９０年,00000,全国,1991000000,1991年,千人・％
0.37,042,年齢階級別割合・９０歳以上,002,女,005,１９９１年,00000,全国,1991000000,1991年,千人・％
24.32,043,年齢階級別割合・０－１４歳,000,総数,001,１９７５年,00000,全国,1991000000,1991年,千人・％
23.5,043,年齢階級別割合・０－１４歳,000,総数,002,１９８０年,00000,全国,1991000000,1991年,千人・％
21.51,043,年齢階級別割合・０－１４歳,000,総数,003,１９８５年,00000,全国,1991000000,1991年,千人・％
18.19,043,年齢階級別割合・０－１４歳,000,総数,004,１９９０年,00000,全国,1991000000,1991年,千人・％
17.66,043,年齢階級別割合・０－１４歳,000,総数,005,１９９１年,00000,全国,1991000000,1991年,千人・％
25.32,043,年齢階級別割合・０－１４歳,001,男,001,１９７５年,00000,全国,1991000000,1991年,千人・％
24.49,043,年齢階級別割合・０－１４歳,001,男,002,１９８０年,00000,全国,1991000000,1991年,千人・％
22.42,043,年齢階級別割合・０－１４歳,001,男,003,１９８５年,00000,全国,1991000000,1991年,千人・％
18.98,043,年齢階級別割合・０－１４歳,001,男,004,１９９０年,00000,全国,1991000000,1991年,千人・％
18.44,043,年齢階級別割合・０－１４歳,001,男,005,１９９１年,00000,全国,1991000000,1991年,千人・％
23.35,043,年齢階級別割合・０－１４歳,002,女,001,１９７５年,00000,全国,1991000000,1991年,千人・％
22.54,043,年齢階級別割合・０－１４歳,002,女,002,１９８０年,00000,全国,1991000000,1991年,千人・％
20.62,043,年齢階級別割合・０－１４歳,002,女,003,１９８５年,00000,全国,1991000000,1991年,千人・％
17.43,043,年齢階級別割合・０－１４歳,002,女,004,１９９０年,00000,全国,1991000000,1991年,千人・％
16.91,043,年齢階級別割合・０－１４歳,002,女,005,１９９１年,00000,全国,1991000000,1991年,千人・％
67.72,044,年齢階級別割合・１５－６４歳,000,総数,001,１９７５年,00000,全国,1991000000,1991年,千人・％
67.35,044,年齢階級別割合・１５－６４歳,000,総数,002,１９８０年,00000,全国,1991000000,1991年,千人・％
68.16,044,年齢階級別割合・１５－６４歳,000,総数,003,１９８５年,00000,全国,1991000000,1991年,千人・％
69.5,044,年齢階級別割合・１５－６４歳,000,総数,004,１９９０年,00000,全国,1991000000,1991年,千人・％
69.78,044,年齢階級別割合・１５－６４歳,000,総数,005,１９９１年,00000,全国,1991000000,1991年,千人・％
67.66,044,年齢階級別割合・１５－６４歳,001,男,001,１９７５年,00000,全国,1991000000,1991年,千人・％
67.61,044,年齢階級別割合・１５－６４歳,001,男,002,１９８０年,00000,全国,1991000000,1991年,千人・％
68.96,044,年齢階級別割合・１５－６４歳,001,男,003,１９８５年,00000,全国,1991000000,1991年,千人・％
70.79,044,年齢階級別割合・１５－６４歳,001,男,004,１９９０年,00000,全国,1991000000,1991年,千人・％
71.22,044,年齢階級別割合・１５－６４歳,001,男,005,１９９１年,00000,全国,1991000000,1991年,千人・％
67.78,044,年齢階級別割合・１５－６４歳,002,女,001,１９７５年,00000,全国,1991000000,1991年,千人・％
67.08,044,年齢階級別割合・１５－６４歳,002,女,002,１９８０年,00000,全国,1991000000,1991年,千人・％
67.38,044,年齢階級別割合・１５－６４歳,002,女,003,１９８５年,00000,全国,1991000000,1991年,千人・％
68.24,044,年齢階級別割合・１５－６４歳,002,女,004,１９９０年,00000,全国,1991000000,1991年,千人・％
68.39,044,年齢階級別割合・１５－６４歳,002,女,005,１９９１年,00000,全国,1991000000,1991年,千人・％
7.92,045,年齢階級別割合・６５歳以上,000,総数,001,１９７５年,00000,全国,1991000000,1991年,千人・％
9.1,045,年齢階級別割合・６５歳以上,000,総数,002,１９８０年,00000,全国,1991000000,1991年,千人・％
10.3,045,年齢階級別割合・６５歳以上,000,総数,003,１９８５年,00000,全国,1991000000,1991年,千人・％
12.05,045,年齢階級別割合・６５歳以上,000,総数,004,１９９０年,00000,全国,1991000000,1991年,千人・％
12.56,045,年齢階級別割合・６５歳以上,000,総数,005,１９９１年,00000,全国,1991000000,1991年,千人・％
6.97,045,年齢階級別割合・６５歳以上,001,男,001,１９７５年,00000,全国,1991000000,1991年,千人・％
7.81,045,年齢階級別割合・６５歳以上,001,男,002,１９８０年,00000,全国,1991000000,1991年,千人・％
8.57,045,年齢階級別割合・６５歳以上,001,男,003,１９８５年,00000,全国,1991000000,1991年,千人・％
9.86,045,年齢階級別割合・６５歳以上,001,男,004,１９９０年,00000,全国,1991000000,1991年,千人・％
10.34,045,年齢階級別割合・６５歳以上,001,男,005,１９９１年,00000,全国,1991000000,1991年,千人・％
8.84,045,年齢階級別割合・６５歳以上,002,女,001,１９７５年,00000,全国,1991000000,1991年,千人・％
10.34,045,年齢階級別割合・６５歳以上,002,女,002,１９８０年,00000,全国,1991000000,1991年,千人・％
11.97,045,年齢階級別割合・６５歳以上,002,女,003,１９８５年,00000,全国,1991000000,1991年,千人・％
14.16,045,年齢階級別割合・６５歳以上,002,女,004,１９９０年,00000,全国,1991000000,1991年,千人・％
14.71,045,年齢階級別割合・６５歳以上,002,女,005,１９９１年,00000,全国,1991000000,1991年,千人・％
