value,tab,tab_label,cat02,cat02_label,area,area_label,time,time_label,unit
2690662,020,母集団事業所・企業等数,50000,合計,00000,全国,2013000000,2013年,事業所・企業等
2687655,020,母集団事業所・企業等数,50010,サービス産業計（※「情報通信業」を除く。）,00000,全国,2013000000,2013年,事業所・企業等
118250,020,母集団事業所・企業等数,50030,Ｈ運輸業，郵便業,00000,全国,2013000000,2013年,事業所・企業等
417,020,母集団事業所・企業等数,50060,42鉄道業,00000,全国,2013000000,2013年,事業所・企業等
28833,020,母集団事業所・企業等数,50080,43道路旅客運送業,00000,全国,2013000000,2013年,事業所・企業等
24861,020,母集団事業所・企業等数,50100,432一般乗用旅客自動車運送業,00000,全国,2013000000,2013年,事業所・企業等
3973,020,母集団事業所・企業等数,50120,43a他の道路旅客運送業,00000,全国,2013000000,2013年,事業所・企業等
61379,020,母集団事業所・企業等数,50140,44道路貨物運送業,00000,全国,2013000000,2013年,事業所・企業等
3803,020,母集団事業所・企業等数,50160,45水運業,00000,全国,2013000000,2013年,事業所・企業等
9347,020,母集団事業所・企業等数,50180,47倉庫業,00000,全国,2013000000,2013年,事業所・企業等
14338,020,母集団事業所・企業等数,50200,48運輸に附帯するサービス業,00000,全国,2013000000,2013年,事業所・企業等
133,020,母集団事業所・企業等数,50220,4*航空運輸業，郵便業（信書便事業を含む）,00000,全国,2013000000,2013年,事業所・企業等
392577,020,母集団事業所・企業等数,50230,Ｋ不動産業，物品賃貸業,00000,全国,2013000000,2013年,事業所・企業等
67630,020,母集団事業所・企業等数,50260,68不動産取引業,00000,全国,2013000000,2013年,事業所・企業等
16917,020,母集団事業所・企業等数,50290,681建物売買業，土地売買業,00000,全国,2013000000,2013年,事業所・企業等
50713,020,母集団事業所・企業等数,50310,682不動産代理業・仲介業,00000,全国,2013000000,2013年,事業所・企業等
297001,020,母集団事業所・企業等数,50330,69不動産賃貸業・管理業,00000,全国,2013000000,2013年,事業所・企業等
57550,020,母集団事業所・企業等数,50350,691不動産賃貸業（貸家業，貸間業を除く）,00000,全国,2013000000,2013年,事業所・企業等
163794,020,母集団事業所・企業等数,50370,692貸家業，貸間業,00000,全国,2013000000,2013年,事業所・企業等
36836,020,母集団事業所・企業等数,50390,693駐車場業,00000,全国,2013000000,2013年,事業所・企業等
38821,020,母集団事業所・企業等数,50410,694不動産管理業,00000,全国,2013000000,2013年,事業所・企業等
27946,020,母集団事業所・企業等数,50430,70物品賃貸業,00000,全国,2013000000,2013年,事業所・企業等
4827,020,母集団事業所・企業等数,50450,704自動車賃貸業,00000,全国,2013000000,2013年,事業所・企業等
23119,020,母集団事業所・企業等数,50470,70a他の物品賃貸業,00000,全国,2013000000,2013年,事業所・企業等
230863,020,母集団事業所・企業等数,50480,Ｌ学術研究，専門・技術サービス業(※「学術・開発研究機関」及び「純粋持株会社」を除く。),00000,全国,2013000000,2013年,事業所・企業等
117921,020,母集団事業所・企業等数,50510,72専門サービス業（他に分類されないもの）（※「純粋持株会社」を除く。）,00000,全国,2013000000,2013年,事業所・企業等
32083,020,母集団事業所・企業等数,50530,724公認会計士事務所，税理士事務所,00000,全国,2013000000,2013年,事業所・企業等
41616,020,母集団事業所・企業等数,50550,72*法律事務所等,00000,全国,2013000000,2013年,事業所・企業等
12839,020,母集団事業所・企業等数,50570,721法律事務所，特許事務所,00000,全国,2013000000,2013年,事業所・企業等
18408,020,母集団事業所・企業等数,50590,722公証人役場，司法書士事務所，土地家屋調査士事務所,00000,全国,2013000000,2013年,事業所・企業等
5292,020,母集団事業所・企業等数,50610,723行政書士事務所,00000,全国,2013000000,2013年,事業所・企業等
5076,020,母集団事業所・企業等数,50630,725社会保険労務士事務所,00000,全国,2013000000,2013年,事業所・企業等
13212,020,母集団事業所・企業等数,50650,728経営コンサルタント業，純粋持株会社(※「純粋持株会社」を除く。),00000,全国,2013000000,2013年,事業所・企業等
31010,020,母集団事業所・企業等数,50670,72#デザイン業，著述･芸術家業，その他の専門サービス業,00000,全国,2013000000,2013年,事業所・企業等
11068,020,母集団事業所・企業等数,50680,726デザイン業,00000,全国,2013000000,2013年,事業所・企業等
691,020,母集団事業所・企業等数,50690,7291興信所,00000,全国,2013000000,2013年,事業所・企業等
19251,020,母集団事業所・企業等数,50700,72a他の専門サービス業,00000,全国,2013000000,2013年,事業所・企業等
11574,020,母集団事業所・企業等数,50710,73広告業,00000,全国,2013000000,2013年,事業所・企業等
101369,020,母集団事業所・企業等数,50720,74技術サービス業（他に分類されないもの）,00000,全国,2013000000,2013年,事業所・企業等
9285,020,母集団事業所・企業等数,50730,741獣医業,00000,全国,2013000000,2013年,事業所・企業等
60527,020,母集団事業所・企業等数,50740,742土木建築サービス業,00000,全国,2013000000,2013年,事業所・企業等
47407,020,母集団事業所・企業等数,50750,7421建築設計業,00000,全国,2013000000,2013年,事業所・企業等
9867,020,母集団事業所・企業等数,50760,7422測量業,00000,全国,2013000000,2013年,事業所・企業等
3253,020,母集団事業所・企業等数,50770,7429その他の土木建築サービス業,00000,全国,2013000000,2013年,事業所・企業等
8783,020,母集団事業所・企業等数,50780,743機械設計業,00000,全国,2013000000,2013年,事業所・企業等
2956,020,母集団事業所・企業等数,50790,744商品・非破壊検査業,00000,全国,2013000000,2013年,事業所・企業等
1467,020,母集団事業所・企業等数,50800,745計量証明業,00000,全国,2013000000,2013年,事業所・企業等
11001,020,母集団事業所・企業等数,50810,746写真業,00000,全国,2013000000,2013年,事業所・企業等
7348,020,母集団事業所・企業等数,50820,749その他の技術サービス業,00000,全国,2013000000,2013年,事業所・企業等
719128,020,母集団事業所・企業等数,50830,Ｍ宿泊業，飲食サービス業,00000,全国,2013000000,2013年,事業所・企業等
57729,020,母集団事業所・企業等数,50840,75宿泊業,00000,全国,2013000000,2013年,事業所・企業等
631481,020,母集団事業所・企業等数,50850,76飲食店,00000,全国,2013000000,2013年,事業所・企業等
54987,020,母集団事業所・企業等数,50860,761食堂，レストラン（専門料理店を除く）,00000,全国,2013000000,2013年,事業所・企業等
155121,020,母集団事業所・企業等数,50870,762専門料理店,00000,全国,2013000000,2013年,事業所・企業等
45350,020,母集団事業所・企業等数,50880,7621日本料理店,00000,全国,2013000000,2013年,事業所・企業等
52686,020,母集団事業所・企業等数,50890,762a中華料理店，ラーメン店,00000,全国,2013000000,2013年,事業所・企業等
57086,020,母集団事業所・企業等数,50900,762b他の専門料理店,00000,全国,2013000000,2013年,事業所・企業等
57499,020,母集団事業所・企業等数,50910,76aそば・うどん店，すし店,00000,全国,2013000000,2013年,事業所・企業等
363874,020,母集団事業所・企業等数,50920,76b他の飲食店,00000,全国,2013000000,2013年,事業所・企業等
29918,020,母集団事業所・企業等数,50930,77持ち帰り・配達飲食サービス業,00000,全国,2013000000,2013年,事業所・企業等
497567,020,母集団事業所・企業等数,50940,Ｎ生活関連サービス業，娯楽業(※「家事サービス業」を除く。),00000,全国,2013000000,2013年,事業所・企業等
381204,020,母集団事業所・企業等数,50950,78洗濯・理容・美容・浴場業,00000,全国,2013000000,2013年,事業所・企業等
71212,020,母集団事業所・企業等数,50960,781洗濯業,00000,全国,2013000000,2013年,事業所・企業等
110229,020,母集団事業所・企業等数,50970,782理容業,00000,全国,2013000000,2013年,事業所・企業等
173303,020,母集団事業所・企業等数,50980,783美容業,00000,全国,2013000000,2013年,事業所・企業等
26460,020,母集団事業所・企業等数,50990,78a他の洗濯・理容・美容・浴場業,00000,全国,2013000000,2013年,事業所・企業等
58874,020,母集団事業所・企業等数,51000,79その他の生活関連サービス業(※「家事サービス業」を除く。),00000,全国,2013000000,2013年,事業所・企業等
8592,020,母集団事業所・企業等数,51010,791旅行業,00000,全国,2013000000,2013年,事業所・企業等
10149,020,母集団事業所・企業等数,51020,796冠婚葬祭業,00000,全国,2013000000,2013年,事業所・企業等
8107,020,母集団事業所・企業等数,51030,7961葬儀業,00000,全国,2013000000,2013年,事業所・企業等
2041,020,母集団事業所・企業等数,51040,796a他の冠婚葬祭業,00000,全国,2013000000,2013年,事業所・企業等
1292,020,母集団事業所・企業等数,51050,7962結婚式場業,00000,全国,2013000000,2013年,事業所・企業等
749,020,母集団事業所・企業等数,51060,7963冠婚葬祭互助会,00000,全国,2013000000,2013年,事業所・企業等
40133,020,母集団事業所・企業等数,51070,79a他の生活関連サービス業,00000,全国,2013000000,2013年,事業所・企業等
57489,020,母集団事業所・企業等数,51080,80娯楽業,00000,全国,2013000000,2013年,事業所・企業等
406,020,母集団事業所・企業等数,51090,801映画館,00000,全国,2013000000,2013年,事業所・企業等
3575,020,母集団事業所・企業等数,51100,802興行場（別掲を除く），興行団,00000,全国,2013000000,2013年,事業所・企業等
964,020,母集団事業所・企業等数,51110,803競輪・競馬等の競走場，競技団,00000,全国,2013000000,2013年,事業所・企業等
14703,020,母集団事業所・企業等数,51120,804スポーツ施設提供業,00000,全国,2013000000,2013年,事業所・企業等
2556,020,母集団事業所・企業等数,51130,8043ゴルフ場,00000,全国,2013000000,2013年,事業所・企業等
2852,020,母集団事業所・企業等数,51140,8044ゴルフ練習場,00000,全国,2013000000,2013年,事業所・企業等
692,020,母集団事業所・企業等数,51150,8045ボウリング場,00000,全国,2013000000,2013年,事業所・企業等
2431,020,母集団事業所・企業等数,51160,8048フィットネスクラブ,00000,全国,2013000000,2013年,事業所・企業等
6172,020,母集団事業所・企業等数,51170,804a他のスポーツ施設提供業,00000,全国,2013000000,2013年,事業所・企業等
1999,020,母集団事業所・企業等数,51180,805公園，遊園地,00000,全国,2013000000,2013年,事業所・企業等
22712,020,母集団事業所・企業等数,51190,806遊戯場,00000,全国,2013000000,2013年,事業所・企業等
10611,020,母集団事業所・企業等数,51200,8064パチンコホール,00000,全国,2013000000,2013年,事業所・企業等
12101,020,母集団事業所・企業等数,51210,806a他の遊戯場,00000,全国,2013000000,2013年,事業所・企業等
13129,020,母集団事業所・企業等数,51220,809その他の娯楽業,00000,全国,2013000000,2013年,事業所・企業等
158784,020,母集団事業所・企業等数,51230,Ｏ教育，学習支援業(※「学校教育」を除く。),00000,全国,2013000000,2013年,事業所・企業等
158784,020,母集団事業所・企業等数,51240,82その他の教育，学習支援業,00000,全国,2013000000,2013年,事業所・企業等
22489,020,母集団事業所・企業等数,51250,82a社会教育，職業・教育支援施設,00000,全国,2013000000,2013年,事業所・企業等
18258,020,母集団事業所・企業等数,51260,821社会教育,00000,全国,2013000000,2013年,事業所・企業等
4231,020,母集団事業所・企業等数,51270,822職業・教育支援施設,00000,全国,2013000000,2013年,事業所・企業等
131814,020,母集団事業所・企業等数,51280,82b学習塾，教養・技能教授業,00000,全国,2013000000,2013年,事業所・企業等
47100,020,母集団事業所・企業等数,51290,823学習塾,00000,全国,2013000000,2013年,事業所・企業等
84715,020,母集団事業所・企業等数,51300,824教養・技能教授業,00000,全国,2013000000,2013年,事業所・企業等
8141,020,母集団事業所・企業等数,51310,8245外国語会話教授業,00000,全国,2013000000,2013年,事業所・企業等
76574,020,母集団事業所・企業等数,51320,824a他の教養・技能教授業,00000,全国,2013000000,2013年,事業所・企業等
4480,020,母集団事業所・企業等数,51330,829他に分類されない教育，学習支援業,00000,全国,2013000000,2013年,事業所・企業等
360116,020,母集団事業所・企業等数,51340,"Ｐ医療，福祉(＊「保健所」,「社会保険事業団体」及び「福祉事務所」を除く。)",00000,全国,2013000000,2013年,事業所・企業等
240966,020,母集団事業所・企業等数,51350,83医療業,00000,全国,2013000000,2013年,事業所・企業等
8797,020,母集団事業所・企業等数,51360,831病院,00000,全国,2013000000,2013年,事業所・企業等
78924,020,母集団事業所・企業等数,51370,832一般診療所,00000,全国,2013000000,2013年,事業所・企業等
65380,020,母集団事業所・企業等数,51380,833歯科診療所,00000,全国,2013000000,2013年,事業所・企業等
87865,020,母集団事業所・企業等数,51390,83a他の医療業,00000,全国,2013000000,2013年,事業所・企業等
4210,020,母集団事業所・企業等数,51400,84保健衛生(＊「保健所」を除く。),00000,全国,2013000000,2013年,事業所・企業等
114941,020,母集団事業所・企業等数,51410,85社会保険・社会福祉・介護事業(※「社会保険事業団体」及び「福祉事務所」を除く。),00000,全国,2013000000,2013年,事業所・企業等
52293,020,母集団事業所・企業等数,51420,854老人福祉・介護事業,00000,全国,2013000000,2013年,事業所・企業等
26118,020,母集団事業所・企業等数,51430,854a通所・短期入所介護事業，訪問介護事業,00000,全国,2013000000,2013年,事業所・企業等
26175,020,母集団事業所・企業等数,51440,854b他の老人福祉・介護事業,00000,全国,2013000000,2013年,事業所・企業等
62648,020,母集団事業所・企業等数,51450,85a他の社会保険・社会福祉・介護事業,00000,全国,2013000000,2013年,事業所・企業等
210370,020,母集団事業所・企業等数,51460,Ｒサービス業（他に分類されないもの）(※「政治・経済・文化団体」，｢宗教」及び「外国公務」を除く。),00000,全国,2013000000,2013年,事業所・企業等
22238,020,母集団事業所・企業等数,51470,88廃棄物処理業,00000,全国,2013000000,2013年,事業所・企業等
13415,020,母集団事業所・企業等数,51480,881一般廃棄物処理業,00000,全国,2013000000,2013年,事業所・企業等
8823,020,母集団事業所・企業等数,51490,88a他の廃棄物処理業,00000,全国,2013000000,2013年,事業所・企業等
55222,020,母集団事業所・企業等数,51500,89自動車整備業,00000,全国,2013000000,2013年,事業所・企業等
29897,020,母集団事業所・企業等数,51510,90機械等修理業（別掲を除く）,00000,全国,2013000000,2013年,事業所・企業等
14487,020,母集団事業所・企業等数,51520,901機械修理業（電気機械器具を除く）,00000,全国,2013000000,2013年,事業所・企業等
5926,020,母集団事業所・企業等数,51530,902電気機械器具修理業,00000,全国,2013000000,2013年,事業所・企業等
9485,020,母集団事業所・企業等数,51540,90aその他の修理業（表具業を含む）,00000,全国,2013000000,2013年,事業所・企業等
18137,020,母集団事業所・企業等数,51550,91職業紹介・労働者派遣業,00000,全国,2013000000,2013年,事業所・企業等
5235,020,母集団事業所・企業等数,51560,911職業紹介業,00000,全国,2013000000,2013年,事業所・企業等
12903,020,母集団事業所・企業等数,51570,912労働者派遣業,00000,全国,2013000000,2013年,事業所・企業等
77224,020,母集団事業所・企業等数,51580,92その他の事業サービス業,00000,全国,2013000000,2013年,事業所・企業等
2561,020,母集団事業所・企業等数,51590,921速記・ワープロ入力・複写業,00000,全国,2013000000,2013年,事業所・企業等
25299,020,母集団事業所・企業等数,51600,922建物サービス業,00000,全国,2013000000,2013年,事業所・企業等
6670,020,母集団事業所・企業等数,51610,923警備業,00000,全国,2013000000,2013年,事業所・企業等
42695,020,母集団事業所・企業等数,51620,929他に分類されない事業サービス業,00000,全国,2013000000,2013年,事業所・企業等
7651,020,母集団事業所・企業等数,51630,95その他のサービス業,00000,全国,2013000000,2013年,事業所・企業等
6550,020,母集団事業所・企業等数,51640,951集会場,00000,全国,2013000000,2013年,事業所・企業等
1101,020,母集団事業所・企業等数,51650,95aと畜場，他に分類されないサービス業,00000,全国,2013000000,2013年,事業所・企業等
3007,020,母集団事業所・企業等数,51660,その他,00000,全国,2013000000,2013年,事業所・企業等
299218810,040,年間売上高,50000,合計,00000,全国,2013000000,2013年,百万円
291090597,040,年間売上高,50010,サービス産業計（※「情報通信業」を除く。）,00000,全国,2013000000,2013年,百万円
61463929,040,年間売上高,50030,Ｈ運輸業，郵便業,00000,全国,2013000000,2013年,百万円
7073485,040,年間売上高,50060,42鉄道業,00000,全国,2013000000,2013年,百万円
3295292,040,年間売上高,50080,43道路旅客運送業,00000,全国,2013000000,2013年,百万円
1758869,040,年間売上高,50100,432一般乗用旅客自動車運送業,00000,全国,2013000000,2013年,百万円
1536423,040,年間売上高,50120,43a他の道路旅客運送業,00000,全国,2013000000,2013年,百万円
22851455,040,年間売上高,50140,44道路貨物運送業,00000,全国,2013000000,2013年,百万円
6375603,040,年間売上高,50160,45水運業,00000,全国,2013000000,2013年,百万円
4239134,040,年間売上高,50180,47倉庫業,00000,全国,2013000000,2013年,百万円
12999046,040,年間売上高,50200,48運輸に附帯するサービス業,00000,全国,2013000000,2013年,百万円
4629914,040,年間売上高,50220,4*航空運輸業，郵便業（信書便事業を含む）,00000,全国,2013000000,2013年,百万円
45135234,040,年間売上高,50230,Ｋ不動産業，物品賃貸業,00000,全国,2013000000,2013年,百万円
12929865,040,年間売上高,50260,68不動産取引業,00000,全国,2013000000,2013年,百万円
9246387,040,年間売上高,50290,681建物売買業，土地売買業,00000,全国,2013000000,2013年,百万円
3683478,040,年間売上高,50310,682不動産代理業・仲介業,00000,全国,2013000000,2013年,百万円
17514558,040,年間売上高,50330,69不動産賃貸業・管理業,00000,全国,2013000000,2013年,百万円
8051015,040,年間売上高,50350,691不動産賃貸業（貸家業，貸間業を除く）,00000,全国,2013000000,2013年,百万円
4748487,040,年間売上高,50370,692貸家業，貸間業,00000,全国,2013000000,2013年,百万円
720174,040,年間売上高,50390,693駐車場業,00000,全国,2013000000,2013年,百万円
3994882,040,年間売上高,50410,694不動産管理業,00000,全国,2013000000,2013年,百万円
14690811,040,年間売上高,50430,70物品賃貸業,00000,全国,2013000000,2013年,百万円
1883062,040,年間売上高,50450,704自動車賃貸業,00000,全国,2013000000,2013年,百万円
12807749,040,年間売上高,50470,70a他の物品賃貸業,00000,全国,2013000000,2013年,百万円
25831998,040,年間売上高,50480,Ｌ学術研究，専門・技術サービス業(※「学術・開発研究機関」及び「純粋持株会社」を除く。),00000,全国,2013000000,2013年,百万円
6583219,040,年間売上高,50510,72専門サービス業（他に分類されないもの）（※「純粋持株会社」を除く。）,00000,全国,2013000000,2013年,百万円
1369980,040,年間売上高,50530,724公認会計士事務所，税理士事務所,00000,全国,2013000000,2013年,百万円
1221414,040,年間売上高,50550,72*法律事務所等,00000,全国,2013000000,2013年,百万円
807097,040,年間売上高,50570,721法律事務所，特許事務所,00000,全国,2013000000,2013年,百万円
314781,040,年間売上高,50590,722公証人役場，司法書士事務所，土地家屋調査士事務所,00000,全国,2013000000,2013年,百万円
30741,040,年間売上高,50610,723行政書士事務所,00000,全国,2013000000,2013年,百万円
68796,040,年間売上高,50630,725社会保険労務士事務所,00000,全国,2013000000,2013年,百万円
1878651,040,年間売上高,50650,728経営コンサルタント業，純粋持株会社(※「純粋持株会社」を除く。),00000,全国,2013000000,2013年,百万円
2113174,040,年間売上高,50670,72#デザイン業，著述･芸術家業，その他の専門サービス業,00000,全国,2013000000,2013年,百万円
590701,040,年間売上高,50680,726デザイン業,00000,全国,2013000000,2013年,百万円
61902,040,年間売上高,50690,7291興信所,00000,全国,2013000000,2013年,百万円
1460571,040,年間売上高,50700,72a他の専門サービス業,00000,全国,2013000000,2013年,百万円
8769125,040,年間売上高,50710,73広告業,00000,全国,2013000000,2013年,百万円
10479654,040,年間売上高,50720,74技術サービス業（他に分類されないもの）,00000,全国,2013000000,2013年,百万円
392654,040,年間売上高,50730,741獣医業,00000,全国,2013000000,2013年,百万円
3997310,040,年間売上高,50740,742土木建築サービス業,00000,全国,2013000000,2013年,百万円
3041564,040,年間売上高,50750,7421建築設計業,00000,全国,2013000000,2013年,百万円
551686,040,年間売上高,50760,7422測量業,00000,全国,2013000000,2013年,百万円
404060,040,年間売上高,50770,7429その他の土木建築サービス業,00000,全国,2013000000,2013年,百万円
1086874,040,年間売上高,50780,743機械設計業,00000,全国,2013000000,2013年,百万円
457349,040,年間売上高,50790,744商品・非破壊検査業,00000,全国,2013000000,2013年,百万円
385941,040,年間売上高,50800,745計量証明業,00000,全国,2013000000,2013年,百万円
311688,040,年間売上高,50810,746写真業,00000,全国,2013000000,2013年,百万円
3847837,040,年間売上高,50820,749その他の技術サービス業,00000,全国,2013000000,2013年,百万円
26603886,040,年間売上高,50830,Ｍ宿泊業，飲食サービス業,00000,全国,2013000000,2013年,百万円
5932315,040,年間売上高,50840,75宿泊業,00000,全国,2013000000,2013年,百万円
18233403,040,年間売上高,50850,76飲食店,00000,全国,2013000000,2013年,百万円
3009203,040,年間売上高,50860,761食堂，レストラン（専門料理店を除く）,00000,全国,2013000000,2013年,百万円
6112614,040,年間売上高,50870,762専門料理店,00000,全国,2013000000,2013年,百万円
1938205,040,年間売上高,50880,7621日本料理店,00000,全国,2013000000,2013年,百万円
1596139,040,年間売上高,50890,762a中華料理店，ラーメン店,00000,全国,2013000000,2013年,百万円
2578270,040,年間売上高,50900,762b他の専門料理店,00000,全国,2013000000,2013年,百万円
1826287,040,年間売上高,50910,76aそば・うどん店，すし店,00000,全国,2013000000,2013年,百万円
7285299,040,年間売上高,50920,76b他の飲食店,00000,全国,2013000000,2013年,百万円
2438169,040,年間売上高,50930,77持ち帰り・配達飲食サービス業,00000,全国,2013000000,2013年,百万円
50454984,040,年間売上高,50940,Ｎ生活関連サービス業，娯楽業(※「家事サービス業」を除く。),00000,全国,2013000000,2013年,百万円
5061977,040,年間売上高,50950,78洗濯・理容・美容・浴場業,00000,全国,2013000000,2013年,百万円
1838108,040,年間売上高,50960,781洗濯業,00000,全国,2013000000,2013年,百万円
499193,040,年間売上高,50970,782理容業,00000,全国,2013000000,2013年,百万円
1756035,040,年間売上高,50980,783美容業,00000,全国,2013000000,2013年,百万円
968641,040,年間売上高,50990,78a他の洗濯・理容・美容・浴場業,00000,全国,2013000000,2013年,百万円
8255357,040,年間売上高,51000,79その他の生活関連サービス業(※「家事サービス業」を除く。),00000,全国,2013000000,2013年,百万円
4627029,040,年間売上高,51010,791旅行業,00000,全国,2013000000,2013年,百万円
2552191,040,年間売上高,51020,796冠婚葬祭業,00000,全国,2013000000,2013年,百万円
1568166,040,年間売上高,51030,7961葬儀業,00000,全国,2013000000,2013年,百万円
984025,040,年間売上高,51040,796a他の冠婚葬祭業,00000,全国,2013000000,2013年,百万円
844407,040,年間売上高,51050,7962結婚式場業,00000,全国,2013000000,2013年,百万円
139618,040,年間売上高,51060,7963冠婚葬祭互助会,00000,全国,2013000000,2013年,百万円
1076137,040,年間売上高,51070,79a他の生活関連サービス業,00000,全国,2013000000,2013年,百万円
37137650,040,年間売上高,51080,80娯楽業,00000,全国,2013000000,2013年,百万円
210915,040,年間売上高,51090,801映画館,00000,全国,2013000000,2013年,百万円
1089854,040,年間売上高,51100,802興行場（別掲を除く），興行団,00000,全国,2013000000,2013年,百万円
4587803,040,年間売上高,51110,803競輪・競馬等の競走場，競技団,00000,全国,2013000000,2013年,百万円
2112230,040,年間売上高,51120,804スポーツ施設提供業,00000,全国,2013000000,2013年,百万円
1060799,040,年間売上高,51130,8043ゴルフ場,00000,全国,2013000000,2013年,百万円
196485,040,年間売上高,51140,8044ゴルフ練習場,00000,全国,2013000000,2013年,百万円
113872,040,年間売上高,51150,8045ボウリング場,00000,全国,2013000000,2013年,百万円
455758,040,年間売上高,51160,8048フィットネスクラブ,00000,全国,2013000000,2013年,百万円
285317,040,年間売上高,51170,804a他のスポーツ施設提供業,00000,全国,2013000000,2013年,百万円
456698,040,年間売上高,51180,805公園，遊園地,00000,全国,2013000000,2013年,百万円
27834163,040,年間売上高,51190,806遊戯場,00000,全国,2013000000,2013年,百万円
27015174,040,年間売上高,51200,8064パチンコホール,00000,全国,2013000000,2013年,百万円
818988,040,年間売上高,51210,806a他の遊戯場,00000,全国,2013000000,2013年,百万円
845987,040,年間売上高,51220,809その他の娯楽業,00000,全国,2013000000,2013年,百万円
3400045,040,年間売上高,51230,Ｏ教育，学習支援業(※「学校教育」を除く。),00000,全国,2013000000,2013年,百万円
3400045,040,年間売上高,51240,82その他の教育，学習支援業,00000,全国,2013000000,2013年,百万円
724911,040,年間売上高,51250,82a社会教育，職業・教育支援施設,00000,全国,2013000000,2013年,百万円
438121,040,年間売上高,51260,821社会教育,00000,全国,2013000000,2013年,百万円
286791,040,年間売上高,51270,822職業・教育支援施設,00000,全国,2013000000,2013年,百万円
2026985,040,年間売上高,51280,82b学習塾，教養・技能教授業,00000,全国,2013000000,2013年,百万円
1041265,040,年間売上高,51290,823学習塾,00000,全国,2013000000,2013年,百万円
985720,040,年間売上高,51300,824教養・技能教授業,00000,全国,2013000000,2013年,百万円
163771,040,年間売上高,51310,8245外国語会話教授業,00000,全国,2013000000,2013年,百万円
821949,040,年間売上高,51320,824a他の教養・技能教授業,00000,全国,2013000000,2013年,百万円
648149,040,年間売上高,51330,829他に分類されない教育，学習支援業,00000,全国,2013000000,2013年,百万円
44754020,040,年間売上高,51340,"Ｐ医療，福祉(＊「保健所」,「社会保険事業団体」及び「福祉事務所」を除く。)",00000,全国,2013000000,2013年,百万円
35378812,040,年間売上高,51350,83医療業,00000,全国,2013000000,2013年,百万円
21910075,040,年間売上高,51360,831病院,00000,全国,2013000000,2013年,百万円
8688304,040,年間売上高,51370,832一般診療所,00000,全国,2013000000,2013年,百万円
2892946,040,年間売上高,51380,833歯科診療所,00000,全国,2013000000,2013年,百万円
1887488,040,年間売上高,51390,83a他の医療業,00000,全国,2013000000,2013年,百万円
505946,040,年間売上高,51400,84保健衛生(＊「保健所」を除く。),00000,全国,2013000000,2013年,百万円
8869262,040,年間売上高,51410,85社会保険・社会福祉・介護事業(※「社会保険事業団体」及び「福祉事務所」を除く。),00000,全国,2013000000,2013年,百万円
6478729,040,年間売上高,51420,854老人福祉・介護事業,00000,全国,2013000000,2013年,百万円
1815219,040,年間売上高,51430,854a通所・短期入所介護事業，訪問介護事業,00000,全国,2013000000,2013年,百万円
4663510,040,年間売上高,51440,854b他の老人福祉・介護事業,00000,全国,2013000000,2013年,百万円
2390533,040,年間売上高,51450,85a他の社会保険・社会福祉・介護事業,00000,全国,2013000000,2013年,百万円
33446500,040,年間売上高,51460,Ｒサービス業（他に分類されないもの）(※「政治・経済・文化団体」，｢宗教」及び「外国公務」を除く。),00000,全国,2013000000,2013年,百万円
3765997,040,年間売上高,51470,88廃棄物処理業,00000,全国,2013000000,2013年,百万円
1694948,040,年間売上高,51480,881一般廃棄物処理業,00000,全国,2013000000,2013年,百万円
2071049,040,年間売上高,51490,88a他の廃棄物処理業,00000,全国,2013000000,2013年,百万円
2375897,040,年間売上高,51500,89自動車整備業,00000,全国,2013000000,2013年,百万円
4181936,040,年間売上高,51510,90機械等修理業（別掲を除く）,00000,全国,2013000000,2013年,百万円
2696358,040,年間売上高,51520,901機械修理業（電気機械器具を除く）,00000,全国,2013000000,2013年,百万円
1267395,040,年間売上高,51530,902電気機械器具修理業,00000,全国,2013000000,2013年,百万円
218182,040,年間売上高,51540,90aその他の修理業（表具業を含む）,00000,全国,2013000000,2013年,百万円
5408242,040,年間売上高,51550,91職業紹介・労働者派遣業,00000,全国,2013000000,2013年,百万円
735292,040,年間売上高,51560,911職業紹介業,00000,全国,2013000000,2013年,百万円
4672950,040,年間売上高,51570,912労働者派遣業,00000,全国,2013000000,2013年,百万円
17290368,040,年間売上高,51580,92その他の事業サービス業,00000,全国,2013000000,2013年,百万円
189821,040,年間売上高,51590,921速記・ワープロ入力・複写業,00000,全国,2013000000,2013年,百万円
5298134,040,年間売上高,51600,922建物サービス業,00000,全国,2013000000,2013年,百万円
2141218,040,年間売上高,51610,923警備業,00000,全国,2013000000,2013年,百万円
9661195,040,年間売上高,51620,929他に分類されない事業サービス業,00000,全国,2013000000,2013年,百万円
424061,040,年間売上高,51630,95その他のサービス業,00000,全国,2013000000,2013年,百万円
205912,040,年間売上高,51640,951集会場,00000,全国,2013000000,2013年,百万円
218149,040,年間売上高,51650,95aと畜場，他に分類されないサービス業,00000,全国,2013000000,2013年,百万円
8128214,040,年間売上高,51660,その他,00000,全国,2013000000,2013年,百万円
11209,046,１事業従事者当たり年間売上高,50000,合計,00000,全国,2013000000,2013年,千円
11025,046,１事業従事者当たり年間売上高,50010,サービス産業計（※「情報通信業」を除く。）,00000,全国,2013000000,2013年,千円
16977,046,１事業従事者当たり年間売上高,50030,Ｈ運輸業，郵便業,00000,全国,2013000000,2013年,千円
31030,046,１事業従事者当たり年間売上高,50060,42鉄道業,00000,全国,2013000000,2013年,千円
5521,046,１事業従事者当たり年間売上高,50080,43道路旅客運送業,00000,全国,2013000000,2013年,千円
4260,046,１事業従事者当たり年間売上高,50100,432一般乗用旅客自動車運送業,00000,全国,2013000000,2013年,千円
8379,046,１事業従事者当たり年間売上高,50120,43a他の道路旅客運送業,00000,全国,2013000000,2013年,千円
13047,046,１事業従事者当たり年間売上高,50140,44道路貨物運送業,00000,全国,2013000000,2013年,千円
109912,046,１事業従事者当たり年間売上高,50160,45水運業,00000,全国,2013000000,2013年,千円
17135,046,１事業従事者当たり年間売上高,50180,47倉庫業,00000,全国,2013000000,2013年,千円
29591,046,１事業従事者当たり年間売上高,50200,48運輸に附帯するサービス業,00000,全国,2013000000,2013年,千円
15401,046,１事業従事者当たり年間売上高,50220,4*航空運輸業，郵便業（信書便事業を含む）,00000,全国,2013000000,2013年,千円
28269,046,１事業従事者当たり年間売上高,50230,Ｋ不動産業，物品賃貸業,00000,全国,2013000000,2013年,千円
36816,046,１事業従事者当たり年間売上高,50260,68不動産取引業,00000,全国,2013000000,2013年,千円
79332,046,１事業従事者当たり年間売上高,50290,681建物売買業，土地売買業,00000,全国,2013000000,2013年,千円
15669,046,１事業従事者当たり年間売上高,50310,682不動産代理業・仲介業,00000,全国,2013000000,2013年,千円
19320,046,１事業従事者当たり年間売上高,50330,69不動産賃貸業・管理業,00000,全国,2013000000,2013年,千円
35527,046,１事業従事者当たり年間売上高,50350,691不動産賃貸業（貸家業，貸間業を除く）,00000,全国,2013000000,2013年,千円
13666,046,１事業従事者当たり年間売上高,50370,692貸家業，貸間業,00000,全国,2013000000,2013年,千円
7997,046,１事業従事者当たり年間売上高,50390,693駐車場業,00000,全国,2013000000,2013年,千円
16477,046,１事業従事者当たり年間売上高,50410,694不動産管理業,00000,全国,2013000000,2013年,千円
43343,046,１事業従事者当たり年間売上高,50430,70物品賃貸業,00000,全国,2013000000,2013年,千円
42914,046,１事業従事者当たり年間売上高,50450,704自動車賃貸業,00000,全国,2013000000,2013年,千円
43407,046,１事業従事者当たり年間売上高,50470,70a他の物品賃貸業,00000,全国,2013000000,2013年,千円
15833,046,１事業従事者当たり年間売上高,50480,Ｌ学術研究，専門・技術サービス業(※「学術・開発研究機関」及び「純粋持株会社」を除く。),00000,全国,2013000000,2013年,千円
10527,046,１事業従事者当たり年間売上高,50510,72専門サービス業（他に分類されないもの）（※「純粋持株会社」を除く。）,00000,全国,2013000000,2013年,千円
8072,046,１事業従事者当たり年間売上高,50530,724公認会計士事務所，税理士事務所,00000,全国,2013000000,2013年,千円
8238,046,１事業従事者当たり年間売上高,50550,72*法律事務所等,00000,全国,2013000000,2013年,千円
11381,046,１事業従事者当たり年間売上高,50570,721法律事務所，特許事務所,00000,全国,2013000000,2013年,千円
5989,046,１事業従事者当たり年間売上高,50590,722公証人役場，司法書士事務所，土地家屋調査士事務所,00000,全国,2013000000,2013年,千円
2822,046,１事業従事者当たり年間売上高,50610,723行政書士事務所,00000,全国,2013000000,2013年,千円
4954,046,１事業従事者当たり年間売上高,50630,725社会保険労務士事務所,00000,全国,2013000000,2013年,千円
17717,046,１事業従事者当たり年間売上高,50650,728経営コンサルタント業，純粋持株会社(※「純粋持株会社」を除く。),00000,全国,2013000000,2013年,千円
10497,046,１事業従事者当たり年間売上高,50670,72#デザイン業，著述･芸術家業，その他の専門サービス業,00000,全国,2013000000,2013年,千円
11292,046,１事業従事者当たり年間売上高,50680,726デザイン業,00000,全国,2013000000,2013年,千円
9695,046,１事業従事者当たり年間売上高,50690,7291興信所,00000,全国,2013000000,2013年,千円
10241,046,１事業従事者当たり年間売上高,50700,72a他の専門サービス業,00000,全国,2013000000,2013年,千円
57904,046,１事業従事者当たり年間売上高,50710,73広告業,00000,全国,2013000000,2013年,千円
12261,046,１事業従事者当たり年間売上高,50720,74技術サービス業（他に分類されないもの）,00000,全国,2013000000,2013年,千円
8364,046,１事業従事者当たり年間売上高,50730,741獣医業,00000,全国,2013000000,2013年,千円
8997,046,１事業従事者当たり年間売上高,50740,742土木建築サービス業,00000,全国,2013000000,2013年,千円
9095,046,１事業従事者当たり年間売上高,50750,7421建築設計業,00000,全国,2013000000,2013年,千円
7291,046,１事業従事者当たり年間売上高,50760,7422測量業,00000,全国,2013000000,2013年,千円
11814,046,１事業従事者当たり年間売上高,50770,7429その他の土木建築サービス業,00000,全国,2013000000,2013年,千円
11218,046,１事業従事者当たり年間売上高,50780,743機械設計業,00000,全国,2013000000,2013年,千円
9250,046,１事業従事者当たり年間売上高,50790,744商品・非破壊検査業,00000,全国,2013000000,2013年,千円
11881,046,１事業従事者当たり年間売上高,50800,745計量証明業,00000,全国,2013000000,2013年,千円
5869,046,１事業従事者当たり年間売上高,50810,746写真業,00000,全国,2013000000,2013年,千円
29247,046,１事業従事者当たり年間売上高,50820,749その他の技術サービス業,00000,全国,2013000000,2013年,千円
4771,046,１事業従事者当たり年間売上高,50830,Ｍ宿泊業，飲食サービス業,00000,全国,2013000000,2013年,千円
8056,046,１事業従事者当たり年間売上高,50840,75宿泊業,00000,全国,2013000000,2013年,千円
4227,046,１事業従事者当たり年間売上高,50850,76飲食店,00000,全国,2013000000,2013年,千円
4659,046,１事業従事者当たり年間売上高,50860,761食堂，レストラン（専門料理店を除く）,00000,全国,2013000000,2013年,千円
4463,046,１事業従事者当たり年間売上高,50870,762専門料理店,00000,全国,2013000000,2013年,千円
4331,046,１事業従事者当たり年間売上高,50880,7621日本料理店,00000,全国,2013000000,2013年,千円
4436,046,１事業従事者当たり年間売上高,50890,762a中華料理店，ラーメン店,00000,全国,2013000000,2013年,千円
4584,046,１事業従事者当たり年間売上高,50900,762b他の専門料理店,00000,全国,2013000000,2013年,千円
4460,046,１事業従事者当たり年間売上高,50910,76aそば・うどん店，すし店,00000,全国,2013000000,2013年,千円
3857,046,１事業従事者当たり年間売上高,50920,76b他の飲食店,00000,全国,2013000000,2013年,千円
4640,046,１事業従事者当たり年間売上高,50930,77持ち帰り・配達飲食サービス業,00000,全国,2013000000,2013年,千円
18353,046,１事業従事者当たり年間売上高,50940,Ｎ生活関連サービス業，娯楽業(※「家事サービス業」を除く。),00000,全国,2013000000,2013年,千円
4033,046,１事業従事者当たり年間売上高,50950,78洗濯・理容・美容・浴場業,00000,全国,2013000000,2013年,千円
4763,046,１事業従事者当たり年間売上高,50960,781洗濯業,00000,全国,2013000000,2013年,千円
2232,046,１事業従事者当たり年間売上高,50970,782理容業,00000,全国,2013000000,2013年,千円
3805,046,１事業従事者当たり年間売上高,50980,783美容業,00000,全国,2013000000,2013年,千円
5284,046,１事業従事者当たり年間売上高,50990,78a他の洗濯・理容・美容・浴場業,00000,全国,2013000000,2013年,千円
16733,046,１事業従事者当たり年間売上高,51000,79その他の生活関連サービス業(※「家事サービス業」を除く。),00000,全国,2013000000,2013年,千円
43026,046,１事業従事者当たり年間売上高,51010,791旅行業,00000,全国,2013000000,2013年,千円
13535,046,１事業従事者当たり年間売上高,51020,796冠婚葬祭業,00000,全国,2013000000,2013年,千円
15581,046,１事業従事者当たり年間売上高,51030,7961葬儀業,00000,全国,2013000000,2013年,千円
11209,046,１事業従事者当たり年間売上高,51040,796a他の冠婚葬祭業,00000,全国,2013000000,2013年,千円
11586,046,１事業従事者当たり年間売上高,51050,7962結婚式場業,00000,全国,2013000000,2013年,千円
9365,046,１事業従事者当たり年間売上高,51060,7963冠婚葬祭互助会,00000,全国,2013000000,2013年,千円
5452,046,１事業従事者当たり年間売上高,51070,79a他の生活関連サービス業,00000,全国,2013000000,2013年,千円
37013,046,１事業従事者当たり年間売上高,51080,80娯楽業,00000,全国,2013000000,2013年,千円
13194,046,１事業従事者当たり年間売上高,51090,801映画館,00000,全国,2013000000,2013年,千円
25708,046,１事業従事者当たり年間売上高,51100,802興行場（別掲を除く），興行団,00000,全国,2013000000,2013年,千円
121471,046,１事業従事者当たり年間売上高,51110,803競輪・競馬等の競走場，競技団,00000,全国,2013000000,2013年,千円
6204,046,１事業従事者当たり年間売上高,51120,804スポーツ施設提供業,00000,全国,2013000000,2013年,千円
7042,046,１事業従事者当たり年間売上高,51130,8043ゴルフ場,00000,全国,2013000000,2013年,千円
5840,046,１事業従事者当たり年間売上高,51140,8044ゴルフ練習場,00000,全国,2013000000,2013年,千円
7406,046,１事業従事者当たり年間売上高,51150,8045ボウリング場,00000,全国,2013000000,2013年,千円
5723,046,１事業従事者当たり年間売上高,51160,8048フィットネスクラブ,00000,全国,2013000000,2013年,千円
4663,046,１事業従事者当たり年間売上高,51170,804a他のスポーツ施設提供業,00000,全国,2013000000,2013年,千円
7939,046,１事業従事者当たり年間売上高,51180,805公園，遊園地,00000,全国,2013000000,2013年,千円
70699,046,１事業従事者当たり年間売上高,51190,806遊戯場,00000,全国,2013000000,2013年,千円
87993,046,１事業従事者当たり年間売上高,51200,8064パチンコホール,00000,全国,2013000000,2013年,千円
9460,046,１事業従事者当たり年間売上高,51210,806a他の遊戯場,00000,全国,2013000000,2013年,千円
7321,046,１事業従事者当たり年間売上高,51220,809その他の娯楽業,00000,全国,2013000000,2013年,千円
3560,046,１事業従事者当たり年間売上高,51230,Ｏ教育，学習支援業(※「学校教育」を除く。),00000,全国,2013000000,2013年,千円
3560,046,１事業従事者当たり年間売上高,51240,82その他の教育，学習支援業,00000,全国,2013000000,2013年,千円
3154,046,１事業従事者当たり年間売上高,51250,82a社会教育，職業・教育支援施設,00000,全国,2013000000,2013年,千円
3059,046,１事業従事者当たり年間売上高,51260,821社会教育,00000,全国,2013000000,2013年,千円
3309,046,１事業従事者当たり年間売上高,51270,822職業・教育支援施設,00000,全国,2013000000,2013年,千円
3155,046,１事業従事者当たり年間売上高,51280,82b学習塾，教養・技能教授業,00000,全国,2013000000,2013年,千円
2984,046,１事業従事者当たり年間売上高,51290,823学習塾,00000,全国,2013000000,2013年,千円
3357,046,１事業従事者当たり年間売上高,51300,824教養・技能教授業,00000,全国,2013000000,2013年,千円
3930,046,１事業従事者当たり年間売上高,51310,8245外国語会話教授業,00000,全国,2013000000,2013年,千円
3262,046,１事業従事者当たり年間売上高,51320,824a他の教養・技能教授業,00000,全国,2013000000,2013年,千円
7853,046,１事業従事者当たり年間売上高,51330,829他に分類されない教育，学習支援業,00000,全国,2013000000,2013年,千円
6767,046,１事業従事者当たり年間売上高,51340,"Ｐ医療，福祉(＊「保健所」,「社会保険事業団体」及び「福祉事務所」を除く。)",00000,全国,2013000000,2013年,千円
9314,046,１事業従事者当たり年間売上高,51350,83医療業,00000,全国,2013000000,2013年,千円
10289,046,１事業従事者当たり年間売上高,51360,831病院,00000,全国,2013000000,2013年,千円
9837,046,１事業従事者当たり年間売上高,51370,832一般診療所,00000,全国,2013000000,2013年,千円
6767,046,１事業従事者当たり年間売上高,51380,833歯科診療所,00000,全国,2013000000,2013年,千円
5265,046,１事業従事者当たり年間売上高,51390,83a他の医療業,00000,全国,2013000000,2013年,千円
4799,046,１事業従事者当たり年間売上高,51400,84保健衛生(＊「保健所」を除く。),00000,全国,2013000000,2013年,千円
3273,046,１事業従事者当たり年間売上高,51410,85社会保険・社会福祉・介護事業(※「社会保険事業団体」及び「福祉事務所」を除く。),00000,全国,2013000000,2013年,千円
4043,046,１事業従事者当たり年間売上高,51420,854老人福祉・介護事業,00000,全国,2013000000,2013年,千円
2822,046,１事業従事者当たり年間売上高,51430,854a通所・短期入所介護事業，訪問介護事業,00000,全国,2013000000,2013年,千円
4860,046,１事業従事者当たり年間売上高,51440,854b他の老人福祉・介護事業,00000,全国,2013000000,2013年,千円
2159,046,１事業従事者当たり年間売上高,51450,85a他の社会保険・社会福祉・介護事業,00000,全国,2013000000,2013年,千円
9150,046,１事業従事者当たり年間売上高,51460,Ｒサービス業（他に分類されないもの）(※「政治・経済・文化団体」，｢宗教」及び「外国公務」を除く。),00000,全国,2013000000,2013年,千円
10684,046,１事業従事者当たり年間売上高,51470,88廃棄物処理業,00000,全国,2013000000,2013年,千円
7354,046,１事業従事者当たり年間売上高,51480,881一般廃棄物処理業,00000,全国,2013000000,2013年,千円
16970,046,１事業従事者当たり年間売上高,51490,88a他の廃棄物処理業,00000,全国,2013000000,2013年,千円
9475,046,１事業従事者当たり年間売上高,51500,89自動車整備業,00000,全国,2013000000,2013年,千円
15752,046,１事業従事者当たり年間売上高,51510,90機械等修理業（別掲を除く）,00000,全国,2013000000,2013年,千円
17424,046,１事業従事者当たり年間売上高,51520,901機械修理業（電気機械器具を除く）,00000,全国,2013000000,2013年,千円
16149,046,１事業従事者当たり年間売上高,51530,902電気機械器具修理業,00000,全国,2013000000,2013年,千円
6763,046,１事業従事者当たり年間売上高,51540,90aその他の修理業（表具業を含む）,00000,全国,2013000000,2013年,千円
15264,046,１事業従事者当たり年間売上高,51550,91職業紹介・労働者派遣業,00000,全国,2013000000,2013年,千円
13884,046,１事業従事者当たり年間売上高,51560,911職業紹介業,00000,全国,2013000000,2013年,千円
15506,046,１事業従事者当たり年間売上高,51570,912労働者派遣業,00000,全国,2013000000,2013年,千円
7273,046,１事業従事者当たり年間売上高,51580,92その他の事業サービス業,00000,全国,2013000000,2013年,千円
8793,046,１事業従事者当たり年間売上高,51590,921速記・ワープロ入力・複写業,00000,全国,2013000000,2013年,千円
5263,046,１事業従事者当たり年間売上高,51600,922建物サービス業,00000,全国,2013000000,2013年,千円
5127,046,１事業従事者当たり年間売上高,51610,923警備業,00000,全国,2013000000,2013年,千円
10376,046,１事業従事者当たり年間売上高,51620,929他に分類されない事業サービス業,00000,全国,2013000000,2013年,千円
7680,046,１事業従事者当たり年間売上高,51630,95その他のサービス業,00000,全国,2013000000,2013年,千円
5325,046,１事業従事者当たり年間売上高,51640,951集会場,00000,全国,2013000000,2013年,千円
13169,046,１事業従事者当たり年間売上高,51650,95aと畜場，他に分類されないサービス業,00000,全国,2013000000,2013年,千円
27911,046,１事業従事者当たり年間売上高,51660,その他,00000,全国,2013000000,2013年,千円
26677500,002,事業従事者数,50000,合計,00000,全国,2013000000,2013年,人
26387300,002,事業従事者数,50010,サービス産業計（※「情報通信業」を除く。）,00000,全国,2013000000,2013年,人
3619200,002,事業従事者数,50030,Ｈ運輸業，郵便業,00000,全国,2013000000,2013年,人
227900,002,事業従事者数,50060,42鉄道業,00000,全国,2013000000,2013年,人
594900,002,事業従事者数,50080,43道路旅客運送業,00000,全国,2013000000,2013年,人
412800,002,事業従事者数,50100,432一般乗用旅客自動車運送業,00000,全国,2013000000,2013年,人
182000,002,事業従事者数,50120,43a他の道路旅客運送業,00000,全国,2013000000,2013年,人
1751400,002,事業従事者数,50140,44道路貨物運送業,00000,全国,2013000000,2013年,人
58000,002,事業従事者数,50160,45水運業,00000,全国,2013000000,2013年,人
247300,002,事業従事者数,50180,47倉庫業,00000,全国,2013000000,2013年,人
439100,002,事業従事者数,50200,48運輸に附帯するサービス業,00000,全国,2013000000,2013年,人
300600,002,事業従事者数,50220,4*航空運輸業，郵便業（信書便事業を含む）,00000,全国,2013000000,2013年,人
1595100,002,事業従事者数,50230,Ｋ不動産業，物品賃貸業,00000,全国,2013000000,2013年,人
350800,002,事業従事者数,50260,68不動産取引業,00000,全国,2013000000,2013年,人
116500,002,事業従事者数,50290,681建物売買業，土地売買業,00000,全国,2013000000,2013年,人
234300,002,事業従事者数,50310,682不動産代理業・仲介業,00000,全国,2013000000,2013年,人
905600,002,事業従事者数,50330,69不動産賃貸業・管理業,00000,全国,2013000000,2013年,人
226400,002,事業従事者数,50350,691不動産賃貸業（貸家業，貸間業を除く）,00000,全国,2013000000,2013年,人
347200,002,事業従事者数,50370,692貸家業，貸間業,00000,全国,2013000000,2013年,人
90000,002,事業従事者数,50390,693駐車場業,00000,全国,2013000000,2013年,人
241900,002,事業従事者数,50410,694不動産管理業,00000,全国,2013000000,2013年,人
338700,002,事業従事者数,50430,70物品賃貸業,00000,全国,2013000000,2013年,人
43900,002,事業従事者数,50450,704自動車賃貸業,00000,全国,2013000000,2013年,人
294800,002,事業従事者数,50470,70a他の物品賃貸業,00000,全国,2013000000,2013年,人
1631400,002,事業従事者数,50480,Ｌ学術研究，専門・技術サービス業(※「学術・開発研究機関」及び「純粋持株会社」を除く。),00000,全国,2013000000,2013年,人
625300,002,事業従事者数,50510,72専門サービス業（他に分類されないもの）（※「純粋持株会社」を除く。）,00000,全国,2013000000,2013年,人
169700,002,事業従事者数,50530,724公認会計士事務所，税理士事務所,00000,全国,2013000000,2013年,人
148300,002,事業従事者数,50550,72*法律事務所等,00000,全国,2013000000,2013年,人
70900,002,事業従事者数,50570,721法律事務所，特許事務所,00000,全国,2013000000,2013年,人
52600,002,事業従事者数,50590,722公証人役場，司法書士事務所，土地家屋調査士事務所,00000,全国,2013000000,2013年,人
10900,002,事業従事者数,50610,723行政書士事務所,00000,全国,2013000000,2013年,人
13900,002,事業従事者数,50630,725社会保険労務士事務所,00000,全国,2013000000,2013年,人
106000,002,事業従事者数,50650,728経営コンサルタント業，純粋持株会社(※「純粋持株会社」を除く。),00000,全国,2013000000,2013年,人
201300,002,事業従事者数,50670,72#デザイン業，著述･芸術家業，その他の専門サービス業,00000,全国,2013000000,2013年,人
52300,002,事業従事者数,50680,726デザイン業,00000,全国,2013000000,2013年,人
6400,002,事業従事者数,50690,7291興信所,00000,全国,2013000000,2013年,人
142600,002,事業従事者数,50700,72a他の専門サービス業,00000,全国,2013000000,2013年,人
151400,002,事業従事者数,50710,73広告業,00000,全国,2013000000,2013年,人
854700,002,事業従事者数,50720,74技術サービス業（他に分類されないもの）,00000,全国,2013000000,2013年,人
46900,002,事業従事者数,50730,741獣医業,00000,全国,2013000000,2013年,人
444300,002,事業従事者数,50740,742土木建築サービス業,00000,全国,2013000000,2013年,人
334400,002,事業従事者数,50750,7421建築設計業,00000,全国,2013000000,2013年,人
75700,002,事業従事者数,50760,7422測量業,00000,全国,2013000000,2013年,人
34200,002,事業従事者数,50770,7429その他の土木建築サービス業,00000,全国,2013000000,2013年,人
96900,002,事業従事者数,50780,743機械設計業,00000,全国,2013000000,2013年,人
49400,002,事業従事者数,50790,744商品・非破壊検査業,00000,全国,2013000000,2013年,人
32500,002,事業従事者数,50800,745計量証明業,00000,全国,2013000000,2013年,人
53100,002,事業従事者数,50810,746写真業,00000,全国,2013000000,2013年,人
131600,002,事業従事者数,50820,749その他の技術サービス業,00000,全国,2013000000,2013年,人
5575200,002,事業従事者数,50830,Ｍ宿泊業，飲食サービス業,00000,全国,2013000000,2013年,人
736300,002,事業従事者数,50840,75宿泊業,00000,全国,2013000000,2013年,人
4313600,002,事業従事者数,50850,76飲食店,00000,全国,2013000000,2013年,人
645600,002,事業従事者数,50860,761食堂，レストラン（専門料理店を除く）,00000,全国,2013000000,2013年,人
1369700,002,事業従事者数,50870,762専門料理店,00000,全国,2013000000,2013年,人
447500,002,事業従事者数,50880,7621日本料理店,00000,全国,2013000000,2013年,人
359800,002,事業従事者数,50890,762a中華料理店，ラーメン店,00000,全国,2013000000,2013年,人
562400,002,事業従事者数,50900,762b他の専門料理店,00000,全国,2013000000,2013年,人
409500,002,事業従事者数,50910,76aそば・うどん店，すし店,00000,全国,2013000000,2013年,人
1888800,002,事業従事者数,50920,76b他の飲食店,00000,全国,2013000000,2013年,人
525400,002,事業従事者数,50930,77持ち帰り・配達飲食サービス業,00000,全国,2013000000,2013年,人
2744300,002,事業従事者数,50940,Ｎ生活関連サービス業，娯楽業(※「家事サービス業」を除く。),00000,全国,2013000000,2013年,人
1249900,002,事業従事者数,50950,78洗濯・理容・美容・浴場業,00000,全国,2013000000,2013年,人
385900,002,事業従事者数,50960,781洗濯業,00000,全国,2013000000,2013年,人
223600,002,事業従事者数,50970,782理容業,00000,全国,2013000000,2013年,人
459600,002,事業従事者数,50980,783美容業,00000,全国,2013000000,2013年,人
180800,002,事業従事者数,50990,78a他の洗濯・理容・美容・浴場業,00000,全国,2013000000,2013年,人
492400,002,事業従事者数,51000,79その他の生活関連サービス業(※「家事サービス業」を除く。),00000,全国,2013000000,2013年,人
107500,002,事業従事者数,51010,791旅行業,00000,全国,2013000000,2013年,人
187500,002,事業従事者数,51020,796冠婚葬祭業,00000,全国,2013000000,2013年,人
99800,002,事業従事者数,51030,7961葬儀業,00000,全国,2013000000,2013年,人
87800,002,事業従事者数,51040,796a他の冠婚葬祭業,00000,全国,2013000000,2013年,人
72900,002,事業従事者数,51050,7962結婚式場業,00000,全国,2013000000,2013年,人
14900,002,事業従事者数,51060,7963冠婚葬祭互助会,00000,全国,2013000000,2013年,人
197300,002,事業従事者数,51070,79a他の生活関連サービス業,00000,全国,2013000000,2013年,人
1002000,002,事業従事者数,51080,80娯楽業,00000,全国,2013000000,2013年,人
16000,002,事業従事者数,51090,801映画館,00000,全国,2013000000,2013年,人
42400,002,事業従事者数,51100,802興行場（別掲を除く），興行団,00000,全国,2013000000,2013年,人
37800,002,事業従事者数,51110,803競輪・競馬等の競走場，競技団,00000,全国,2013000000,2013年,人
340400,002,事業従事者数,51120,804スポーツ施設提供業,00000,全国,2013000000,2013年,人
150600,002,事業従事者数,51130,8043ゴルフ場,00000,全国,2013000000,2013年,人
33600,002,事業従事者数,51140,8044ゴルフ練習場,00000,全国,2013000000,2013年,人
15400,002,事業従事者数,51150,8045ボウリング場,00000,全国,2013000000,2013年,人
79600,002,事業従事者数,51160,8048フィットネスクラブ,00000,全国,2013000000,2013年,人
61200,002,事業従事者数,51170,804a他のスポーツ施設提供業,00000,全国,2013000000,2013年,人
57500,002,事業従事者数,51180,805公園，遊園地,00000,全国,2013000000,2013年,人
393100,002,事業従事者数,51190,806遊戯場,00000,全国,2013000000,2013年,人
306500,002,事業従事者数,51200,8064パチンコホール,00000,全国,2013000000,2013年,人
86600,002,事業従事者数,51210,806a他の遊戯場,00000,全国,2013000000,2013年,人
114900,002,事業従事者数,51220,809その他の娯楽業,00000,全国,2013000000,2013年,人
954700,002,事業従事者数,51230,Ｏ教育，学習支援業(※「学校教育」を除く。),00000,全国,2013000000,2013年,人
954700,002,事業従事者数,51240,82その他の教育，学習支援業,00000,全国,2013000000,2013年,人
229900,002,事業従事者数,51250,82a社会教育，職業・教育支援施設,00000,全国,2013000000,2013年,人
143200,002,事業従事者数,51260,821社会教育,00000,全国,2013000000,2013年,人
86700,002,事業従事者数,51270,822職業・教育支援施設,00000,全国,2013000000,2013年,人
642300,002,事業従事者数,51280,82b学習塾，教養・技能教授業,00000,全国,2013000000,2013年,人
348900,002,事業従事者数,51290,823学習塾,00000,全国,2013000000,2013年,人
293500,002,事業従事者数,51300,824教養・技能教授業,00000,全国,2013000000,2013年,人
41700,002,事業従事者数,51310,8245外国語会話教授業,00000,全国,2013000000,2013年,人
251800,002,事業従事者数,51320,824a他の教養・技能教授業,00000,全国,2013000000,2013年,人
82500,002,事業従事者数,51330,829他に分類されない教育，学習支援業,00000,全国,2013000000,2013年,人
6612600,002,事業従事者数,51340,"Ｐ医療，福祉(＊「保健所」,「社会保険事業団体」及び「福祉事務所」を除く。)",00000,全国,2013000000,2013年,人
3798400,002,事業従事者数,51350,83医療業,00000,全国,2013000000,2013年,人
2129500,002,事業従事者数,51360,831病院,00000,全国,2013000000,2013年,人
883100,002,事業従事者数,51370,832一般診療所,00000,全国,2013000000,2013年,人
427500,002,事業従事者数,51380,833歯科診療所,00000,全国,2013000000,2013年,人
358300,002,事業従事者数,51390,83a他の医療業,00000,全国,2013000000,2013年,人
105400,002,事業従事者数,51400,84保健衛生(＊「保健所」を除く。),00000,全国,2013000000,2013年,人
2708800,002,事業従事者数,51410,85社会保険・社会福祉・介護事業(※「社会保険事業団体」及び「福祉事務所」を除く。),00000,全国,2013000000,2013年,人
1601600,002,事業従事者数,51420,854老人福祉・介護事業,00000,全国,2013000000,2013年,人
641900,002,事業従事者数,51430,854a通所・短期入所介護事業，訪問介護事業,00000,全国,2013000000,2013年,人
959600,002,事業従事者数,51440,854b他の老人福祉・介護事業,00000,全国,2013000000,2013年,人
1107200,002,事業従事者数,51450,85a他の社会保険・社会福祉・介護事業,00000,全国,2013000000,2013年,人
3654700,002,事業従事者数,51460,Ｒサービス業（他に分類されないもの）(※「政治・経済・文化団体」，｢宗教」及び「外国公務」を除く。),00000,全国,2013000000,2013年,人
352400,002,事業従事者数,51470,88廃棄物処理業,00000,全国,2013000000,2013年,人
230300,002,事業従事者数,51480,881一般廃棄物処理業,00000,全国,2013000000,2013年,人
122000,002,事業従事者数,51490,88a他の廃棄物処理業,00000,全国,2013000000,2013年,人
250700,002,事業従事者数,51500,89自動車整備業,00000,全国,2013000000,2013年,人
265500,002,事業従事者数,51510,90機械等修理業（別掲を除く）,00000,全国,2013000000,2013年,人
154800,002,事業従事者数,51520,901機械修理業（電気機械器具を除く）,00000,全国,2013000000,2013年,人
78500,002,事業従事者数,51530,902電気機械器具修理業,00000,全国,2013000000,2013年,人
32300,002,事業従事者数,51540,90aその他の修理業（表具業を含む）,00000,全国,2013000000,2013年,人
354200,002,事業従事者数,51550,91職業紹介・労働者派遣業,00000,全国,2013000000,2013年,人
53000,002,事業従事者数,51560,911職業紹介業,00000,全国,2013000000,2013年,人
301200,002,事業従事者数,51570,912労働者派遣業,00000,全国,2013000000,2013年,人
2376700,002,事業従事者数,51580,92その他の事業サービス業,00000,全国,2013000000,2013年,人
21600,002,事業従事者数,51590,921速記・ワープロ入力・複写業,00000,全国,2013000000,2013年,人
1006700,002,事業従事者数,51600,922建物サービス業,00000,全国,2013000000,2013年,人
417700,002,事業従事者数,51610,923警備業,00000,全国,2013000000,2013年,人
930800,002,事業従事者数,51620,929他に分類されない事業サービス業,00000,全国,2013000000,2013年,人
55200,002,事業従事者数,51630,95その他のサービス業,00000,全国,2013000000,2013年,人
38600,002,事業従事者数,51640,951集会場,00000,全国,2013000000,2013年,人
16600,002,事業従事者数,51650,95aと畜場，他に分類されないサービス業,00000,全国,2013000000,2013年,人
290200,002,事業従事者数,51660,その他,00000,全国,2013000000,2013年,人
21524200,006,常用雇用者（事業従事者数）,50000,合計,00000,全国,2013000000,2013年,人
21273000,006,常用雇用者（事業従事者数）,50010,サービス産業計（※「情報通信業」を除く。）,00000,全国,2013000000,2013年,人
3241400,006,常用雇用者（事業従事者数）,50030,Ｈ運輸業，郵便業,00000,全国,2013000000,2013年,人
220800,006,常用雇用者（事業従事者数）,50060,42鉄道業,00000,全国,2013000000,2013年,人
543800,006,常用雇用者（事業従事者数）,50080,43道路旅客運送業,00000,全国,2013000000,2013年,人
377500,006,常用雇用者（事業従事者数）,50100,432一般乗用旅客自動車運送業,00000,全国,2013000000,2013年,人
166400,006,常用雇用者（事業従事者数）,50120,43a他の道路旅客運送業,00000,全国,2013000000,2013年,人
1555800,006,常用雇用者（事業従事者数）,50140,44道路貨物運送業,00000,全国,2013000000,2013年,人
46800,006,常用雇用者（事業従事者数）,50160,45水運業,00000,全国,2013000000,2013年,人
209000,006,常用雇用者（事業従事者数）,50180,47倉庫業,00000,全国,2013000000,2013年,人
371700,006,常用雇用者（事業従事者数）,50200,48運輸に附帯するサービス業,00000,全国,2013000000,2013年,人
293500,006,常用雇用者（事業従事者数）,50220,4*航空運輸業，郵便業（信書便事業を含む）,00000,全国,2013000000,2013年,人
938500,006,常用雇用者（事業従事者数）,50230,Ｋ不動産業，物品賃貸業,00000,全国,2013000000,2013年,人
235200,006,常用雇用者（事業従事者数）,50260,68不動産取引業,00000,全国,2013000000,2013年,人
82900,006,常用雇用者（事業従事者数）,50290,681建物売買業，土地売買業,00000,全国,2013000000,2013年,人
152300,006,常用雇用者（事業従事者数）,50310,682不動産代理業・仲介業,00000,全国,2013000000,2013年,人
415300,006,常用雇用者（事業従事者数）,50330,69不動産賃貸業・管理業,00000,全国,2013000000,2013年,人
108300,006,常用雇用者（事業従事者数）,50350,691不動産賃貸業（貸家業，貸間業を除く）,00000,全国,2013000000,2013年,人
97300,006,常用雇用者（事業従事者数）,50370,692貸家業，貸間業,00000,全国,2013000000,2013年,人
38000,006,常用雇用者（事業従事者数）,50390,693駐車場業,00000,全国,2013000000,2013年,人
171700,006,常用雇用者（事業従事者数）,50410,694不動産管理業,00000,全国,2013000000,2013年,人
288100,006,常用雇用者（事業従事者数）,50430,70物品賃貸業,00000,全国,2013000000,2013年,人
37800,006,常用雇用者（事業従事者数）,50450,704自動車賃貸業,00000,全国,2013000000,2013年,人
250300,006,常用雇用者（事業従事者数）,50470,70a他の物品賃貸業,00000,全国,2013000000,2013年,人
1209300,006,常用雇用者（事業従事者数）,50480,Ｌ学術研究，専門・技術サービス業(※「学術・開発研究機関」及び「純粋持株会社」を除く。),00000,全国,2013000000,2013年,人
438400,006,常用雇用者（事業従事者数）,50510,72専門サービス業（他に分類されないもの）（※「純粋持株会社」を除く。）,00000,全国,2013000000,2013年,人
127000,006,常用雇用者（事業従事者数）,50530,724公認会計士事務所，税理士事務所,00000,全国,2013000000,2013年,人
95700,006,常用雇用者（事業従事者数）,50550,72*法律事務所等,00000,全国,2013000000,2013年,人
54100,006,常用雇用者（事業従事者数）,50570,721法律事務所，特許事務所,00000,全国,2013000000,2013年,人
29000,006,常用雇用者（事業従事者数）,50590,722公証人役場，司法書士事務所，土地家屋調査士事務所,00000,全国,2013000000,2013年,人
4700,006,常用雇用者（事業従事者数）,50610,723行政書士事務所,00000,全国,2013000000,2013年,人
7900,006,常用雇用者（事業従事者数）,50630,725社会保険労務士事務所,00000,全国,2013000000,2013年,人
77400,006,常用雇用者（事業従事者数）,50650,728経営コンサルタント業，純粋持株会社(※「純粋持株会社」を除く。),00000,全国,2013000000,2013年,人
138200,006,常用雇用者（事業従事者数）,50670,72#デザイン業，著述･芸術家業，その他の専門サービス業,00000,全国,2013000000,2013年,人
33700,006,常用雇用者（事業従事者数）,50680,726デザイン業,00000,全国,2013000000,2013年,人
5000,006,常用雇用者（事業従事者数）,50690,7291興信所,00000,全国,2013000000,2013年,人
99500,006,常用雇用者（事業従事者数）,50700,72a他の専門サービス業,00000,全国,2013000000,2013年,人
123700,006,常用雇用者（事業従事者数）,50710,73広告業,00000,全国,2013000000,2013年,人
647300,006,常用雇用者（事業従事者数）,50720,74技術サービス業（他に分類されないもの）,00000,全国,2013000000,2013年,人
31600,006,常用雇用者（事業従事者数）,50730,741獣医業,00000,全国,2013000000,2013年,人
332600,006,常用雇用者（事業従事者数）,50740,742土木建築サービス業,00000,全国,2013000000,2013年,人
250000,006,常用雇用者（事業従事者数）,50750,7421建築設計業,00000,全国,2013000000,2013年,人
55800,006,常用雇用者（事業従事者数）,50760,7422測量業,00000,全国,2013000000,2013年,人
26900,006,常用雇用者（事業従事者数）,50770,7429その他の土木建築サービス業,00000,全国,2013000000,2013年,人
75300,006,常用雇用者（事業従事者数）,50780,743機械設計業,00000,全国,2013000000,2013年,人
42500,006,常用雇用者（事業従事者数）,50790,744商品・非破壊検査業,00000,全国,2013000000,2013年,人
27600,006,常用雇用者（事業従事者数）,50800,745計量証明業,00000,全国,2013000000,2013年,人
31100,006,常用雇用者（事業従事者数）,50810,746写真業,00000,全国,2013000000,2013年,人
106500,006,常用雇用者（事業従事者数）,50820,749その他の技術サービス業,00000,全国,2013000000,2013年,人
4287800,006,常用雇用者（事業従事者数）,50830,Ｍ宿泊業，飲食サービス業,00000,全国,2013000000,2013年,人
569600,006,常用雇用者（事業従事者数）,50840,75宿泊業,00000,全国,2013000000,2013年,人
3248500,006,常用雇用者（事業従事者数）,50850,76飲食店,00000,全国,2013000000,2013年,人
552900,006,常用雇用者（事業従事者数）,50860,761食堂，レストラン（専門料理店を除く）,00000,全国,2013000000,2013年,人
1055800,006,常用雇用者（事業従事者数）,50870,762専門料理店,00000,全国,2013000000,2013年,人
353400,006,常用雇用者（事業従事者数）,50880,7621日本料理店,00000,全国,2013000000,2013年,人
264100,006,常用雇用者（事業従事者数）,50890,762a中華料理店，ラーメン店,00000,全国,2013000000,2013年,人
438300,006,常用雇用者（事業従事者数）,50900,762b他の専門料理店,00000,全国,2013000000,2013年,人
308100,006,常用雇用者（事業従事者数）,50910,76aそば・うどん店，すし店,00000,全国,2013000000,2013年,人
1331700,006,常用雇用者（事業従事者数）,50920,76b他の飲食店,00000,全国,2013000000,2013年,人
469700,006,常用雇用者（事業従事者数）,50930,77持ち帰り・配達飲食サービス業,00000,全国,2013000000,2013年,人
1950800,006,常用雇用者（事業従事者数）,50940,Ｎ生活関連サービス業，娯楽業(※「家事サービス業」を除く。),00000,全国,2013000000,2013年,人
775500,006,常用雇用者（事業従事者数）,50950,78洗濯・理容・美容・浴場業,00000,全国,2013000000,2013年,人
289900,006,常用雇用者（事業従事者数）,50960,781洗濯業,00000,全国,2013000000,2013年,人
85000,006,常用雇用者（事業従事者数）,50970,782理容業,00000,全国,2013000000,2013年,人
264400,006,常用雇用者（事業従事者数）,50980,783美容業,00000,全国,2013000000,2013年,人
136200,006,常用雇用者（事業従事者数）,50990,78a他の洗濯・理容・美容・浴場業,00000,全国,2013000000,2013年,人
372900,006,常用雇用者（事業従事者数）,51000,79その他の生活関連サービス業(※「家事サービス業」を除く。),00000,全国,2013000000,2013年,人
89100,006,常用雇用者（事業従事者数）,51010,791旅行業,00000,全国,2013000000,2013年,人
146600,006,常用雇用者（事業従事者数）,51020,796冠婚葬祭業,00000,全国,2013000000,2013年,人
77000,006,常用雇用者（事業従事者数）,51030,7961葬儀業,00000,全国,2013000000,2013年,人
69600,006,常用雇用者（事業従事者数）,51040,796a他の冠婚葬祭業,00000,全国,2013000000,2013年,人
55800,006,常用雇用者（事業従事者数）,51050,7962結婚式場業,00000,全国,2013000000,2013年,人
13800,006,常用雇用者（事業従事者数）,51060,7963冠婚葬祭互助会,00000,全国,2013000000,2013年,人
137200,006,常用雇用者（事業従事者数）,51070,79a他の生活関連サービス業,00000,全国,2013000000,2013年,人
802500,006,常用雇用者（事業従事者数）,51080,80娯楽業,00000,全国,2013000000,2013年,人
15200,006,常用雇用者（事業従事者数）,51090,801映画館,00000,全国,2013000000,2013年,人
29500,006,常用雇用者（事業従事者数）,51100,802興行場（別掲を除く），興行団,00000,全国,2013000000,2013年,人
16300,006,常用雇用者（事業従事者数）,51110,803競輪・競馬等の競走場，競技団,00000,全国,2013000000,2013年,人
273800,006,常用雇用者（事業従事者数）,51120,804スポーツ施設提供業,00000,全国,2013000000,2013年,人
127100,006,常用雇用者（事業従事者数）,51130,8043ゴルフ場,00000,全国,2013000000,2013年,人
25600,006,常用雇用者（事業従事者数）,51140,8044ゴルフ練習場,00000,全国,2013000000,2013年,人
14500,006,常用雇用者（事業従事者数）,51150,8045ボウリング場,00000,全国,2013000000,2013年,人
59500,006,常用雇用者（事業従事者数）,51160,8048フィットネスクラブ,00000,全国,2013000000,2013年,人
47200,006,常用雇用者（事業従事者数）,51170,804a他のスポーツ施設提供業,00000,全国,2013000000,2013年,人
39600,006,常用雇用者（事業従事者数）,51180,805公園，遊園地,00000,全国,2013000000,2013年,人
337900,006,常用雇用者（事業従事者数）,51190,806遊戯場,00000,全国,2013000000,2013年,人
268200,006,常用雇用者（事業従事者数）,51200,8064パチンコホール,00000,全国,2013000000,2013年,人
69800,006,常用雇用者（事業従事者数）,51210,806a他の遊戯場,00000,全国,2013000000,2013年,人
90100,006,常用雇用者（事業従事者数）,51220,809その他の娯楽業,00000,全国,2013000000,2013年,人
708400,006,常用雇用者（事業従事者数）,51230,Ｏ教育，学習支援業(※「学校教育」を除く。),00000,全国,2013000000,2013年,人
708400,006,常用雇用者（事業従事者数）,51240,82その他の教育，学習支援業,00000,全国,2013000000,2013年,人
206700,006,常用雇用者（事業従事者数）,51250,82a社会教育，職業・教育支援施設,00000,全国,2013000000,2013年,人
126800,006,常用雇用者（事業従事者数）,51260,821社会教育,00000,全国,2013000000,2013年,人
79900,006,常用雇用者（事業従事者数）,51270,822職業・教育支援施設,00000,全国,2013000000,2013年,人
431900,006,常用雇用者（事業従事者数）,51280,82b学習塾，教養・技能教授業,00000,全国,2013000000,2013年,人
260100,006,常用雇用者（事業従事者数）,51290,823学習塾,00000,全国,2013000000,2013年,人
171800,006,常用雇用者（事業従事者数）,51300,824教養・技能教授業,00000,全国,2013000000,2013年,人
30200,006,常用雇用者（事業従事者数）,51310,8245外国語会話教授業,00000,全国,2013000000,2013年,人
141500,006,常用雇用者（事業従事者数）,51320,824a他の教養・技能教授業,00000,全国,2013000000,2013年,人
69800,006,常用雇用者（事業従事者数）,51330,829他に分類されない教育，学習支援業,00000,全国,2013000000,2013年,人
5893900,006,常用雇用者（事業従事者数）,51340,"Ｐ医療，福祉(＊「保健所」,「社会保険事業団体」及び「福祉事務所」を除く。)",00000,全国,2013000000,2013年,人
3294400,006,常用雇用者（事業従事者数）,51350,83医療業,00000,全国,2013000000,2013年,人
2025900,006,常用雇用者（事業従事者数）,51360,831病院,00000,全国,2013000000,2013年,人
700800,006,常用雇用者（事業従事者数）,51370,832一般診療所,00000,全国,2013000000,2013年,人
324200,006,常用雇用者（事業従事者数）,51380,833歯科診療所,00000,全国,2013000000,2013年,人
243400,006,常用雇用者（事業従事者数）,51390,83a他の医療業,00000,全国,2013000000,2013年,人
89500,006,常用雇用者（事業従事者数）,51400,84保健衛生(＊「保健所」を除く。),00000,全国,2013000000,2013年,人
2510000,006,常用雇用者（事業従事者数）,51410,85社会保険・社会福祉・介護事業(※「社会保険事業団体」及び「福祉事務所」を除く。),00000,全国,2013000000,2013年,人
1489500,006,常用雇用者（事業従事者数）,51420,854老人福祉・介護事業,00000,全国,2013000000,2013年,人
576600,006,常用雇用者（事業従事者数）,51430,854a通所・短期入所介護事業，訪問介護事業,00000,全国,2013000000,2013年,人
912900,006,常用雇用者（事業従事者数）,51440,854b他の老人福祉・介護事業,00000,全国,2013000000,2013年,人
1020500,006,常用雇用者（事業従事者数）,51450,85a他の社会保険・社会福祉・介護事業,00000,全国,2013000000,2013年,人
3042700,006,常用雇用者（事業従事者数）,51460,Ｒサービス業（他に分類されないもの）(※「政治・経済・文化団体」，｢宗教」及び「外国公務」を除く。),00000,全国,2013000000,2013年,人
295600,006,常用雇用者（事業従事者数）,51470,88廃棄物処理業,00000,全国,2013000000,2013年,人
195500,006,常用雇用者（事業従事者数）,51480,881一般廃棄物処理業,00000,全国,2013000000,2013年,人
100100,006,常用雇用者（事業従事者数）,51490,88a他の廃棄物処理業,00000,全国,2013000000,2013年,人
167000,006,常用雇用者（事業従事者数）,51500,89自動車整備業,00000,全国,2013000000,2013年,人
208200,006,常用雇用者（事業従事者数）,51510,90機械等修理業（別掲を除く）,00000,全国,2013000000,2013年,人
123200,006,常用雇用者（事業従事者数）,51520,901機械修理業（電気機械器具を除く）,00000,全国,2013000000,2013年,人
65300,006,常用雇用者（事業従事者数）,51530,902電気機械器具修理業,00000,全国,2013000000,2013年,人
19700,006,常用雇用者（事業従事者数）,51540,90aその他の修理業（表具業を含む）,00000,全国,2013000000,2013年,人
288800,006,常用雇用者（事業従事者数）,51550,91職業紹介・労働者派遣業,00000,全国,2013000000,2013年,人
39500,006,常用雇用者（事業従事者数）,51560,911職業紹介業,00000,全国,2013000000,2013年,人
249300,006,常用雇用者（事業従事者数）,51570,912労働者派遣業,00000,全国,2013000000,2013年,人
2034700,006,常用雇用者（事業従事者数）,51580,92その他の事業サービス業,00000,全国,2013000000,2013年,人
16500,006,常用雇用者（事業従事者数）,51590,921速記・ワープロ入力・複写業,00000,全国,2013000000,2013年,人
893800,006,常用雇用者（事業従事者数）,51600,922建物サービス業,00000,全国,2013000000,2013年,人
375200,006,常用雇用者（事業従事者数）,51610,923警備業,00000,全国,2013000000,2013年,人
749200,006,常用雇用者（事業従事者数）,51620,929他に分類されない事業サービス業,00000,全国,2013000000,2013年,人
48500,006,常用雇用者（事業従事者数）,51630,95その他のサービス業,00000,全国,2013000000,2013年,人
33100,006,常用雇用者（事業従事者数）,51640,951集会場,00000,全国,2013000000,2013年,人
15300,006,常用雇用者（事業従事者数）,51650,95aと畜場，他に分類されないサービス業,00000,全国,2013000000,2013年,人
251200,006,常用雇用者（事業従事者数）,51660,その他,00000,全国,2013000000,2013年,人
11851000,007,正社員・正職員（事業従事者数のうち常用雇用者）,50000,合計,00000,全国,2013000000,2013年,人
11683900,007,正社員・正職員（事業従事者数のうち常用雇用者）,50010,サービス産業計（※「情報通信業」を除く。）,00000,全国,2013000000,2013年,人
2358800,007,正社員・正職員（事業従事者数のうち常用雇用者）,50030,Ｈ運輸業，郵便業,00000,全国,2013000000,2013年,人
199500,007,正社員・正職員（事業従事者数のうち常用雇用者）,50060,42鉄道業,00000,全国,2013000000,2013年,人
422000,007,正社員・正職員（事業従事者数のうち常用雇用者）,50080,43道路旅客運送業,00000,全国,2013000000,2013年,人
298600,007,正社員・正職員（事業従事者数のうち常用雇用者）,50100,432一般乗用旅客自動車運送業,00000,全国,2013000000,2013年,人
123400,007,正社員・正職員（事業従事者数のうち常用雇用者）,50120,43a他の道路旅客運送業,00000,全国,2013000000,2013年,人
1193200,007,正社員・正職員（事業従事者数のうち常用雇用者）,50140,44道路貨物運送業,00000,全国,2013000000,2013年,人
40800,007,正社員・正職員（事業従事者数のうち常用雇用者）,50160,45水運業,00000,全国,2013000000,2013年,人
114800,007,正社員・正職員（事業従事者数のうち常用雇用者）,50180,47倉庫業,00000,全国,2013000000,2013年,人
256900,007,正社員・正職員（事業従事者数のうち常用雇用者）,50200,48運輸に附帯するサービス業,00000,全国,2013000000,2013年,人
131600,007,正社員・正職員（事業従事者数のうち常用雇用者）,50220,4*航空運輸業，郵便業（信書便事業を含む）,00000,全国,2013000000,2013年,人
642900,007,正社員・正職員（事業従事者数のうち常用雇用者）,50230,Ｋ不動産業，物品賃貸業,00000,全国,2013000000,2013年,人
191200,007,正社員・正職員（事業従事者数のうち常用雇用者）,50260,68不動産取引業,00000,全国,2013000000,2013年,人
68400,007,正社員・正職員（事業従事者数のうち常用雇用者）,50290,681建物売買業，土地売買業,00000,全国,2013000000,2013年,人
122800,007,正社員・正職員（事業従事者数のうち常用雇用者）,50310,682不動産代理業・仲介業,00000,全国,2013000000,2013年,人
253800,007,正社員・正職員（事業従事者数のうち常用雇用者）,50330,69不動産賃貸業・管理業,00000,全国,2013000000,2013年,人
74800,007,正社員・正職員（事業従事者数のうち常用雇用者）,50350,691不動産賃貸業（貸家業，貸間業を除く）,00000,全国,2013000000,2013年,人
66800,007,正社員・正職員（事業従事者数のうち常用雇用者）,50370,692貸家業，貸間業,00000,全国,2013000000,2013年,人
18600,007,正社員・正職員（事業従事者数のうち常用雇用者）,50390,693駐車場業,00000,全国,2013000000,2013年,人
93600,007,正社員・正職員（事業従事者数のうち常用雇用者）,50410,694不動産管理業,00000,全国,2013000000,2013年,人
197900,007,正社員・正職員（事業従事者数のうち常用雇用者）,50430,70物品賃貸業,00000,全国,2013000000,2013年,人
24300,007,正社員・正職員（事業従事者数のうち常用雇用者）,50450,704自動車賃貸業,00000,全国,2013000000,2013年,人
173600,007,正社員・正職員（事業従事者数のうち常用雇用者）,50470,70a他の物品賃貸業,00000,全国,2013000000,2013年,人
993800,007,正社員・正職員（事業従事者数のうち常用雇用者）,50480,Ｌ学術研究，専門・技術サービス業(※「学術・開発研究機関」及び「純粋持株会社」を除く。),00000,全国,2013000000,2013年,人
352000,007,正社員・正職員（事業従事者数のうち常用雇用者）,50510,72専門サービス業（他に分類されないもの）（※「純粋持株会社」を除く。）,00000,全国,2013000000,2013年,人
105400,007,正社員・正職員（事業従事者数のうち常用雇用者）,50530,724公認会計士事務所，税理士事務所,00000,全国,2013000000,2013年,人
81400,007,正社員・正職員（事業従事者数のうち常用雇用者）,50550,72*法律事務所等,00000,全国,2013000000,2013年,人
49400,007,正社員・正職員（事業従事者数のうち常用雇用者）,50570,721法律事務所，特許事務所,00000,全国,2013000000,2013年,人
23900,007,正社員・正職員（事業従事者数のうち常用雇用者）,50590,722公証人役場，司法書士事務所，土地家屋調査士事務所,00000,全国,2013000000,2013年,人
2900,007,正社員・正職員（事業従事者数のうち常用雇用者）,50610,723行政書士事務所,00000,全国,2013000000,2013年,人
5300,007,正社員・正職員（事業従事者数のうち常用雇用者）,50630,725社会保険労務士事務所,00000,全国,2013000000,2013年,人
55100,007,正社員・正職員（事業従事者数のうち常用雇用者）,50650,728経営コンサルタント業，純粋持株会社(※「純粋持株会社」を除く。),00000,全国,2013000000,2013年,人
110000,007,正社員・正職員（事業従事者数のうち常用雇用者）,50670,72#デザイン業，著述･芸術家業，その他の専門サービス業,00000,全国,2013000000,2013年,人
27900,007,正社員・正職員（事業従事者数のうち常用雇用者）,50680,726デザイン業,00000,全国,2013000000,2013年,人
3200,007,正社員・正職員（事業従事者数のうち常用雇用者）,50690,7291興信所,00000,全国,2013000000,2013年,人
78900,007,正社員・正職員（事業従事者数のうち常用雇用者）,50700,72a他の専門サービス業,00000,全国,2013000000,2013年,人
104000,007,正社員・正職員（事業従事者数のうち常用雇用者）,50710,73広告業,00000,全国,2013000000,2013年,人
537800,007,正社員・正職員（事業従事者数のうち常用雇用者）,50720,74技術サービス業（他に分類されないもの）,00000,全国,2013000000,2013年,人
24600,007,正社員・正職員（事業従事者数のうち常用雇用者）,50730,741獣医業,00000,全国,2013000000,2013年,人
279900,007,正社員・正職員（事業従事者数のうち常用雇用者）,50740,742土木建築サービス業,00000,全国,2013000000,2013年,人
210900,007,正社員・正職員（事業従事者数のうち常用雇用者）,50750,7421建築設計業,00000,全国,2013000000,2013年,人
46300,007,正社員・正職員（事業従事者数のうち常用雇用者）,50760,7422測量業,00000,全国,2013000000,2013年,人
22800,007,正社員・正職員（事業従事者数のうち常用雇用者）,50770,7429その他の土木建築サービス業,00000,全国,2013000000,2013年,人
69000,007,正社員・正職員（事業従事者数のうち常用雇用者）,50780,743機械設計業,00000,全国,2013000000,2013年,人
32200,007,正社員・正職員（事業従事者数のうち常用雇用者）,50790,744商品・非破壊検査業,00000,全国,2013000000,2013年,人
22000,007,正社員・正職員（事業従事者数のうち常用雇用者）,50800,745計量証明業,00000,全国,2013000000,2013年,人
17000,007,正社員・正職員（事業従事者数のうち常用雇用者）,50810,746写真業,00000,全国,2013000000,2013年,人
93000,007,正社員・正職員（事業従事者数のうち常用雇用者）,50820,749その他の技術サービス業,00000,全国,2013000000,2013年,人
1089200,007,正社員・正職員（事業従事者数のうち常用雇用者）,50830,Ｍ宿泊業，飲食サービス業,00000,全国,2013000000,2013年,人
253300,007,正社員・正職員（事業従事者数のうち常用雇用者）,50840,75宿泊業,00000,全国,2013000000,2013年,人
735000,007,正社員・正職員（事業従事者数のうち常用雇用者）,50850,76飲食店,00000,全国,2013000000,2013年,人
111000,007,正社員・正職員（事業従事者数のうち常用雇用者）,50860,761食堂，レストラン（専門料理店を除く）,00000,全国,2013000000,2013年,人
270200,007,正社員・正職員（事業従事者数のうち常用雇用者）,50870,762専門料理店,00000,全国,2013000000,2013年,人
83200,007,正社員・正職員（事業従事者数のうち常用雇用者）,50880,7621日本料理店,00000,全国,2013000000,2013年,人
78900,007,正社員・正職員（事業従事者数のうち常用雇用者）,50890,762a中華料理店，ラーメン店,00000,全国,2013000000,2013年,人
108100,007,正社員・正職員（事業従事者数のうち常用雇用者）,50900,762b他の専門料理店,00000,全国,2013000000,2013年,人
75400,007,正社員・正職員（事業従事者数のうち常用雇用者）,50910,76aそば・うどん店，すし店,00000,全国,2013000000,2013年,人
278400,007,正社員・正職員（事業従事者数のうち常用雇用者）,50920,76b他の飲食店,00000,全国,2013000000,2013年,人
100900,007,正社員・正職員（事業従事者数のうち常用雇用者）,50930,77持ち帰り・配達飲食サービス業,00000,全国,2013000000,2013年,人
926800,007,正社員・正職員（事業従事者数のうち常用雇用者）,50940,Ｎ生活関連サービス業，娯楽業(※「家事サービス業」を除く。),00000,全国,2013000000,2013年,人
417900,007,正社員・正職員（事業従事者数のうち常用雇用者）,50950,78洗濯・理容・美容・浴場業,00000,全国,2013000000,2013年,人
80900,007,正社員・正職員（事業従事者数のうち常用雇用者）,50960,781洗濯業,00000,全国,2013000000,2013年,人
70800,007,正社員・正職員（事業従事者数のうち常用雇用者）,50970,782理容業,00000,全国,2013000000,2013年,人
203100,007,正社員・正職員（事業従事者数のうち常用雇用者）,50980,783美容業,00000,全国,2013000000,2013年,人
63100,007,正社員・正職員（事業従事者数のうち常用雇用者）,50990,78a他の洗濯・理容・美容・浴場業,00000,全国,2013000000,2013年,人
191500,007,正社員・正職員（事業従事者数のうち常用雇用者）,51000,79その他の生活関連サービス業(※「家事サービス業」を除く。),00000,全国,2013000000,2013年,人
68600,007,正社員・正職員（事業従事者数のうち常用雇用者）,51010,791旅行業,00000,全国,2013000000,2013年,人
78800,007,正社員・正職員（事業従事者数のうち常用雇用者）,51020,796冠婚葬祭業,00000,全国,2013000000,2013年,人
44300,007,正社員・正職員（事業従事者数のうち常用雇用者）,51030,7961葬儀業,00000,全国,2013000000,2013年,人
34500,007,正社員・正職員（事業従事者数のうち常用雇用者）,51040,796a他の冠婚葬祭業,00000,全国,2013000000,2013年,人
28600,007,正社員・正職員（事業従事者数のうち常用雇用者）,51050,7962結婚式場業,00000,全国,2013000000,2013年,人
6000,007,正社員・正職員（事業従事者数のうち常用雇用者）,51060,7963冠婚葬祭互助会,00000,全国,2013000000,2013年,人
44100,007,正社員・正職員（事業従事者数のうち常用雇用者）,51070,79a他の生活関連サービス業,00000,全国,2013000000,2013年,人
317400,007,正社員・正職員（事業従事者数のうち常用雇用者）,51080,80娯楽業,00000,全国,2013000000,2013年,人
2300,007,正社員・正職員（事業従事者数のうち常用雇用者）,51090,801映画館,00000,全国,2013000000,2013年,人
21500,007,正社員・正職員（事業従事者数のうち常用雇用者）,51100,802興行場（別掲を除く），興行団,00000,全国,2013000000,2013年,人
11000,007,正社員・正職員（事業従事者数のうち常用雇用者）,51110,803競輪・競馬等の競走場，競技団,00000,全国,2013000000,2013年,人
110700,007,正社員・正職員（事業従事者数のうち常用雇用者）,51120,804スポーツ施設提供業,00000,全国,2013000000,2013年,人
65800,007,正社員・正職員（事業従事者数のうち常用雇用者）,51130,8043ゴルフ場,00000,全国,2013000000,2013年,人
6600,007,正社員・正職員（事業従事者数のうち常用雇用者）,51140,8044ゴルフ練習場,00000,全国,2013000000,2013年,人
4200,007,正社員・正職員（事業従事者数のうち常用雇用者）,51150,8045ボウリング場,00000,全国,2013000000,2013年,人
16800,007,正社員・正職員（事業従事者数のうち常用雇用者）,51160,8048フィットネスクラブ,00000,全国,2013000000,2013年,人
17300,007,正社員・正職員（事業従事者数のうち常用雇用者）,51170,804a他のスポーツ施設提供業,00000,全国,2013000000,2013年,人
14800,007,正社員・正職員（事業従事者数のうち常用雇用者）,51180,805公園，遊園地,00000,全国,2013000000,2013年,人
132300,007,正社員・正職員（事業従事者数のうち常用雇用者）,51190,806遊戯場,00000,全国,2013000000,2013年,人
114200,007,正社員・正職員（事業従事者数のうち常用雇用者）,51200,8064パチンコホール,00000,全国,2013000000,2013年,人
18100,007,正社員・正職員（事業従事者数のうち常用雇用者）,51210,806a他の遊戯場,00000,全国,2013000000,2013年,人
24900,007,正社員・正職員（事業従事者数のうち常用雇用者）,51220,809その他の娯楽業,00000,全国,2013000000,2013年,人
289600,007,正社員・正職員（事業従事者数のうち常用雇用者）,51230,Ｏ教育，学習支援業(※「学校教育」を除く。),00000,全国,2013000000,2013年,人
289600,007,正社員・正職員（事業従事者数のうち常用雇用者）,51240,82その他の教育，学習支援業,00000,全国,2013000000,2013年,人
120600,007,正社員・正職員（事業従事者数のうち常用雇用者）,51250,82a社会教育，職業・教育支援施設,00000,全国,2013000000,2013年,人
56900,007,正社員・正職員（事業従事者数のうち常用雇用者）,51260,821社会教育,00000,全国,2013000000,2013年,人
63700,007,正社員・正職員（事業従事者数のうち常用雇用者）,51270,822職業・教育支援施設,00000,全国,2013000000,2013年,人
119300,007,正社員・正職員（事業従事者数のうち常用雇用者）,51280,82b学習塾，教養・技能教授業,00000,全国,2013000000,2013年,人
56700,007,正社員・正職員（事業従事者数のうち常用雇用者）,51290,823学習塾,00000,全国,2013000000,2013年,人
62600,007,正社員・正職員（事業従事者数のうち常用雇用者）,51300,824教養・技能教授業,00000,全国,2013000000,2013年,人
11900,007,正社員・正職員（事業従事者数のうち常用雇用者）,51310,8245外国語会話教授業,00000,全国,2013000000,2013年,人
50700,007,正社員・正職員（事業従事者数のうち常用雇用者）,51320,824a他の教養・技能教授業,00000,全国,2013000000,2013年,人
49700,007,正社員・正職員（事業従事者数のうち常用雇用者）,51330,829他に分類されない教育，学習支援業,00000,全国,2013000000,2013年,人
3721900,007,正社員・正職員（事業従事者数のうち常用雇用者）,51340,"Ｐ医療，福祉(＊「保健所」,「社会保険事業団体」及び「福祉事務所」を除く。)",00000,全国,2013000000,2013年,人
2340600,007,正社員・正職員（事業従事者数のうち常用雇用者）,51350,83医療業,00000,全国,2013000000,2013年,人
1619700,007,正社員・正職員（事業従事者数のうち常用雇用者）,51360,831病院,00000,全国,2013000000,2013年,人
401200,007,正社員・正職員（事業従事者数のうち常用雇用者）,51370,832一般診療所,00000,全国,2013000000,2013年,人
191200,007,正社員・正職員（事業従事者数のうち常用雇用者）,51380,833歯科診療所,00000,全国,2013000000,2013年,人
128500,007,正社員・正職員（事業従事者数のうち常用雇用者）,51390,83a他の医療業,00000,全国,2013000000,2013年,人
57400,007,正社員・正職員（事業従事者数のうち常用雇用者）,51400,84保健衛生(＊「保健所」を除く。),00000,全国,2013000000,2013年,人
1323900,007,正社員・正職員（事業従事者数のうち常用雇用者）,51410,85社会保険・社会福祉・介護事業(※「社会保険事業団体」及び「福祉事務所」を除く。),00000,全国,2013000000,2013年,人
789500,007,正社員・正職員（事業従事者数のうち常用雇用者）,51420,854老人福祉・介護事業,00000,全国,2013000000,2013年,人
209200,007,正社員・正職員（事業従事者数のうち常用雇用者）,51430,854a通所・短期入所介護事業，訪問介護事業,00000,全国,2013000000,2013年,人
580300,007,正社員・正職員（事業従事者数のうち常用雇用者）,51440,854b他の老人福祉・介護事業,00000,全国,2013000000,2013年,人
534400,007,正社員・正職員（事業従事者数のうち常用雇用者）,51450,85a他の社会保険・社会福祉・介護事業,00000,全国,2013000000,2013年,人
1660900,007,正社員・正職員（事業従事者数のうち常用雇用者）,51460,Ｒサービス業（他に分類されないもの）(※「政治・経済・文化団体」，｢宗教」及び「外国公務」を除く。),00000,全国,2013000000,2013年,人
236800,007,正社員・正職員（事業従事者数のうち常用雇用者）,51470,88廃棄物処理業,00000,全国,2013000000,2013年,人
155200,007,正社員・正職員（事業従事者数のうち常用雇用者）,51480,881一般廃棄物処理業,00000,全国,2013000000,2013年,人
81700,007,正社員・正職員（事業従事者数のうち常用雇用者）,51490,88a他の廃棄物処理業,00000,全国,2013000000,2013年,人
144000,007,正社員・正職員（事業従事者数のうち常用雇用者）,51500,89自動車整備業,00000,全国,2013000000,2013年,人
177700,007,正社員・正職員（事業従事者数のうち常用雇用者）,51510,90機械等修理業（別掲を除く）,00000,全国,2013000000,2013年,人
107600,007,正社員・正職員（事業従事者数のうち常用雇用者）,51520,901機械修理業（電気機械器具を除く）,00000,全国,2013000000,2013年,人
54900,007,正社員・正職員（事業従事者数のうち常用雇用者）,51530,902電気機械器具修理業,00000,全国,2013000000,2013年,人
15100,007,正社員・正職員（事業従事者数のうち常用雇用者）,51540,90aその他の修理業（表具業を含む）,00000,全国,2013000000,2013年,人
177900,007,正社員・正職員（事業従事者数のうち常用雇用者）,51550,91職業紹介・労働者派遣業,00000,全国,2013000000,2013年,人
24700,007,正社員・正職員（事業従事者数のうち常用雇用者）,51560,911職業紹介業,00000,全国,2013000000,2013年,人
153200,007,正社員・正職員（事業従事者数のうち常用雇用者）,51570,912労働者派遣業,00000,全国,2013000000,2013年,人
898200,007,正社員・正職員（事業従事者数のうち常用雇用者）,51580,92その他の事業サービス業,00000,全国,2013000000,2013年,人
12400,007,正社員・正職員（事業従事者数のうち常用雇用者）,51590,921速記・ワープロ入力・複写業,00000,全国,2013000000,2013年,人
294600,007,正社員・正職員（事業従事者数のうち常用雇用者）,51600,922建物サービス業,00000,全国,2013000000,2013年,人
203400,007,正社員・正職員（事業従事者数のうち常用雇用者）,51610,923警備業,00000,全国,2013000000,2013年,人
387900,007,正社員・正職員（事業従事者数のうち常用雇用者）,51620,929他に分類されない事業サービス業,00000,全国,2013000000,2013年,人
26200,007,正社員・正職員（事業従事者数のうち常用雇用者）,51630,95その他のサービス業,00000,全国,2013000000,2013年,人
15900,007,正社員・正職員（事業従事者数のうち常用雇用者）,51640,951集会場,00000,全国,2013000000,2013年,人
10300,007,正社員・正職員（事業従事者数のうち常用雇用者）,51650,95aと畜場，他に分類されないサービス業,00000,全国,2013000000,2013年,人
167200,007,正社員・正職員（事業従事者数のうち常用雇用者）,51660,その他,00000,全国,2013000000,2013年,人
9673100,008,正社員・正職員以外（事業従事者数のうち常用雇用者）,50000,合計,00000,全国,2013000000,2013年,人
9589100,008,正社員・正職員以外（事業従事者数のうち常用雇用者）,50010,サービス産業計（※「情報通信業」を除く。）,00000,全国,2013000000,2013年,人
882700,008,正社員・正職員以外（事業従事者数のうち常用雇用者）,50030,Ｈ運輸業，郵便業,00000,全国,2013000000,2013年,人
21300,008,正社員・正職員以外（事業従事者数のうち常用雇用者）,50060,42鉄道業,00000,全国,2013000000,2013年,人
121800,008,正社員・正職員以外（事業従事者数のうち常用雇用者）,50080,43道路旅客運送業,00000,全国,2013000000,2013年,人
78800,008,正社員・正職員以外（事業従事者数のうち常用雇用者）,50100,432一般乗用旅客自動車運送業,00000,全国,2013000000,2013年,人
43000,008,正社員・正職員以外（事業従事者数のうち常用雇用者）,50120,43a他の道路旅客運送業,00000,全国,2013000000,2013年,人
362600,008,正社員・正職員以外（事業従事者数のうち常用雇用者）,50140,44道路貨物運送業,00000,全国,2013000000,2013年,人
6000,008,正社員・正職員以外（事業従事者数のうち常用雇用者）,50160,45水運業,00000,全国,2013000000,2013年,人
94200,008,正社員・正職員以外（事業従事者数のうち常用雇用者）,50180,47倉庫業,00000,全国,2013000000,2013年,人
114800,008,正社員・正職員以外（事業従事者数のうち常用雇用者）,50200,48運輸に附帯するサービス業,00000,全国,2013000000,2013年,人
161900,008,正社員・正職員以外（事業従事者数のうち常用雇用者）,50220,4*航空運輸業，郵便業（信書便事業を含む）,00000,全国,2013000000,2013年,人
295600,008,正社員・正職員以外（事業従事者数のうち常用雇用者）,50230,Ｋ不動産業，物品賃貸業,00000,全国,2013000000,2013年,人
44000,008,正社員・正職員以外（事業従事者数のうち常用雇用者）,50260,68不動産取引業,00000,全国,2013000000,2013年,人
14500,008,正社員・正職員以外（事業従事者数のうち常用雇用者）,50290,681建物売買業，土地売買業,00000,全国,2013000000,2013年,人
29500,008,正社員・正職員以外（事業従事者数のうち常用雇用者）,50310,682不動産代理業・仲介業,00000,全国,2013000000,2013年,人
161500,008,正社員・正職員以外（事業従事者数のうち常用雇用者）,50330,69不動産賃貸業・管理業,00000,全国,2013000000,2013年,人
33500,008,正社員・正職員以外（事業従事者数のうち常用雇用者）,50350,691不動産賃貸業（貸家業，貸間業を除く）,00000,全国,2013000000,2013年,人
30500,008,正社員・正職員以外（事業従事者数のうち常用雇用者）,50370,692貸家業，貸間業,00000,全国,2013000000,2013年,人
19400,008,正社員・正職員以外（事業従事者数のうち常用雇用者）,50390,693駐車場業,00000,全国,2013000000,2013年,人
78100,008,正社員・正職員以外（事業従事者数のうち常用雇用者）,50410,694不動産管理業,00000,全国,2013000000,2013年,人
90200,008,正社員・正職員以外（事業従事者数のうち常用雇用者）,50430,70物品賃貸業,00000,全国,2013000000,2013年,人
13500,008,正社員・正職員以外（事業従事者数のうち常用雇用者）,50450,704自動車賃貸業,00000,全国,2013000000,2013年,人
76700,008,正社員・正職員以外（事業従事者数のうち常用雇用者）,50470,70a他の物品賃貸業,00000,全国,2013000000,2013年,人
215500,008,正社員・正職員以外（事業従事者数のうち常用雇用者）,50480,Ｌ学術研究，専門・技術サービス業(※「学術・開発研究機関」及び「純粋持株会社」を除く。),00000,全国,2013000000,2013年,人
86400,008,正社員・正職員以外（事業従事者数のうち常用雇用者）,50510,72専門サービス業（他に分類されないもの）（※「純粋持株会社」を除く。）,00000,全国,2013000000,2013年,人
21600,008,正社員・正職員以外（事業従事者数のうち常用雇用者）,50530,724公認会計士事務所，税理士事務所,00000,全国,2013000000,2013年,人
14300,008,正社員・正職員以外（事業従事者数のうち常用雇用者）,50550,72*法律事務所等,00000,全国,2013000000,2013年,人
4800,008,正社員・正職員以外（事業従事者数のうち常用雇用者）,50570,721法律事務所，特許事務所,00000,全国,2013000000,2013年,人
5100,008,正社員・正職員以外（事業従事者数のうち常用雇用者）,50590,722公証人役場，司法書士事務所，土地家屋調査士事務所,00000,全国,2013000000,2013年,人
1800,008,正社員・正職員以外（事業従事者数のうち常用雇用者）,50610,723行政書士事務所,00000,全国,2013000000,2013年,人
2600,008,正社員・正職員以外（事業従事者数のうち常用雇用者）,50630,725社会保険労務士事務所,00000,全国,2013000000,2013年,人
22300,008,正社員・正職員以外（事業従事者数のうち常用雇用者）,50650,728経営コンサルタント業，純粋持株会社(※「純粋持株会社」を除く。),00000,全国,2013000000,2013年,人
28200,008,正社員・正職員以外（事業従事者数のうち常用雇用者）,50670,72#デザイン業，著述･芸術家業，その他の専門サービス業,00000,全国,2013000000,2013年,人
5800,008,正社員・正職員以外（事業従事者数のうち常用雇用者）,50680,726デザイン業,00000,全国,2013000000,2013年,人
1800,008,正社員・正職員以外（事業従事者数のうち常用雇用者）,50690,7291興信所,00000,全国,2013000000,2013年,人
20600,008,正社員・正職員以外（事業従事者数のうち常用雇用者）,50700,72a他の専門サービス業,00000,全国,2013000000,2013年,人
19600,008,正社員・正職員以外（事業従事者数のうち常用雇用者）,50710,73広告業,00000,全国,2013000000,2013年,人
109500,008,正社員・正職員以外（事業従事者数のうち常用雇用者）,50720,74技術サービス業（他に分類されないもの）,00000,全国,2013000000,2013年,人
7000,008,正社員・正職員以外（事業従事者数のうち常用雇用者）,50730,741獣医業,00000,全国,2013000000,2013年,人
52700,008,正社員・正職員以外（事業従事者数のうち常用雇用者）,50740,742土木建築サービス業,00000,全国,2013000000,2013年,人
39100,008,正社員・正職員以外（事業従事者数のうち常用雇用者）,50750,7421建築設計業,00000,全国,2013000000,2013年,人
9500,008,正社員・正職員以外（事業従事者数のうち常用雇用者）,50760,7422測量業,00000,全国,2013000000,2013年,人
4100,008,正社員・正職員以外（事業従事者数のうち常用雇用者）,50770,7429その他の土木建築サービス業,00000,全国,2013000000,2013年,人
6300,008,正社員・正職員以外（事業従事者数のうち常用雇用者）,50780,743機械設計業,00000,全国,2013000000,2013年,人
10300,008,正社員・正職員以外（事業従事者数のうち常用雇用者）,50790,744商品・非破壊検査業,00000,全国,2013000000,2013年,人
5700,008,正社員・正職員以外（事業従事者数のうち常用雇用者）,50800,745計量証明業,00000,全国,2013000000,2013年,人
14000,008,正社員・正職員以外（事業従事者数のうち常用雇用者）,50810,746写真業,00000,全国,2013000000,2013年,人
13500,008,正社員・正職員以外（事業従事者数のうち常用雇用者）,50820,749その他の技術サービス業,00000,全国,2013000000,2013年,人
3198600,008,正社員・正職員以外（事業従事者数のうち常用雇用者）,50830,Ｍ宿泊業，飲食サービス業,00000,全国,2013000000,2013年,人
316300,008,正社員・正職員以外（事業従事者数のうち常用雇用者）,50840,75宿泊業,00000,全国,2013000000,2013年,人
2513500,008,正社員・正職員以外（事業従事者数のうち常用雇用者）,50850,76飲食店,00000,全国,2013000000,2013年,人
441800,008,正社員・正職員以外（事業従事者数のうち常用雇用者）,50860,761食堂，レストラン（専門料理店を除く）,00000,全国,2013000000,2013年,人
785700,008,正社員・正職員以外（事業従事者数のうち常用雇用者）,50870,762専門料理店,00000,全国,2013000000,2013年,人
270200,008,正社員・正職員以外（事業従事者数のうち常用雇用者）,50880,7621日本料理店,00000,全国,2013000000,2013年,人
185200,008,正社員・正職員以外（事業従事者数のうち常用雇用者）,50890,762a中華料理店，ラーメン店,00000,全国,2013000000,2013年,人
330300,008,正社員・正職員以外（事業従事者数のうち常用雇用者）,50900,762b他の専門料理店,00000,全国,2013000000,2013年,人
232800,008,正社員・正職員以外（事業従事者数のうち常用雇用者）,50910,76aそば・うどん店，すし店,00000,全国,2013000000,2013年,人
1053300,008,正社員・正職員以外（事業従事者数のうち常用雇用者）,50920,76b他の飲食店,00000,全国,2013000000,2013年,人
368800,008,正社員・正職員以外（事業従事者数のうち常用雇用者）,50930,77持ち帰り・配達飲食サービス業,00000,全国,2013000000,2013年,人
1024100,008,正社員・正職員以外（事業従事者数のうち常用雇用者）,50940,Ｎ生活関連サービス業，娯楽業(※「家事サービス業」を除く。),00000,全国,2013000000,2013年,人
357600,008,正社員・正職員以外（事業従事者数のうち常用雇用者）,50950,78洗濯・理容・美容・浴場業,00000,全国,2013000000,2013年,人
209100,008,正社員・正職員以外（事業従事者数のうち常用雇用者）,50960,781洗濯業,00000,全国,2013000000,2013年,人
14200,008,正社員・正職員以外（事業従事者数のうち常用雇用者）,50970,782理容業,00000,全国,2013000000,2013年,人
61300,008,正社員・正職員以外（事業従事者数のうち常用雇用者）,50980,783美容業,00000,全国,2013000000,2013年,人
73000,008,正社員・正職員以外（事業従事者数のうち常用雇用者）,50990,78a他の洗濯・理容・美容・浴場業,00000,全国,2013000000,2013年,人
181400,008,正社員・正職員以外（事業従事者数のうち常用雇用者）,51000,79その他の生活関連サービス業(※「家事サービス業」を除く。),00000,全国,2013000000,2013年,人
20500,008,正社員・正職員以外（事業従事者数のうち常用雇用者）,51010,791旅行業,00000,全国,2013000000,2013年,人
67800,008,正社員・正職員以外（事業従事者数のうち常用雇用者）,51020,796冠婚葬祭業,00000,全国,2013000000,2013年,人
32700,008,正社員・正職員以外（事業従事者数のうち常用雇用者）,51030,7961葬儀業,00000,全国,2013000000,2013年,人
35100,008,正社員・正職員以外（事業従事者数のうち常用雇用者）,51040,796a他の冠婚葬祭業,00000,全国,2013000000,2013年,人
27200,008,正社員・正職員以外（事業従事者数のうち常用雇用者）,51050,7962結婚式場業,00000,全国,2013000000,2013年,人
7800,008,正社員・正職員以外（事業従事者数のうち常用雇用者）,51060,7963冠婚葬祭互助会,00000,全国,2013000000,2013年,人
93100,008,正社員・正職員以外（事業従事者数のうち常用雇用者）,51070,79a他の生活関連サービス業,00000,全国,2013000000,2013年,人
485100,008,正社員・正職員以外（事業従事者数のうち常用雇用者）,51080,80娯楽業,00000,全国,2013000000,2013年,人
12900,008,正社員・正職員以外（事業従事者数のうち常用雇用者）,51090,801映画館,00000,全国,2013000000,2013年,人
8000,008,正社員・正職員以外（事業従事者数のうち常用雇用者）,51100,802興行場（別掲を除く），興行団,00000,全国,2013000000,2013年,人
5300,008,正社員・正職員以外（事業従事者数のうち常用雇用者）,51110,803競輪・競馬等の競走場，競技団,00000,全国,2013000000,2013年,人
163200,008,正社員・正職員以外（事業従事者数のうち常用雇用者）,51120,804スポーツ施設提供業,00000,全国,2013000000,2013年,人
61300,008,正社員・正職員以外（事業従事者数のうち常用雇用者）,51130,8043ゴルフ場,00000,全国,2013000000,2013年,人
18900,008,正社員・正職員以外（事業従事者数のうち常用雇用者）,51140,8044ゴルフ練習場,00000,全国,2013000000,2013年,人
10200,008,正社員・正職員以外（事業従事者数のうち常用雇用者）,51150,8045ボウリング場,00000,全国,2013000000,2013年,人
42800,008,正社員・正職員以外（事業従事者数のうち常用雇用者）,51160,8048フィットネスクラブ,00000,全国,2013000000,2013年,人
29900,008,正社員・正職員以外（事業従事者数のうち常用雇用者）,51170,804a他のスポーツ施設提供業,00000,全国,2013000000,2013年,人
24800,008,正社員・正職員以外（事業従事者数のうち常用雇用者）,51180,805公園，遊園地,00000,全国,2013000000,2013年,人
205700,008,正社員・正職員以外（事業従事者数のうち常用雇用者）,51190,806遊戯場,00000,全国,2013000000,2013年,人
153900,008,正社員・正職員以外（事業従事者数のうち常用雇用者）,51200,8064パチンコホール,00000,全国,2013000000,2013年,人
51700,008,正社員・正職員以外（事業従事者数のうち常用雇用者）,51210,806a他の遊戯場,00000,全国,2013000000,2013年,人
65300,008,正社員・正職員以外（事業従事者数のうち常用雇用者）,51220,809その他の娯楽業,00000,全国,2013000000,2013年,人
418800,008,正社員・正職員以外（事業従事者数のうち常用雇用者）,51230,Ｏ教育，学習支援業(※「学校教育」を除く。),00000,全国,2013000000,2013年,人
418800,008,正社員・正職員以外（事業従事者数のうち常用雇用者）,51240,82その他の教育，学習支援業,00000,全国,2013000000,2013年,人
86100,008,正社員・正職員以外（事業従事者数のうち常用雇用者）,51250,82a社会教育，職業・教育支援施設,00000,全国,2013000000,2013年,人
70000,008,正社員・正職員以外（事業従事者数のうち常用雇用者）,51260,821社会教育,00000,全国,2013000000,2013年,人
16100,008,正社員・正職員以外（事業従事者数のうち常用雇用者）,51270,822職業・教育支援施設,00000,全国,2013000000,2013年,人
312600,008,正社員・正職員以外（事業従事者数のうち常用雇用者）,51280,82b学習塾，教養・技能教授業,00000,全国,2013000000,2013年,人
203400,008,正社員・正職員以外（事業従事者数のうち常用雇用者）,51290,823学習塾,00000,全国,2013000000,2013年,人
109200,008,正社員・正職員以外（事業従事者数のうち常用雇用者）,51300,824教養・技能教授業,00000,全国,2013000000,2013年,人
18300,008,正社員・正職員以外（事業従事者数のうち常用雇用者）,51310,8245外国語会話教授業,00000,全国,2013000000,2013年,人
90900,008,正社員・正職員以外（事業従事者数のうち常用雇用者）,51320,824a他の教養・技能教授業,00000,全国,2013000000,2013年,人
20200,008,正社員・正職員以外（事業従事者数のうち常用雇用者）,51330,829他に分類されない教育，学習支援業,00000,全国,2013000000,2013年,人
2172000,008,正社員・正職員以外（事業従事者数のうち常用雇用者）,51340,"Ｐ医療，福祉(＊「保健所」,「社会保険事業団体」及び「福祉事務所」を除く。)",00000,全国,2013000000,2013年,人
953800,008,正社員・正職員以外（事業従事者数のうち常用雇用者）,51350,83医療業,00000,全国,2013000000,2013年,人
406200,008,正社員・正職員以外（事業従事者数のうち常用雇用者）,51360,831病院,00000,全国,2013000000,2013年,人
299600,008,正社員・正職員以外（事業従事者数のうち常用雇用者）,51370,832一般診療所,00000,全国,2013000000,2013年,人
133000,008,正社員・正職員以外（事業従事者数のうち常用雇用者）,51380,833歯科診療所,00000,全国,2013000000,2013年,人
114900,008,正社員・正職員以外（事業従事者数のうち常用雇用者）,51390,83a他の医療業,00000,全国,2013000000,2013年,人
32100,008,正社員・正職員以外（事業従事者数のうち常用雇用者）,51400,84保健衛生(＊「保健所」を除く。),00000,全国,2013000000,2013年,人
1186100,008,正社員・正職員以外（事業従事者数のうち常用雇用者）,51410,85社会保険・社会福祉・介護事業(※「社会保険事業団体」及び「福祉事務所」を除く。),00000,全国,2013000000,2013年,人
700000,008,正社員・正職員以外（事業従事者数のうち常用雇用者）,51420,854老人福祉・介護事業,00000,全国,2013000000,2013年,人
367400,008,正社員・正職員以外（事業従事者数のうち常用雇用者）,51430,854a通所・短期入所介護事業，訪問介護事業,00000,全国,2013000000,2013年,人
332600,008,正社員・正職員以外（事業従事者数のうち常用雇用者）,51440,854b他の老人福祉・介護事業,00000,全国,2013000000,2013年,人
486100,008,正社員・正職員以外（事業従事者数のうち常用雇用者）,51450,85a他の社会保険・社会福祉・介護事業,00000,全国,2013000000,2013年,人
1381800,008,正社員・正職員以外（事業従事者数のうち常用雇用者）,51460,Ｒサービス業（他に分類されないもの）(※「政治・経済・文化団体」，｢宗教」及び「外国公務」を除く。),00000,全国,2013000000,2013年,人
58700,008,正社員・正職員以外（事業従事者数のうち常用雇用者）,51470,88廃棄物処理業,00000,全国,2013000000,2013年,人
40300,008,正社員・正職員以外（事業従事者数のうち常用雇用者）,51480,881一般廃棄物処理業,00000,全国,2013000000,2013年,人
18400,008,正社員・正職員以外（事業従事者数のうち常用雇用者）,51490,88a他の廃棄物処理業,00000,全国,2013000000,2013年,人
23000,008,正社員・正職員以外（事業従事者数のうち常用雇用者）,51500,89自動車整備業,00000,全国,2013000000,2013年,人
30500,008,正社員・正職員以外（事業従事者数のうち常用雇用者）,51510,90機械等修理業（別掲を除く）,00000,全国,2013000000,2013年,人
15600,008,正社員・正職員以外（事業従事者数のうち常用雇用者）,51520,901機械修理業（電気機械器具を除く）,00000,全国,2013000000,2013年,人
10400,008,正社員・正職員以外（事業従事者数のうち常用雇用者）,51530,902電気機械器具修理業,00000,全国,2013000000,2013年,人
4600,008,正社員・正職員以外（事業従事者数のうち常用雇用者）,51540,90aその他の修理業（表具業を含む）,00000,全国,2013000000,2013年,人
110900,008,正社員・正職員以外（事業従事者数のうち常用雇用者）,51550,91職業紹介・労働者派遣業,00000,全国,2013000000,2013年,人
14700,008,正社員・正職員以外（事業従事者数のうち常用雇用者）,51560,911職業紹介業,00000,全国,2013000000,2013年,人
96200,008,正社員・正職員以外（事業従事者数のうち常用雇用者）,51570,912労働者派遣業,00000,全国,2013000000,2013年,人
1136500,008,正社員・正職員以外（事業従事者数のうち常用雇用者）,51580,92その他の事業サービス業,00000,全国,2013000000,2013年,人
4100,008,正社員・正職員以外（事業従事者数のうち常用雇用者）,51590,921速記・ワープロ入力・複写業,00000,全国,2013000000,2013年,人
599200,008,正社員・正職員以外（事業従事者数のうち常用雇用者）,51600,922建物サービス業,00000,全国,2013000000,2013年,人
171800,008,正社員・正職員以外（事業従事者数のうち常用雇用者）,51610,923警備業,00000,全国,2013000000,2013年,人
361300,008,正社員・正職員以外（事業従事者数のうち常用雇用者）,51620,929他に分類されない事業サービス業,00000,全国,2013000000,2013年,人
22200,008,正社員・正職員以外（事業従事者数のうち常用雇用者）,51630,95その他のサービス業,00000,全国,2013000000,2013年,人
17200,008,正社員・正職員以外（事業従事者数のうち常用雇用者）,51640,951集会場,00000,全国,2013000000,2013年,人
5000,008,正社員・正職員以外（事業従事者数のうち常用雇用者）,51650,95aと畜場，他に分類されないサービス業,00000,全国,2013000000,2013年,人
84000,008,正社員・正職員以外（事業従事者数のうち常用雇用者）,51660,その他,00000,全国,2013000000,2013年,人
1208000,009,臨時雇用者（事業従事者数）,50000,合計,00000,全国,2013000000,2013年,人
1195100,009,臨時雇用者（事業従事者数）,50010,サービス産業計（※「情報通信業」を除く。）,00000,全国,2013000000,2013年,人
106500,009,臨時雇用者（事業従事者数）,50030,Ｈ運輸業，郵便業,00000,全国,2013000000,2013年,人
1800,009,臨時雇用者（事業従事者数）,50060,42鉄道業,00000,全国,2013000000,2013年,人
9300,009,臨時雇用者（事業従事者数）,50080,43道路旅客運送業,00000,全国,2013000000,2013年,人
3700,009,臨時雇用者（事業従事者数）,50100,432一般乗用旅客自動車運送業,00000,全国,2013000000,2013年,人
5600,009,臨時雇用者（事業従事者数）,50120,43a他の道路旅客運送業,00000,全国,2013000000,2013年,人
62300,009,臨時雇用者（事業従事者数）,50140,44道路貨物運送業,00000,全国,2013000000,2013年,人
1000,009,臨時雇用者（事業従事者数）,50160,45水運業,00000,全国,2013000000,2013年,人
9300,009,臨時雇用者（事業従事者数）,50180,47倉庫業,00000,全国,2013000000,2013年,人
19500,009,臨時雇用者（事業従事者数）,50200,48運輸に附帯するサービス業,00000,全国,2013000000,2013年,人
3400,009,臨時雇用者（事業従事者数）,50220,4*航空運輸業，郵便業（信書便事業を含む）,00000,全国,2013000000,2013年,人
31400,009,臨時雇用者（事業従事者数）,50230,Ｋ不動産業，物品賃貸業,00000,全国,2013000000,2013年,人
7800,009,臨時雇用者（事業従事者数）,50260,68不動産取引業,00000,全国,2013000000,2013年,人
2000,009,臨時雇用者（事業従事者数）,50290,681建物売買業，土地売買業,00000,全国,2013000000,2013年,人
5700,009,臨時雇用者（事業従事者数）,50310,682不動産代理業・仲介業,00000,全国,2013000000,2013年,人
15000,009,臨時雇用者（事業従事者数）,50330,69不動産賃貸業・管理業,00000,全国,2013000000,2013年,人
3300,009,臨時雇用者（事業従事者数）,50350,691不動産賃貸業（貸家業，貸間業を除く）,00000,全国,2013000000,2013年,人
4600,009,臨時雇用者（事業従事者数）,50370,692貸家業，貸間業,00000,全国,2013000000,2013年,人
1500,009,臨時雇用者（事業従事者数）,50390,693駐車場業,00000,全国,2013000000,2013年,人
5600,009,臨時雇用者（事業従事者数）,50410,694不動産管理業,00000,全国,2013000000,2013年,人
8600,009,臨時雇用者（事業従事者数）,50430,70物品賃貸業,00000,全国,2013000000,2013年,人
900,009,臨時雇用者（事業従事者数）,50450,704自動車賃貸業,00000,全国,2013000000,2013年,人
7700,009,臨時雇用者（事業従事者数）,50470,70a他の物品賃貸業,00000,全国,2013000000,2013年,人
41900,009,臨時雇用者（事業従事者数）,50480,Ｌ学術研究，専門・技術サービス業(※「学術・開発研究機関」及び「純粋持株会社」を除く。),00000,全国,2013000000,2013年,人
15000,009,臨時雇用者（事業従事者数）,50510,72専門サービス業（他に分類されないもの）（※「純粋持株会社」を除く。）,00000,全国,2013000000,2013年,人
1600,009,臨時雇用者（事業従事者数）,50530,724公認会計士事務所，税理士事務所,00000,全国,2013000000,2013年,人
2400,009,臨時雇用者（事業従事者数）,50550,72*法律事務所等,00000,全国,2013000000,2013年,人
800,009,臨時雇用者（事業従事者数）,50570,721法律事務所，特許事務所,00000,全国,2013000000,2013年,人
1200,009,臨時雇用者（事業従事者数）,50590,722公証人役場，司法書士事務所，土地家屋調査士事務所,00000,全国,2013000000,2013年,人
200,009,臨時雇用者（事業従事者数）,50610,723行政書士事務所,00000,全国,2013000000,2013年,人
200,009,臨時雇用者（事業従事者数）,50630,725社会保険労務士事務所,00000,全国,2013000000,2013年,人
4500,009,臨時雇用者（事業従事者数）,50650,728経営コンサルタント業，純粋持株会社(※「純粋持株会社」を除く。),00000,全国,2013000000,2013年,人
6500,009,臨時雇用者（事業従事者数）,50670,72#デザイン業，著述･芸術家業，その他の専門サービス業,00000,全国,2013000000,2013年,人
1400,009,臨時雇用者（事業従事者数）,50680,726デザイン業,00000,全国,2013000000,2013年,人
400,009,臨時雇用者（事業従事者数）,50690,7291興信所,00000,全国,2013000000,2013年,人
4600,009,臨時雇用者（事業従事者数）,50700,72a他の専門サービス業,00000,全国,2013000000,2013年,人
3100,009,臨時雇用者（事業従事者数）,50710,73広告業,00000,全国,2013000000,2013年,人
23700,009,臨時雇用者（事業従事者数）,50720,74技術サービス業（他に分類されないもの）,00000,全国,2013000000,2013年,人
900,009,臨時雇用者（事業従事者数）,50730,741獣医業,00000,全国,2013000000,2013年,人
12000,009,臨時雇用者（事業従事者数）,50740,742土木建築サービス業,00000,全国,2013000000,2013年,人
7200,009,臨時雇用者（事業従事者数）,50750,7421建築設計業,00000,全国,2013000000,2013年,人
3500,009,臨時雇用者（事業従事者数）,50760,7422測量業,00000,全国,2013000000,2013年,人
1300,009,臨時雇用者（事業従事者数）,50770,7429その他の土木建築サービス業,00000,全国,2013000000,2013年,人
900,009,臨時雇用者（事業従事者数）,50780,743機械設計業,00000,全国,2013000000,2013年,人
1400,009,臨時雇用者（事業従事者数）,50790,744商品・非破壊検査業,00000,全国,2013000000,2013年,人
500,009,臨時雇用者（事業従事者数）,50800,745計量証明業,00000,全国,2013000000,2013年,人
5200,009,臨時雇用者（事業従事者数）,50810,746写真業,00000,全国,2013000000,2013年,人
2800,009,臨時雇用者（事業従事者数）,50820,749その他の技術サービス業,00000,全国,2013000000,2013年,人
363200,009,臨時雇用者（事業従事者数）,50830,Ｍ宿泊業，飲食サービス業,00000,全国,2013000000,2013年,人
62700,009,臨時雇用者（事業従事者数）,50840,75宿泊業,00000,全国,2013000000,2013年,人
281100,009,臨時雇用者（事業従事者数）,50850,76飲食店,00000,全国,2013000000,2013年,人
25400,009,臨時雇用者（事業従事者数）,50860,761食堂，レストラン（専門料理店を除く）,00000,全国,2013000000,2013年,人
99000,009,臨時雇用者（事業従事者数）,50870,762専門料理店,00000,全国,2013000000,2013年,人
28100,009,臨時雇用者（事業従事者数）,50880,7621日本料理店,00000,全国,2013000000,2013年,人
22500,009,臨時雇用者（事業従事者数）,50890,762a中華料理店，ラーメン店,00000,全国,2013000000,2013年,人
48300,009,臨時雇用者（事業従事者数）,50900,762b他の専門料理店,00000,全国,2013000000,2013年,人
20700,009,臨時雇用者（事業従事者数）,50910,76aそば・うどん店，すし店,00000,全国,2013000000,2013年,人
136100,009,臨時雇用者（事業従事者数）,50920,76b他の飲食店,00000,全国,2013000000,2013年,人
19400,009,臨時雇用者（事業従事者数）,50930,77持ち帰り・配達飲食サービス業,00000,全国,2013000000,2013年,人
164500,009,臨時雇用者（事業従事者数）,50940,Ｎ生活関連サービス業，娯楽業(※「家事サービス業」を除く。),00000,全国,2013000000,2013年,人
35800,009,臨時雇用者（事業従事者数）,50950,78洗濯・理容・美容・浴場業,00000,全国,2013000000,2013年,人
11700,009,臨時雇用者（事業従事者数）,50960,781洗濯業,00000,全国,2013000000,2013年,人
3300,009,臨時雇用者（事業従事者数）,50970,782理容業,00000,全国,2013000000,2013年,人
7900,009,臨時雇用者（事業従事者数）,50980,783美容業,00000,全国,2013000000,2013年,人
12900,009,臨時雇用者（事業従事者数）,50990,78a他の洗濯・理容・美容・浴場業,00000,全国,2013000000,2013年,人
37000,009,臨時雇用者（事業従事者数）,51000,79その他の生活関連サービス業(※「家事サービス業」を除く。),00000,全国,2013000000,2013年,人
2900,009,臨時雇用者（事業従事者数）,51010,791旅行業,00000,全国,2013000000,2013年,人
18900,009,臨時雇用者（事業従事者数）,51020,796冠婚葬祭業,00000,全国,2013000000,2013年,人
6900,009,臨時雇用者（事業従事者数）,51030,7961葬儀業,00000,全国,2013000000,2013年,人
12000,009,臨時雇用者（事業従事者数）,51040,796a他の冠婚葬祭業,00000,全国,2013000000,2013年,人
11700,009,臨時雇用者（事業従事者数）,51050,7962結婚式場業,00000,全国,2013000000,2013年,人
300,009,臨時雇用者（事業従事者数）,51060,7963冠婚葬祭互助会,00000,全国,2013000000,2013年,人
15200,009,臨時雇用者（事業従事者数）,51070,79a他の生活関連サービス業,00000,全国,2013000000,2013年,人
91700,009,臨時雇用者（事業従事者数）,51080,80娯楽業,00000,全国,2013000000,2013年,人
200,009,臨時雇用者（事業従事者数）,51090,801映画館,00000,全国,2013000000,2013年,人
4200,009,臨時雇用者（事業従事者数）,51100,802興行場（別掲を除く），興行団,00000,全国,2013000000,2013年,人
18200,009,臨時雇用者（事業従事者数）,51110,803競輪・競馬等の競走場，競技団,00000,全国,2013000000,2013年,人
35600,009,臨時雇用者（事業従事者数）,51120,804スポーツ施設提供業,00000,全国,2013000000,2013年,人
9700,009,臨時雇用者（事業従事者数）,51130,8043ゴルフ場,00000,全国,2013000000,2013年,人
2300,009,臨時雇用者（事業従事者数）,51140,8044ゴルフ練習場,00000,全国,2013000000,2013年,人
300,009,臨時雇用者（事業従事者数）,51150,8045ボウリング場,00000,全国,2013000000,2013年,人
16100,009,臨時雇用者（事業従事者数）,51160,8048フィットネスクラブ,00000,全国,2013000000,2013年,人
7200,009,臨時雇用者（事業従事者数）,51170,804a他のスポーツ施設提供業,00000,全国,2013000000,2013年,人
14900,009,臨時雇用者（事業従事者数）,51180,805公園，遊園地,00000,全国,2013000000,2013年,人
11700,009,臨時雇用者（事業従事者数）,51190,806遊戯場,00000,全国,2013000000,2013年,人
7900,009,臨時雇用者（事業従事者数）,51200,8064パチンコホール,00000,全国,2013000000,2013年,人
3800,009,臨時雇用者（事業従事者数）,51210,806a他の遊戯場,00000,全国,2013000000,2013年,人
6800,009,臨時雇用者（事業従事者数）,51220,809その他の娯楽業,00000,全国,2013000000,2013年,人
77000,009,臨時雇用者（事業従事者数）,51230,Ｏ教育，学習支援業(※「学校教育」を除く。),00000,全国,2013000000,2013年,人
77000,009,臨時雇用者（事業従事者数）,51240,82その他の教育，学習支援業,00000,全国,2013000000,2013年,人
11000,009,臨時雇用者（事業従事者数）,51250,82a社会教育，職業・教育支援施設,00000,全国,2013000000,2013年,人
8600,009,臨時雇用者（事業従事者数）,51260,821社会教育,00000,全国,2013000000,2013年,人
2400,009,臨時雇用者（事業従事者数）,51270,822職業・教育支援施設,00000,全国,2013000000,2013年,人
61900,009,臨時雇用者（事業従事者数）,51280,82b学習塾，教養・技能教授業,00000,全国,2013000000,2013年,人
40000,009,臨時雇用者（事業従事者数）,51290,823学習塾,00000,全国,2013000000,2013年,人
21800,009,臨時雇用者（事業従事者数）,51300,824教養・技能教授業,00000,全国,2013000000,2013年,人
3200,009,臨時雇用者（事業従事者数）,51310,8245外国語会話教授業,00000,全国,2013000000,2013年,人
18600,009,臨時雇用者（事業従事者数）,51320,824a他の教養・技能教授業,00000,全国,2013000000,2013年,人
4200,009,臨時雇用者（事業従事者数）,51330,829他に分類されない教育，学習支援業,00000,全国,2013000000,2013年,人
212100,009,臨時雇用者（事業従事者数）,51340,"Ｐ医療，福祉(＊「保健所」,「社会保険事業団体」及び「福祉事務所」を除く。)",00000,全国,2013000000,2013年,人
88200,009,臨時雇用者（事業従事者数）,51350,83医療業,00000,全国,2013000000,2013年,人
40400,009,臨時雇用者（事業従事者数）,51360,831病院,00000,全国,2013000000,2013年,人
27700,009,臨時雇用者（事業従事者数）,51370,832一般診療所,00000,全国,2013000000,2013年,人
9100,009,臨時雇用者（事業従事者数）,51380,833歯科診療所,00000,全国,2013000000,2013年,人
11000,009,臨時雇用者（事業従事者数）,51390,83a他の医療業,00000,全国,2013000000,2013年,人
11500,009,臨時雇用者（事業従事者数）,51400,84保健衛生(＊「保健所」を除く。),00000,全国,2013000000,2013年,人
112500,009,臨時雇用者（事業従事者数）,51410,85社会保険・社会福祉・介護事業(※「社会保険事業団体」及び「福祉事務所」を除く。),00000,全国,2013000000,2013年,人
56900,009,臨時雇用者（事業従事者数）,51420,854老人福祉・介護事業,00000,全国,2013000000,2013年,人
37900,009,臨時雇用者（事業従事者数）,51430,854a通所・短期入所介護事業，訪問介護事業,00000,全国,2013000000,2013年,人
19000,009,臨時雇用者（事業従事者数）,51440,854b他の老人福祉・介護事業,00000,全国,2013000000,2013年,人
55600,009,臨時雇用者（事業従事者数）,51450,85a他の社会保険・社会福祉・介護事業,00000,全国,2013000000,2013年,人
198500,009,臨時雇用者（事業従事者数）,51460,Ｒサービス業（他に分類されないもの）(※「政治・経済・文化団体」，｢宗教」及び「外国公務」を除く。),00000,全国,2013000000,2013年,人
7500,009,臨時雇用者（事業従事者数）,51470,88廃棄物処理業,00000,全国,2013000000,2013年,人
5100,009,臨時雇用者（事業従事者数）,51480,881一般廃棄物処理業,00000,全国,2013000000,2013年,人
2300,009,臨時雇用者（事業従事者数）,51490,88a他の廃棄物処理業,00000,全国,2013000000,2013年,人
4000,009,臨時雇用者（事業従事者数）,51500,89自動車整備業,00000,全国,2013000000,2013年,人
6700,009,臨時雇用者（事業従事者数）,51510,90機械等修理業（別掲を除く）,00000,全国,2013000000,2013年,人
5000,009,臨時雇用者（事業従事者数）,51520,901機械修理業（電気機械器具を除く）,00000,全国,2013000000,2013年,人
1100,009,臨時雇用者（事業従事者数）,51530,902電気機械器具修理業,00000,全国,2013000000,2013年,人
500,009,臨時雇用者（事業従事者数）,51540,90aその他の修理業（表具業を含む）,00000,全国,2013000000,2013年,人
33400,009,臨時雇用者（事業従事者数）,51550,91職業紹介・労働者派遣業,00000,全国,2013000000,2013年,人
6800,009,臨時雇用者（事業従事者数）,51560,911職業紹介業,00000,全国,2013000000,2013年,人
26600,009,臨時雇用者（事業従事者数）,51570,912労働者派遣業,00000,全国,2013000000,2013年,人
144400,009,臨時雇用者（事業従事者数）,51580,92その他の事業サービス業,00000,全国,2013000000,2013年,人
800,009,臨時雇用者（事業従事者数）,51590,921速記・ワープロ入力・複写業,00000,全国,2013000000,2013年,人
58000,009,臨時雇用者（事業従事者数）,51600,922建物サービス業,00000,全国,2013000000,2013年,人
29700,009,臨時雇用者（事業従事者数）,51610,923警備業,00000,全国,2013000000,2013年,人
55900,009,臨時雇用者（事業従事者数）,51620,929他に分類されない事業サービス業,00000,全国,2013000000,2013年,人
2500,009,臨時雇用者（事業従事者数）,51630,95その他のサービス業,00000,全国,2013000000,2013年,人
2200,009,臨時雇用者（事業従事者数）,51640,951集会場,00000,全国,2013000000,2013年,人
300,009,臨時雇用者（事業従事者数）,51650,95aと畜場，他に分類されないサービス業,00000,全国,2013000000,2013年,人
12900,009,臨時雇用者（事業従事者数）,51660,その他,00000,全国,2013000000,2013年,人
633900,011,別経営の事業所・企業等出向・派遣（事業従事者数）,50000,合計,00000,全国,2013000000,2013年,人
614000,011,別経営の事業所・企業等出向・派遣（事業従事者数）,50010,サービス産業計（※「情報通信業」を除く。）,00000,全国,2013000000,2013年,人
110100,011,別経営の事業所・企業等出向・派遣（事業従事者数）,50030,Ｈ運輸業，郵便業,00000,全国,2013000000,2013年,人
4200,011,別経営の事業所・企業等出向・派遣（事業従事者数）,50060,42鉄道業,00000,全国,2013000000,2013年,人
5700,011,別経営の事業所・企業等出向・派遣（事業従事者数）,50080,43道路旅客運送業,00000,全国,2013000000,2013年,人
1600,011,別経営の事業所・企業等出向・派遣（事業従事者数）,50100,432一般乗用旅客自動車運送業,00000,全国,2013000000,2013年,人
4100,011,別経営の事業所・企業等出向・派遣（事業従事者数）,50120,43a他の道路旅客運送業,00000,全国,2013000000,2013年,人
42600,011,別経営の事業所・企業等出向・派遣（事業従事者数）,50140,44道路貨物運送業,00000,全国,2013000000,2013年,人
2300,011,別経営の事業所・企業等出向・派遣（事業従事者数）,50160,45水運業,00000,全国,2013000000,2013年,人
19800,011,別経営の事業所・企業等出向・派遣（事業従事者数）,50180,47倉庫業,00000,全国,2013000000,2013年,人
32000,011,別経営の事業所・企業等出向・派遣（事業従事者数）,50200,48運輸に附帯するサービス業,00000,全国,2013000000,2013年,人
3400,011,別経営の事業所・企業等出向・派遣（事業従事者数）,50220,4*航空運輸業，郵便業（信書便事業を含む）,00000,全国,2013000000,2013年,人
41400,011,別経営の事業所・企業等出向・派遣（事業従事者数）,50230,Ｋ不動産業，物品賃貸業,00000,全国,2013000000,2013年,人
8100,011,別経営の事業所・企業等出向・派遣（事業従事者数）,50260,68不動産取引業,00000,全国,2013000000,2013年,人
4800,011,別経営の事業所・企業等出向・派遣（事業従事者数）,50290,681建物売買業，土地売買業,00000,全国,2013000000,2013年,人
3300,011,別経営の事業所・企業等出向・派遣（事業従事者数）,50310,682不動産代理業・仲介業,00000,全国,2013000000,2013年,人
21500,011,別経営の事業所・企業等出向・派遣（事業従事者数）,50330,69不動産賃貸業・管理業,00000,全国,2013000000,2013年,人
7900,011,別経営の事業所・企業等出向・派遣（事業従事者数）,50350,691不動産賃貸業（貸家業，貸間業を除く）,00000,全国,2013000000,2013年,人
2900,011,別経営の事業所・企業等出向・派遣（事業従事者数）,50370,692貸家業，貸間業,00000,全国,2013000000,2013年,人
2000,011,別経営の事業所・企業等出向・派遣（事業従事者数）,50390,693駐車場業,00000,全国,2013000000,2013年,人
8600,011,別経営の事業所・企業等出向・派遣（事業従事者数）,50410,694不動産管理業,00000,全国,2013000000,2013年,人
11800,011,別経営の事業所・企業等出向・派遣（事業従事者数）,50430,70物品賃貸業,00000,全国,2013000000,2013年,人
2100,011,別経営の事業所・企業等出向・派遣（事業従事者数）,50450,704自動車賃貸業,00000,全国,2013000000,2013年,人
9700,011,別経営の事業所・企業等出向・派遣（事業従事者数）,50470,70a他の物品賃貸業,00000,全国,2013000000,2013年,人
65100,011,別経営の事業所・企業等出向・派遣（事業従事者数）,50480,Ｌ学術研究，専門・技術サービス業(※「学術・開発研究機関」及び「純粋持株会社」を除く。),00000,全国,2013000000,2013年,人
15400,011,別経営の事業所・企業等出向・派遣（事業従事者数）,50510,72専門サービス業（他に分類されないもの）（※「純粋持株会社」を除く。）,00000,全国,2013000000,2013年,人
1300,011,別経営の事業所・企業等出向・派遣（事業従事者数）,50530,724公認会計士事務所，税理士事務所,00000,全国,2013000000,2013年,人
1800,011,別経営の事業所・企業等出向・派遣（事業従事者数）,50550,72*法律事務所等,00000,全国,2013000000,2013年,人
1600,011,別経営の事業所・企業等出向・派遣（事業従事者数）,50570,721法律事務所，特許事務所,00000,全国,2013000000,2013年,人
100,011,別経営の事業所・企業等出向・派遣（事業従事者数）,50590,722公証人役場，司法書士事務所，土地家屋調査士事務所,00000,全国,2013000000,2013年,人
200,011,別経営の事業所・企業等出向・派遣（事業従事者数）,50610,723行政書士事務所,00000,全国,2013000000,2013年,人
0,011,別経営の事業所・企業等出向・派遣（事業従事者数）,50630,725社会保険労務士事務所,00000,全国,2013000000,2013年,人
3600,011,別経営の事業所・企業等出向・派遣（事業従事者数）,50650,728経営コンサルタント業，純粋持株会社(※「純粋持株会社」を除く。),00000,全国,2013000000,2013年,人
8700,011,別経営の事業所・企業等出向・派遣（事業従事者数）,50670,72#デザイン業，著述･芸術家業，その他の専門サービス業,00000,全国,2013000000,2013年,人
700,011,別経営の事業所・企業等出向・派遣（事業従事者数）,50680,726デザイン業,00000,全国,2013000000,2013年,人
200,011,別経営の事業所・企業等出向・派遣（事業従事者数）,50690,7291興信所,00000,全国,2013000000,2013年,人
7800,011,別経営の事業所・企業等出向・派遣（事業従事者数）,50700,72a他の専門サービス業,00000,全国,2013000000,2013年,人
6800,011,別経営の事業所・企業等出向・派遣（事業従事者数）,50710,73広告業,00000,全国,2013000000,2013年,人
42900,011,別経営の事業所・企業等出向・派遣（事業従事者数）,50720,74技術サービス業（他に分類されないもの）,00000,全国,2013000000,2013年,人
300,011,別経営の事業所・企業等出向・派遣（事業従事者数）,50730,741獣医業,00000,全国,2013000000,2013年,人
14600,011,別経営の事業所・企業等出向・派遣（事業従事者数）,50740,742土木建築サービス業,00000,全国,2013000000,2013年,人
12800,011,別経営の事業所・企業等出向・派遣（事業従事者数）,50750,7421建築設計業,00000,全国,2013000000,2013年,人
700,011,別経営の事業所・企業等出向・派遣（事業従事者数）,50760,7422測量業,00000,全国,2013000000,2013年,人
1000,011,別経営の事業所・企業等出向・派遣（事業従事者数）,50770,7429その他の土木建築サービス業,00000,全国,2013000000,2013年,人
8400,011,別経営の事業所・企業等出向・派遣（事業従事者数）,50780,743機械設計業,00000,全国,2013000000,2013年,人
2200,011,別経営の事業所・企業等出向・派遣（事業従事者数）,50790,744商品・非破壊検査業,00000,全国,2013000000,2013年,人
2400,011,別経営の事業所・企業等出向・派遣（事業従事者数）,50800,745計量証明業,00000,全国,2013000000,2013年,人
400,011,別経営の事業所・企業等出向・派遣（事業従事者数）,50810,746写真業,00000,全国,2013000000,2013年,人
14700,011,別経営の事業所・企業等出向・派遣（事業従事者数）,50820,749その他の技術サービス業,00000,全国,2013000000,2013年,人
57400,011,別経営の事業所・企業等出向・派遣（事業従事者数）,50830,Ｍ宿泊業，飲食サービス業,00000,全国,2013000000,2013年,人
28000,011,別経営の事業所・企業等出向・派遣（事業従事者数）,50840,75宿泊業,00000,全国,2013000000,2013年,人
22700,011,別経営の事業所・企業等出向・派遣（事業従事者数）,50850,76飲食店,00000,全国,2013000000,2013年,人
2700,011,別経営の事業所・企業等出向・派遣（事業従事者数）,50860,761食堂，レストラン（専門料理店を除く）,00000,全国,2013000000,2013年,人
8600,011,別経営の事業所・企業等出向・派遣（事業従事者数）,50870,762専門料理店,00000,全国,2013000000,2013年,人
4100,011,別経営の事業所・企業等出向・派遣（事業従事者数）,50880,7621日本料理店,00000,全国,2013000000,2013年,人
1200,011,別経営の事業所・企業等出向・派遣（事業従事者数）,50890,762a中華料理店，ラーメン店,00000,全国,2013000000,2013年,人
3300,011,別経営の事業所・企業等出向・派遣（事業従事者数）,50900,762b他の専門料理店,00000,全国,2013000000,2013年,人
2000,011,別経営の事業所・企業等出向・派遣（事業従事者数）,50910,76aそば・うどん店，すし店,00000,全国,2013000000,2013年,人
9400,011,別経営の事業所・企業等出向・派遣（事業従事者数）,50920,76b他の飲食店,00000,全国,2013000000,2013年,人
6800,011,別経営の事業所・企業等出向・派遣（事業従事者数）,50930,77持ち帰り・配達飲食サービス業,00000,全国,2013000000,2013年,人
76800,011,別経営の事業所・企業等出向・派遣（事業従事者数）,50940,Ｎ生活関連サービス業，娯楽業(※「家事サービス業」を除く。),00000,全国,2013000000,2013年,人
13900,011,別経営の事業所・企業等出向・派遣（事業従事者数）,50950,78洗濯・理容・美容・浴場業,00000,全国,2013000000,2013年,人
5600,011,別経営の事業所・企業等出向・派遣（事業従事者数）,50960,781洗濯業,00000,全国,2013000000,2013年,人
700,011,別経営の事業所・企業等出向・派遣（事業従事者数）,50970,782理容業,00000,全国,2013000000,2013年,人
4000,011,別経営の事業所・企業等出向・派遣（事業従事者数）,50980,783美容業,00000,全国,2013000000,2013年,人
3500,011,別経営の事業所・企業等出向・派遣（事業従事者数）,50990,78a他の洗濯・理容・美容・浴場業,00000,全国,2013000000,2013年,人
17100,011,別経営の事業所・企業等出向・派遣（事業従事者数）,51000,79その他の生活関連サービス業(※「家事サービス業」を除く。),00000,全国,2013000000,2013年,人
4600,011,別経営の事業所・企業等出向・派遣（事業従事者数）,51010,791旅行業,00000,全国,2013000000,2013年,人
8300,011,別経営の事業所・企業等出向・派遣（事業従事者数）,51020,796冠婚葬祭業,00000,全国,2013000000,2013年,人
4100,011,別経営の事業所・企業等出向・派遣（事業従事者数）,51030,7961葬儀業,00000,全国,2013000000,2013年,人
4200,011,別経営の事業所・企業等出向・派遣（事業従事者数）,51040,796a他の冠婚葬祭業,00000,全国,2013000000,2013年,人
4000,011,別経営の事業所・企業等出向・派遣（事業従事者数）,51050,7962結婚式場業,00000,全国,2013000000,2013年,人
200,011,別経営の事業所・企業等出向・派遣（事業従事者数）,51060,7963冠婚葬祭互助会,00000,全国,2013000000,2013年,人
4200,011,別経営の事業所・企業等出向・派遣（事業従事者数）,51070,79a他の生活関連サービス業,00000,全国,2013000000,2013年,人
45800,011,別経営の事業所・企業等出向・派遣（事業従事者数）,51080,80娯楽業,00000,全国,2013000000,2013年,人
0,011,別経営の事業所・企業等出向・派遣（事業従事者数）,51090,801映画館,00000,全国,2013000000,2013年,人
3400,011,別経営の事業所・企業等出向・派遣（事業従事者数）,51100,802興行場（別掲を除く），興行団,00000,全国,2013000000,2013年,人
2200,011,別経営の事業所・企業等出向・派遣（事業従事者数）,51110,803競輪・競馬等の競走場，競技団,00000,全国,2013000000,2013年,人
16600,011,別経営の事業所・企業等出向・派遣（事業従事者数）,51120,804スポーツ施設提供業,00000,全国,2013000000,2013年,人
9900,011,別経営の事業所・企業等出向・派遣（事業従事者数）,51130,8043ゴルフ場,00000,全国,2013000000,2013年,人
1200,011,別経営の事業所・企業等出向・派遣（事業従事者数）,51140,8044ゴルフ練習場,00000,全国,2013000000,2013年,人
100,011,別経営の事業所・企業等出向・派遣（事業従事者数）,51150,8045ボウリング場,00000,全国,2013000000,2013年,人
2100,011,別経営の事業所・企業等出向・派遣（事業従事者数）,51160,8048フィットネスクラブ,00000,全国,2013000000,2013年,人
3400,011,別経営の事業所・企業等出向・派遣（事業従事者数）,51170,804a他のスポーツ施設提供業,00000,全国,2013000000,2013年,人
2000,011,別経営の事業所・企業等出向・派遣（事業従事者数）,51180,805公園，遊園地,00000,全国,2013000000,2013年,人
20600,011,別経営の事業所・企業等出向・派遣（事業従事者数）,51190,806遊戯場,00000,全国,2013000000,2013年,人
19500,011,別経営の事業所・企業等出向・派遣（事業従事者数）,51200,8064パチンコホール,00000,全国,2013000000,2013年,人
1100,011,別経営の事業所・企業等出向・派遣（事業従事者数）,51210,806a他の遊戯場,00000,全国,2013000000,2013年,人
900,011,別経営の事業所・企業等出向・派遣（事業従事者数）,51220,809その他の娯楽業,00000,全国,2013000000,2013年,人
24500,011,別経営の事業所・企業等出向・派遣（事業従事者数）,51230,Ｏ教育，学習支援業(※「学校教育」を除く。),00000,全国,2013000000,2013年,人
24500,011,別経営の事業所・企業等出向・派遣（事業従事者数）,51240,82その他の教育，学習支援業,00000,全国,2013000000,2013年,人
6800,011,別経営の事業所・企業等出向・派遣（事業従事者数）,51250,82a社会教育，職業・教育支援施設,00000,全国,2013000000,2013年,人
4200,011,別経営の事業所・企業等出向・派遣（事業従事者数）,51260,821社会教育,00000,全国,2013000000,2013年,人
2600,011,別経営の事業所・企業等出向・派遣（事業従事者数）,51270,822職業・教育支援施設,00000,全国,2013000000,2013年,人
15300,011,別経営の事業所・企業等出向・派遣（事業従事者数）,51280,82b学習塾，教養・技能教授業,00000,全国,2013000000,2013年,人
2600,011,別経営の事業所・企業等出向・派遣（事業従事者数）,51290,823学習塾,00000,全国,2013000000,2013年,人
12700,011,別経営の事業所・企業等出向・派遣（事業従事者数）,51300,824教養・技能教授業,00000,全国,2013000000,2013年,人
1800,011,別経営の事業所・企業等出向・派遣（事業従事者数）,51310,8245外国語会話教授業,00000,全国,2013000000,2013年,人
10900,011,別経営の事業所・企業等出向・派遣（事業従事者数）,51320,824a他の教養・技能教授業,00000,全国,2013000000,2013年,人
2400,011,別経営の事業所・企業等出向・派遣（事業従事者数）,51330,829他に分類されない教育，学習支援業,00000,全国,2013000000,2013年,人
97800,011,別経営の事業所・企業等出向・派遣（事業従事者数）,51340,"Ｐ医療，福祉(＊「保健所」,「社会保険事業団体」及び「福祉事務所」を除く。)",00000,全国,2013000000,2013年,人
62800,011,別経営の事業所・企業等出向・派遣（事業従事者数）,51350,83医療業,00000,全国,2013000000,2013年,人
44400,011,別経営の事業所・企業等出向・派遣（事業従事者数）,51360,831病院,00000,全国,2013000000,2013年,人
12100,011,別経営の事業所・企業等出向・派遣（事業従事者数）,51370,832一般診療所,00000,全国,2013000000,2013年,人
2400,011,別経営の事業所・企業等出向・派遣（事業従事者数）,51380,833歯科診療所,00000,全国,2013000000,2013年,人
3900,011,別経営の事業所・企業等出向・派遣（事業従事者数）,51390,83a他の医療業,00000,全国,2013000000,2013年,人
2300,011,別経営の事業所・企業等出向・派遣（事業従事者数）,51400,84保健衛生(＊「保健所」を除く。),00000,全国,2013000000,2013年,人
32700,011,別経営の事業所・企業等出向・派遣（事業従事者数）,51410,85社会保険・社会福祉・介護事業(※「社会保険事業団体」及び「福祉事務所」を除く。),00000,全国,2013000000,2013年,人
18300,011,別経営の事業所・企業等出向・派遣（事業従事者数）,51420,854老人福祉・介護事業,00000,全国,2013000000,2013年,人
7700,011,別経営の事業所・企業等出向・派遣（事業従事者数）,51430,854a通所・短期入所介護事業，訪問介護事業,00000,全国,2013000000,2013年,人
10600,011,別経営の事業所・企業等出向・派遣（事業従事者数）,51440,854b他の老人福祉・介護事業,00000,全国,2013000000,2013年,人
14400,011,別経営の事業所・企業等出向・派遣（事業従事者数）,51450,85a他の社会保険・社会福祉・介護事業,00000,全国,2013000000,2013年,人
140700,011,別経営の事業所・企業等出向・派遣（事業従事者数）,51460,Ｒサービス業（他に分類されないもの）(※「政治・経済・文化団体」，｢宗教」及び「外国公務」を除く。),00000,全国,2013000000,2013年,人
12500,011,別経営の事業所・企業等出向・派遣（事業従事者数）,51470,88廃棄物処理業,00000,全国,2013000000,2013年,人
8200,011,別経営の事業所・企業等出向・派遣（事業従事者数）,51480,881一般廃棄物処理業,00000,全国,2013000000,2013年,人
4300,011,別経営の事業所・企業等出向・派遣（事業従事者数）,51490,88a他の廃棄物処理業,00000,全国,2013000000,2013年,人
3200,011,別経営の事業所・企業等出向・派遣（事業従事者数）,51500,89自動車整備業,00000,全国,2013000000,2013年,人
15100,011,別経営の事業所・企業等出向・派遣（事業従事者数）,51510,90機械等修理業（別掲を除く）,00000,全国,2013000000,2013年,人
8600,011,別経営の事業所・企業等出向・派遣（事業従事者数）,51520,901機械修理業（電気機械器具を除く）,00000,全国,2013000000,2013年,人
5600,011,別経営の事業所・企業等出向・派遣（事業従事者数）,51530,902電気機械器具修理業,00000,全国,2013000000,2013年,人
900,011,別経営の事業所・企業等出向・派遣（事業従事者数）,51540,90aその他の修理業（表具業を含む）,00000,全国,2013000000,2013年,人
10300,011,別経営の事業所・企業等出向・派遣（事業従事者数）,51550,91職業紹介・労働者派遣業,00000,全国,2013000000,2013年,人
1200,011,別経営の事業所・企業等出向・派遣（事業従事者数）,51560,911職業紹介業,00000,全国,2013000000,2013年,人
9100,011,別経営の事業所・企業等出向・派遣（事業従事者数）,51570,912労働者派遣業,00000,全国,2013000000,2013年,人
97700,011,別経営の事業所・企業等出向・派遣（事業従事者数）,51580,92その他の事業サービス業,00000,全国,2013000000,2013年,人
600,011,別経営の事業所・企業等出向・派遣（事業従事者数）,51590,921速記・ワープロ入力・複写業,00000,全国,2013000000,2013年,人
17500,011,別経営の事業所・企業等出向・派遣（事業従事者数）,51600,922建物サービス業,00000,全国,2013000000,2013年,人
4300,011,別経営の事業所・企業等出向・派遣（事業従事者数）,51610,923警備業,00000,全国,2013000000,2013年,人
75300,011,別経営の事業所・企業等出向・派遣（事業従事者数）,51620,929他に分類されない事業サービス業,00000,全国,2013000000,2013年,人
1800,011,別経営の事業所・企業等出向・派遣（事業従事者数）,51630,95その他のサービス業,00000,全国,2013000000,2013年,人
1400,011,別経営の事業所・企業等出向・派遣（事業従事者数）,51640,951集会場,00000,全国,2013000000,2013年,人
400,011,別経営の事業所・企業等出向・派遣（事業従事者数）,51650,95aと畜場，他に分類されないサービス業,00000,全国,2013000000,2013年,人
19900,011,別経営の事業所・企業等出向・派遣（事業従事者数）,51660,その他,00000,全国,2013000000,2013年,人
